symbol,status,status_reason,exchange,security_name,price_last_date,status_changed_on
A,active,listed_common_stock_with_current_price,NYSE,"Agilent Technologies, Inc. Common Stock",2026-08-04,2026-08-05
AA,active,listed_common_stock_with_current_price,NYSE,Alcoa Corporation Common Stock,2026-08-04,2026-08-05
AACG,active,listed_common_stock_with_current_price,NASDAQ,"ATA Creativity Global - American Depositary Shares, each representing two common shares",2026-08-04,2026-08-05
AAL,active,listed_common_stock_with_current_price,NASDAQ,"American Airlines Group, Inc. - Common Stock",2026-08-04,2026-08-05
AAME,active,listed_common_stock_with_current_price,NASDAQ,Atlantic American Corporation - Common Stock,2026-08-04,2026-08-05
AAMI,active,listed_common_stock_with_current_price,NYSE,Acadian Asset Management Inc. Common Stock,2026-08-04,2026-08-05
AAOI,active,listed_common_stock_with_current_price,NASDAQ,"Applied Optoelectronics, Inc. - Common Stock",2026-08-04,2026-08-05
AAON,active,listed_common_stock_with_current_price,NASDAQ,"AAON, Inc. - Common Stock",2026-08-04,2026-08-05
AAP,active,listed_common_stock_with_current_price,NYSE,Advance Auto Parts Inc.,2026-08-04,2026-08-05
AAPL,active,listed_common_stock_with_current_price,NASDAQ,Apple Inc. - Common Stock,2026-08-04,2026-08-05
AAT,active,listed_common_stock_with_current_price,NYSE,"American Assets Trust, Inc. Common Stock",2026-08-04,2026-08-05
AB,inactive,non_common_stock:obvious_non_common_title,NYSE,AllianceBernstein Holding L.P.  Units,2026-08-04,2026-08-05
ABBV,active,listed_common_stock_with_current_price,NYSE,AbbVie Inc. Common Stock,2026-08-04,2026-08-05
ABCB,active,listed_common_stock_with_current_price,NYSE,Ameris Bancorp Common Stock,2026-08-04,2026-08-05
ABCL,active,listed_common_stock_with_current_price,NASDAQ,AbCellera Biologics Inc. - Common Shares,2026-08-04,2026-08-05
ABEO,active,listed_common_stock_with_current_price,NASDAQ,Abeona Therapeutics Inc. - Common Stock,2026-08-04,2026-08-05
ABEV,active,listed_common_stock_with_current_price,NYSE,Ambev S.A. American Depositary Shares (Each representing 1 Common Share),2026-08-04,2026-08-05
ABG,active,listed_common_stock_with_current_price,NYSE,Asbury Automotive Group Inc Common Stock,2026-08-04,2026-08-05
ABLV,active,listed_common_stock_with_current_price,NASDAQ,Able View Global Inc. - Class B Ordinary Shares,2026-08-04,2026-08-05
ABM,active,listed_common_stock_with_current_price,NYSE,ABM Industries Incorporated Common Stock,2026-08-04,2026-08-05
ABNB,active,listed_common_stock_with_current_price,NASDAQ,"Airbnb, Inc. - Class A Common Stock",2026-08-04,2026-08-05
ABOS,active,listed_common_stock_with_current_price,NASDAQ,"Acumen Pharmaceuticals, Inc. - Common Stock",2026-08-04,2026-08-05
ABPWW,inactive,not_in_current_exchange_directories,,,2026-02-19,2026-08-05
ABR,active,listed_common_stock_with_current_price,NYSE,Arbor Realty Trust Common Stock,2026-08-04,2026-08-05
ABSI,active,listed_common_stock_with_current_price,NASDAQ,Absci Corporation - Common Stock,2026-08-04,2026-08-05
ABT,active,listed_common_stock_with_current_price,NYSE,Abbott Laboratories Common Stock,2026-08-04,2026-08-05
ABTS,active,listed_common_stock_with_current_price,NASDAQ,Abits Group Inc - Ordinary Shares,2026-08-04,2026-08-05
ABUS,active,listed_common_stock_with_current_price,NASDAQ,Arbutus Biopharma Corporation - Common Stock,2026-08-04,2026-08-05
ABVC,active,listed_common_stock_with_current_price,NASDAQ,"ABVC BioPharma, Inc. - Common Stock",2026-08-04,2026-08-05
ACA,active,listed_common_stock_with_current_price,NYSE,"Arcosa, Inc. Common Stock",2026-08-04,2026-08-05
ACAD,active,listed_common_stock_with_current_price,NASDAQ,ACADIA Pharmaceuticals Inc. - Common Stock,2026-08-04,2026-08-05
ACAT,inactive,not_in_current_exchange_directories,,,2026-08-03,2026-08-05
ACB,active,listed_common_stock_with_current_price,NASDAQ,Aurora Cannabis Inc. - Common Shares,2026-08-04,2026-08-05
ACCL,active,listed_common_stock_with_current_price,NASDAQ,Acco Group Holdings Limited - Class A Ordinary Shares,2026-08-04,2026-08-05
ACCO,active,listed_common_stock_with_current_price,NYSE,Acco Brands Corporation Common Stock,2026-08-04,2026-08-05
ACCS,active,listed_common_stock_with_current_price,NYSE American,ACCESS Newswire Inc. Common Stock,2026-08-04,2026-08-05
ACDC,active,listed_common_stock_with_current_price,NASDAQ,ProFrac Holding Corp. - Class A Common Stock,2026-08-04,2026-08-05
ACEL,active,listed_common_stock_with_current_price,NYSE,"Accel Entertainment, Inc.",2026-08-04,2026-08-05
ACET,active,listed_common_stock_with_current_price,NASDAQ,"Adicet Bio, Inc. - Common Stock",2026-08-04,2026-08-05
ACGL,active,listed_common_stock_with_current_price,NASDAQ,Arch Capital Group Ltd. - Common Stock,2026-08-04,2026-08-05
ACGLN,inactive,non_common_stock:obvious_non_common_title,NASDAQ,"Arch Capital Group Ltd. - Depositary Shares, each Representing a 1/1,000th Interest in a 4.550% Non-Cumulative Preferred Share, Series G",2026-08-04,2026-08-05
ACGLO,inactive,non_common_stock:obvious_non_common_title,NASDAQ,"Arch Capital Group Ltd. - Depositary Shares Each Representing 1/1,000th Interest in a Share of5.45% Non-Cumulative Preferred Shares, Series F",2026-08-04,2026-08-05
ACH,active,listed_common_stock_with_current_price,NYSE,"Accendra Health, Inc. Common Stock",2026-08-04,2026-08-05
ACHC,active,listed_common_stock_with_current_price,NASDAQ,"Acadia Healthcare Company, Inc. - Common Stock",2026-08-04,2026-08-05
ACHR,active,listed_common_stock_with_current_price,NYSE,Archer Aviation Inc. Class A Common Stock,2026-08-04,2026-08-05
ACHV,active,listed_common_stock_with_current_price,NASDAQ,"Achieve Life Sciences, Inc.  - Common Shares",2026-08-04,2026-08-05
ACI,active,listed_common_stock_with_current_price,NYSE,"Albertsons Companies, Inc. Class A Common Stock",2026-08-04,2026-08-05
ACIC,active,listed_common_stock_with_current_price,NASDAQ,American Coastal Insurance Corporation - Common Stock,2026-08-04,2026-08-05
ACIU,active,listed_common_stock_with_current_price,NASDAQ,AC Immune SA - Common Stock,2026-08-04,2026-08-05
ACIW,active,listed_common_stock_with_current_price,NASDAQ,"ACI Worldwide, Inc. - Common Stock",2026-08-04,2026-08-05
ACLS,active,listed_common_stock_with_current_price,NASDAQ,"Axcelis Technologies, Inc. - Common Stock",2026-08-04,2026-08-05
ACLX,inactive,not_in_current_exchange_directories,,,2026-04-29,2026-08-05
ACM,active,listed_common_stock_with_current_price,NYSE,AECOM Common Stock,2026-08-04,2026-08-05
ACMR,active,listed_common_stock_with_current_price,NASDAQ,"ACM Research, Inc. - Class A Common Stock",2026-08-04,2026-08-05
ACN,active,listed_common_stock_with_current_price,NYSE,Accenture plc Class A Ordinary Shares (Ireland),2026-08-04,2026-08-05
ACNB,active,listed_common_stock_with_current_price,NASDAQ,ACNB Corporation - Common Stock,2026-08-04,2026-08-05
ACNT,active,listed_common_stock_with_current_price,NASDAQ,Ascent Industries Co. - Common Stock,2026-08-04,2026-08-05
ACON,active,listed_common_stock_with_current_price,NASDAQ,"Aclarion, Inc. - Common Stock",2026-08-04,2026-08-05
ACONW,inactive,non_common_stock:nasdaq_non_common_suffix,NASDAQ,"Aclarion, Inc. - Warrant",2026-08-04,2026-08-05
ACR,active,listed_common_stock_with_current_price,NYSE,ACRES Commercial Realty Corp. Common Stock,2026-08-04,2026-08-05
ACRE,active,listed_common_stock_with_current_price,NYSE,Ares Commercial Real Estate Corporation Common Stock,2026-08-04,2026-08-05
ACRS,active,listed_common_stock_with_current_price,NASDAQ,"Aclaris Therapeutics, Inc. - Common Stock",2026-08-04,2026-08-05
ACRV,active,listed_common_stock_with_current_price,NASDAQ,"Acrivon Therapeutics, Inc. - Common Stock",2026-08-04,2026-08-05
ACT,active,listed_common_stock_with_current_price,NASDAQ,"Enact Holdings, Inc. - Common Stock",2026-08-04,2026-08-05
ACTG,active,listed_common_stock_with_current_price,NASDAQ,Acacia Research Corporation - Common Stock,2026-08-04,2026-08-05
ACU,active,listed_common_stock_with_current_price,NYSE American,Acme United Corporation. Common Stock,2026-08-04,2026-08-05
ACVA,active,listed_common_stock_with_current_price,NYSE,ACV Auctions Inc. Class A Common Stock,2026-08-04,2026-08-05
ACXP,active,listed_common_stock_with_current_price,NASDAQ,"Acurx Pharmaceuticals, Inc. - Common Stock",2026-08-04,2026-08-05
AD,active,listed_common_stock_with_current_price,NYSE,"Array Digital Infrastructure, Inc. Common Shares",2026-08-04,2026-08-05
ADAG,active,listed_common_stock_with_current_price,NASDAQ,"Adagene Inc. - ADS, each representing 1.25 ordinary shares",2026-08-04,2026-08-05
ADAM,active,listed_common_stock_with_current_price,NASDAQ,"Adamas Trust, Inc. - Common Stock",2026-08-04,2026-08-05
ADAML,inactive,non_common_stock:obvious_non_common_title,NASDAQ,"Adamas Trust, Inc. - 6.875% Series F Fixed-to-Floating Rate Cumulative Redeemable Preferred Stock, $0.01 par value per share",2026-08-04,2026-08-05
ADAMM,inactive,non_common_stock:obvious_non_common_title,NASDAQ,"Adamas Trust, Inc. - 7.875% Series E Fixed-to-Floating Rate Cumulative Redeemable Preferred Stock",2026-08-04,2026-08-05
ADAMN,inactive,non_common_stock:obvious_non_common_title,NASDAQ,"Adamas Trust, Inc. - 8.00% Series D Fixed-to-Floating Rate Cumulative Redeemable Preferred Stock",2026-08-04,2026-08-05
ADAMZ,inactive,non_common_stock:obvious_non_common_title,NASDAQ,"Adamas Trust, Inc. - 7.000% Series G Cumulative Redeemable Preferred Stock, $0.01 par value per share",2026-08-04,2026-08-05
ADBE,active,listed_common_stock_with_current_price,NASDAQ,Adobe Inc. - Common Stock,2026-08-04,2026-08-05
ADC,active,listed_common_stock_with_current_price,NYSE,Agree Realty Corporation Common Stock,2026-08-04,2026-08-05
ADCT,active,listed_common_stock_with_current_price,NYSE,ADC Therapeutics SA Common Shares,2026-08-04,2026-08-05
ADEA,active,listed_common_stock_with_current_price,NASDAQ,Adeia Inc.  - Common Stock,2026-08-04,2026-08-05
ADI,active,listed_common_stock_with_current_price,NASDAQ,"Analog Devices, Inc. - Common Stock",2026-08-04,2026-08-05
ADIL,active,listed_common_stock_with_current_price,NASDAQ,"Adial Pharmaceuticals, Inc - Common Stock",2026-08-04,2026-08-05
ADM,active,listed_common_stock_with_current_price,NYSE,Archer-Daniels-Midland Company Common Stock,2026-08-04,2026-08-05
ADMA,active,listed_common_stock_with_current_price,NASDAQ,ADMA Biologics Inc - Common Stock,2026-08-04,2026-08-05
ADNT,active,listed_common_stock_with_current_price,NYSE,Adient plc Ordinary Shares,2026-08-04,2026-08-05
ADP,active,listed_common_stock_with_current_price,NASDAQ,"Automatic Data Processing, Inc. - Common Stock",2026-08-04,2026-08-05
ADPT,active,listed_common_stock_with_current_price,NASDAQ,Adaptive Biotechnologies Corporation - Common Stock,2026-08-04,2026-08-05
ADSE,active,listed_common_stock_with_current_price,NASDAQ,ADS-TEC ENERGY PLC - Ordinary Shares,2026-08-04,2026-08-05
ADSEW,inactive,non_common_stock:nasdaq_non_common_suffix,NASDAQ,ADS-TEC ENERGY PLC - Warrant,2026-08-04,2026-08-05
ADSK,active,listed_common_stock_with_current_price,NASDAQ,"Autodesk, Inc. - Common Stock",2026-08-04,2026-08-05
ADT,active,listed_common_stock_with_current_price,NYSE,ADT Inc. Common Stock,2026-08-04,2026-08-05
ADTN,active,listed_common_stock_with_current_price,NASDAQ,"ADTRAN Holdings, Inc. - Common Stock",2026-08-04,2026-08-05
ADTX,inactive,not_in_current_exchange_directories,,,2026-08-04,2026-08-05
ADUS,active,listed_common_stock_with_current_price,NASDAQ,Addus HomeCare Corporation - Common Stock,2026-08-04,2026-08-05
ADV,active,listed_common_stock_with_current_price,NASDAQ,Advantage Solutions Inc.  - Class A Common Stock,2026-08-04,2026-08-05
ADXN,active,listed_common_stock_with_current_price,NASDAQ,Addex Therapeutics Ltd - American Depositary Shares,2026-08-04,2026-08-05
AEAE,inactive,not_in_current_exchange_directories,,,2026-08-04,2026-08-05
AEAEU,inactive,not_in_current_exchange_directories,,,2026-08-03,2026-08-05
AEAEW,inactive,not_in_current_exchange_directories,,,2025-10-20,2026-08-05
AEC,active,listed_common_stock_with_current_price,NASDAQ,Anfield Energy Inc. - Common Shares,2026-08-04,2026-08-05
AED,inactive,not_in_current_exchange_directories,,,,2026-08-05
AEE,active,listed_common_stock_with_current_price,NYSE,Ameren Corporation Common Stock,2026-08-04,2026-08-05
AEFC,inactive,non_common_stock:obvious_non_common_title,NYSE,Aegon Funding Company LLC 5.10% Subordinated Notes due 2049,2026-08-04,2026-08-05
AEG,active,listed_common_stock_with_current_price,NYSE,Aegon Ltd. New York Registry Shares,2026-08-04,2026-08-05
AEHL,active,listed_common_stock_with_current_price,NASDAQ,Antelope Enterprise Holdings Limited - Class A Ordinary Shares,2026-08-04,2026-08-05
AEHR,active,listed_common_stock_with_current_price,NASDAQ,Aehr Test Systems - Common Stock,2026-08-04,2026-08-05
AEI,active,listed_common_stock_with_current_price,NASDAQ,Alset Inc. - Common Stock,2026-08-04,2026-08-05
AEIS,active,listed_common_stock_with_current_price,NASDAQ,"Advanced Energy Industries, Inc. - Common Stock",2026-08-04,2026-08-05
AEM,active,listed_common_stock_with_current_price,NYSE,Agnico Eagle Mines Limited Common Stock,2026-08-04,2026-08-05
AEMD,active,listed_common_stock_with_current_price,NASDAQ,"Aethlon Medical, Inc. - Common Stock",2026-08-04,2026-08-05
AENT,active,listed_common_stock_with_current_price,NASDAQ,Alliance Entertainment Holding Corporation - common stock,2026-08-04,2026-08-05
AENTW,inactive,non_common_stock:nasdaq_non_common_suffix,NASDAQ,Alliance Entertainment Holding Corporation - Warrants,2026-08-04,2026-08-05
AEO,active,listed_common_stock_with_current_price,NYSE,"American Eagle Outfitters, Inc. Common Stock",2026-08-04,2026-08-05
AEON,active,listed_common_stock_with_current_price,NYSE American,"AEON Biopharma, Inc. Class A Common Stock",2026-08-04,2026-08-05
AEP,active,listed_common_stock_with_current_price,NASDAQ,"American Electric Power Company, Inc. - Common Stock",2026-08-04,2026-08-05
AER,active,listed_common_stock_with_current_price,NYSE,AerCap Holdings N.V. Ordinary Shares,2026-08-04,2026-08-05
AERO,active,listed_common_stock_with_current_price,NYSE,"Grupo Aeromexico, S.A.B. de C.V. American Depositary Shares (each representing ten (10) Common Shares)",2026-08-04,2026-08-05
AERT,active,listed_common_stock_with_current_price,NASDAQ,"Aeries Technology, Inc. - Class A Ordinary Share",2026-08-04,2026-08-05
AERTW,inactive,non_common_stock:nasdaq_non_common_suffix,NASDAQ,"Aeries Technology, Inc. - Warrant",2026-08-04,2026-08-05
AES,active,listed_common_stock_with_current_price,NYSE,The AES Corporation Common Stock,2026-08-04,2026-08-05
AEVA,active,listed_common_stock_with_current_price,NASDAQ,"Aeva Technologies, Inc. - Common Stock",2026-08-04,2026-08-05
AEYE,active,listed_common_stock_with_current_price,NASDAQ,"AudioEye, Inc. - Common Stock",2026-08-04,2026-08-05
AFBI,inactive,not_in_current_exchange_directories,,,2026-08-03,2026-08-05
AFCG,active,listed_common_stock_with_current_price,NASDAQ,Advanced Flower Capital Inc. - Common Stock,2026-08-04,2026-08-05
AFG,active,listed_common_stock_with_current_price,NYSE,"American Financial Group, Inc. Common Stock",2026-08-04,2026-08-05
AFGB,inactive,non_common_stock:obvious_non_common_title,NYSE,"American Financial Group, Inc. 5.875% Subordinated Debentures due 2059",2026-08-04,2026-08-05
AFGC,inactive,non_common_stock:obvious_non_common_title,NYSE,"American Financial Group, Inc. 5.125% Subordinated Debentures due 2059",2026-08-04,2026-08-05
AFGD,inactive,non_common_stock:obvious_non_common_title,NYSE,"American Financial Group, Inc. 5.625% Subordinated Debentures due 2060",2026-08-04,2026-08-05
AFGE,inactive,non_common_stock:obvious_non_common_title,NYSE,"American Financial Group, Inc. 4.500% Subordinated Debentures due 2060",2026-08-04,2026-08-05
AFL,active,listed_common_stock_with_current_price,NYSE,AFLAC Incorporated Common Stock,2026-08-04,2026-08-05
AFRI,active,listed_common_stock_with_current_price,NASDAQ,Forafric Global PLC - Ordinary Shares,2026-08-04,2026-08-05
AFRIW,inactive,non_common_stock:nasdaq_non_common_suffix,NASDAQ,Forafric Global PLC - Warrants,2026-08-04,2026-08-05
AFRM,active,listed_common_stock_with_current_price,NASDAQ,"Affirm Holdings, Inc. - Class A Common Stock",2026-08-04,2026-08-05
AFYA,active,listed_common_stock_with_current_price,NASDAQ,Afya Limited - Class A Common Shares,2026-08-04,2026-08-05
AG,active,listed_common_stock_with_current_price,NYSE,First Majestic Silver Corp. Ordinary Shares (Canada),2026-08-04,2026-08-05
AGAE,inactive,not_in_current_exchange_directories,,,2026-07-17,2026-08-05
AGCO,active,listed_common_stock_with_current_price,NYSE,AGCO Corporation Common Stock,2026-08-04,2026-08-05
AGEN,active,listed_common_stock_with_current_price,NASDAQ,Agenus Inc. - Common Stock,2026-08-04,2026-08-05
AGI,active,listed_common_stock_with_current_price,NYSE,Alamos Gold Inc. Class A Common Shares,2026-08-04,2026-08-05
AGIG,active,listed_common_stock_with_current_price,NYSE American,Abundia Global Impact Group Inc. Common stock,2026-08-04,2026-08-05
AGIO,active,listed_common_stock_with_current_price,NASDAQ,"Agios Pharmaceuticals, Inc. - Common Stock",2026-08-04,2026-08-05
AGL,active,listed_common_stock_with_current_price,NYSE,"agilon health, inc. Common Stock",2026-08-04,2026-08-05
AGM,active,listed_common_stock_with_current_price,NYSE,Federal Agricultural Mortgage Corporation Common Stock,2026-08-04,2026-08-05
AGM-A,active,listed_common_stock_with_current_price,NYSE,Federal Agricultural Mortgage Corporation Common Stock,2026-08-04,2026-08-05
AGMH,active,listed_common_stock_with_current_price,NASDAQ,AGM Group Holdings Inc. - Class A Ordinary Shares,2026-08-04,2026-08-05
AGNC,active,listed_common_stock_with_current_price,NASDAQ,AGNC Investment Corp. - Common Stock,2026-08-04,2026-08-05
AGNCL,inactive,non_common_stock:obvious_non_common_title,NASDAQ,"AGNC Investment Corp. - Depositary Shares Each Representing a 1/1,000th Interest in a Share of 7.75% Series G Fixed-Rate Reset Cumulative Redeemable Preferred Stock",2026-08-04,2026-08-05
AGNCM,inactive,non_common_stock:obvious_non_common_title,NASDAQ,AGNC Investment Corp. - Depositary Shares rep 6.875% Series D Fixed-to-Floating Cumulative Redeemable Preferred Stock,2026-08-04,2026-08-05
AGNCN,inactive,non_common_stock:obvious_non_common_title,NASDAQ,"AGNC Investment Corp. - Depositary Shares Each Representing a 1/1,000th Interest in a Share of 7.00% Series C Fixed-To-Floating Rate Cumulative Redeemable Preferred Stock",2026-08-04,2026-08-05
AGNCO,inactive,non_common_stock:obvious_non_common_title,NASDAQ,"AGNC Investment Corp. - Depositary Shares, each representing a 1/1,000th interest in a share of Series E Fixed-to-Floating Cumulative Redeemable Preferred Stock",2026-08-04,2026-08-05
AGNCP,inactive,non_common_stock:nasdaq_non_common_suffix,NASDAQ,"AGNC Investment Corp. - Depositary Shares Each Representing a 1/1,000th Interest in a Share of 6.125% Series F Fixed-to-Floating Rate Cumulative Redeemable Preferred Stock",2026-08-04,2026-08-05
AGO,active,listed_common_stock_with_current_price,NYSE,Assured Guaranty Ltd. Common Stock,2026-08-04,2026-08-05
AGPU,active,listed_common_stock_with_current_price,NASDAQ,Axe Compute Inc. - Common Stock,2026-08-04,2026-08-05
AGRO,active,listed_common_stock_with_current_price,NYSE,Adecoagro S.A. Common Shares,2026-08-04,2026-08-05
AGX,active,listed_common_stock_with_current_price,NYSE,"Argan, Inc. Common Stock",2026-08-04,2026-08-05
AGYS,active,listed_common_stock_with_current_price,NASDAQ,"Agilysys, Inc. - Common Stock",2026-08-04,2026-08-05
AHCO,active,listed_common_stock_with_current_price,NASDAQ,AdaptHealth Corp.  - Common Stock,2026-08-04,2026-08-05
AHG,active,listed_common_stock_with_current_price,NASDAQ,Akso Health Group - American Depositary Shares,2026-08-04,2026-08-05
AHRT,active,listed_common_stock_with_current_price,NYSE,"AH Realty Trust, Inc. Common Stock",2026-08-04,2026-08-05
AHT,active,listed_common_stock_with_current_price,NYSE,Ashford Hospitality Trust Inc Common Stock,2026-08-04,2026-08-05
AI,active,listed_common_stock_with_current_price,NYSE,"C3.ai, Inc. Class A Common Stock",2026-08-04,2026-08-05
AIFF,active,listed_common_stock_with_current_price,NASDAQ,"Firefly Neuroscience, Inc.  - Common Stock",2026-08-04,2026-08-05
AIFU,active,listed_common_stock_with_current_price,NASDAQ,AIFU Inc. - Class A Ordinary Share,2026-08-04,2026-08-05
AIG,active,listed_common_stock_with_current_price,NYSE,"American International Group, Inc. New Common Stock",2026-08-04,2026-08-05
AIHS,active,listed_common_stock_with_current_price,NASDAQ,Senmiao Technology Limited - Common Stock,2026-08-04,2026-08-05
AIIO,active,listed_common_stock_with_current_price,NASDAQ,Robo.ai Inc. - Class B Ordinary Shares,2026-08-04,2026-08-05
AIIOW,inactive,non_common_stock:nasdaq_non_common_suffix,NASDAQ,Robo.ai Inc. - Warrant,2026-08-04,2026-08-05
AIMD,active,listed_common_stock_with_current_price,NASDAQ,"Ainos, Inc. - Common Stock",2026-08-04,2026-08-05
AIMDW,inactive,non_common_stock:nasdaq_non_common_suffix,NASDAQ,"Ainos, Inc. - warrants",2026-08-04,2026-08-05
AIN,active,listed_common_stock_with_current_price,NYSE,Albany International Corporation Common Stock,2026-08-04,2026-08-05
AIO,active,listed_common_stock_with_current_price,NYSE,Virtus Artificial Intelligence & Technology Opportunities Fund Common Shares of Beneficial Interest,2026-08-04,2026-08-05
AIOS,active,listed_common_stock_with_current_price,NASDAQ,AIOS Tech Inc. - Class A Common Shares,2026-08-04,2026-08-05
AIOT,active,listed_common_stock_with_current_price,NASDAQ,"PowerFleet, Inc. - Common Stock",2026-08-04,2026-08-05
AIP,active,listed_common_stock_with_current_price,NASDAQ,"Arteris, Inc.  - Common Stock",2026-08-04,2026-08-05
AIR,active,listed_common_stock_with_current_price,NYSE,AAR Corp. Common Stock,2026-08-04,2026-08-05
AIRG,active,listed_common_stock_with_current_price,NASDAQ,"Airgain, Inc. - Common Stock",2026-08-04,2026-08-05
AIRI,active,listed_common_stock_with_current_price,NYSE American,Air Industries Group Common Stock,2026-08-04,2026-08-05
AIRS,active,listed_common_stock_with_current_price,NASDAQ,"AirSculpt Technologies, Inc. - Common Stock",2026-08-04,2026-08-05
AIRT,active,listed_common_stock_with_current_price,NASDAQ,"Air T, Inc. - Common Stock",2026-08-04,2026-08-05
AIRTP,inactive,non_common_stock:nasdaq_non_common_suffix,NASDAQ,"Air T, Inc. - Trust Preferred Securities",2026-08-04,2026-08-05
AISP,active,listed_common_stock_with_current_price,NASDAQ,"Airship AI Holdings, Inc - Class A Common Stock",2026-08-04,2026-08-05
AISPW,inactive,non_common_stock:nasdaq_non_common_suffix,NASDAQ,"Airship AI Holdings, Inc - Warrants",2026-08-04,2026-08-05
AIT,active,listed_common_stock_with_current_price,NYSE,"Applied Industrial Technologies, Inc. Common Stock",2026-08-04,2026-08-05
AIV,active,listed_common_stock_with_current_price,NYSE,Apartment Investment and Management Company Common Stock,2026-08-04,2026-08-05
AIXC,active,listed_common_stock_with_current_price,NASDAQ,"AIxCrypto Holdings, Inc. - Common Stock",2026-08-04,2026-08-05
AIZ,active,listed_common_stock_with_current_price,NYSE,"Assurant, Inc. Common Stock",2026-08-04,2026-08-05
AIZN,inactive,non_common_stock:obvious_non_common_title,NYSE,"Assurant, Inc. 5.25% Subordinated Notes due 2061",2026-08-04,2026-08-05
AJG,active,listed_common_stock_with_current_price,NYSE,Arthur J. Gallagher & Co. Common Stock,2026-08-04,2026-08-05
AKA,active,listed_common_stock_with_current_price,NYSE,a.k.a. Brands Holding Corp. Common Stock,2026-08-04,2026-08-05
AKAM,active,listed_common_stock_with_current_price,NASDAQ,"Akamai Technologies, Inc. - Common Stock",2026-08-04,2026-08-05
AKAN,active,listed_common_stock_with_current_price,NASDAQ,Akanda Corp. - Common Shares,2026-08-04,2026-08-05
AKBA,active,listed_common_stock_with_current_price,NASDAQ,"Akebia Therapeutics, Inc. - Common Stock",2026-08-04,2026-08-05
AKO-A,active,listed_common_stock_with_current_price,NYSE,Embotelladora Andina S.A. Common Stock,2026-08-04,2026-08-05
AKO-B,active,listed_common_stock_with_current_price,NYSE,Embotelladora Andina S.A. Common Stock,2026-08-04,2026-08-05
AKR,active,listed_common_stock_with_current_price,NYSE,Acadia Realty Trust Common Stock,2026-08-04,2026-08-05
AKTX,active,listed_common_stock_with_current_price,NASDAQ,Akari Therapeutics Plc - American Depositary Shares,2026-08-04,2026-08-05
AL,inactive,not_in_current_exchange_directories,,,2026-04-08,2026-08-05
ALAR,active,listed_common_stock_with_current_price,NASDAQ,Alarum Technologies Ltd. - American Depositary Shares,2026-08-04,2026-08-05
ALB,active,listed_common_stock_with_current_price,NYSE,Albemarle Corporation Common Stock,2026-08-04,2026-08-05
ALBT,inactive,not_in_current_exchange_directories,,,2026-07-28,2026-08-05
ALC,active,listed_common_stock_with_current_price,NYSE,Alcon Inc. Ordinary Shares,2026-08-04,2026-08-05
ALCO,active,listed_common_stock_with_current_price,NASDAQ,"Alico, Inc. - Common Stock",2026-08-04,2026-08-05
ALDX,active,listed_common_stock_with_current_price,NASDAQ,"Aldeyra Therapeutics, Inc. - Common Stock",2026-08-04,2026-08-05
ALEC,active,listed_common_stock_with_current_price,NASDAQ,"Alector, Inc. - Common Stock",2026-08-04,2026-08-05
ALG,active,listed_common_stock_with_current_price,NYSE,"Alamo Group, Inc. Common Stock",2026-08-04,2026-08-05
ALGM,active,listed_common_stock_with_current_price,NASDAQ,"Allegro MicroSystems, Inc. - Common Stock",2026-08-04,2026-08-05
ALGN,active,listed_common_stock_with_current_price,NASDAQ,"Align Technology, Inc. - Common Stock",2026-08-04,2026-08-05
ALGS,active,listed_common_stock_with_current_price,NASDAQ,"Aligos Therapeutics, Inc. - Common stock",2026-08-04,2026-08-05
ALGT,active,listed_common_stock_with_current_price,NASDAQ,Allegiant Travel Company - Common Stock,2026-08-04,2026-08-05
ALHC,active,listed_common_stock_with_current_price,NASDAQ,"Alignment Healthcare, Inc. - Common Stock",2026-08-04,2026-08-05
ALIT,active,listed_common_stock_with_current_price,NYSE,"Alight, Inc. Class A Common Stock",2026-08-04,2026-08-05
ALK,active,listed_common_stock_with_current_price,NYSE,"Alaska Air Group, Inc. Common Stock",2026-08-04,2026-08-05
ALKS,active,listed_common_stock_with_current_price,NASDAQ,Alkermes plc - Ordinary Shares,2026-08-04,2026-08-05
ALKT,active,listed_common_stock_with_current_price,NASDAQ,"Alkami Technology, Inc. - Common Stock",2026-08-04,2026-08-05
ALL,active,listed_common_stock_with_current_price,NYSE,Allstate Corporation (The) Common Stock,2026-08-04,2026-08-05
ALLE,active,listed_common_stock_with_current_price,NYSE,Allegion plc Ordinary Shares,2026-08-04,2026-08-05
ALLO,active,listed_common_stock_with_current_price,NASDAQ,"Allogene Therapeutics, Inc. - Common Stock",2026-08-04,2026-08-05
ALLR,active,listed_common_stock_with_current_price,NASDAQ,"Allarity Therapeutics, Inc. - Common stock",2026-08-04,2026-08-05
ALLT,active,listed_common_stock_with_current_price,NASDAQ,Allot Ltd. - Ordinary Shares,2026-08-04,2026-08-05
ALLY,active,listed_common_stock_with_current_price,NYSE,Ally Financial Inc. Common Stock,2026-08-04,2026-08-05
ALNT,active,listed_common_stock_with_current_price,NASDAQ,Allient Inc. - Common Stock,2026-08-04,2026-08-05
ALNY,active,listed_common_stock_with_current_price,NASDAQ,"Alnylam Pharmaceuticals, Inc. - Common Stock",2026-08-04,2026-08-05
ALOT,active,listed_common_stock_with_current_price,NASDAQ,"AstroNova, Inc. - Common Stock",2026-08-04,2026-08-05
ALOY,active,listed_common_stock_with_current_price,NASDAQ,REalloys Inc. - Common Stock,2026-08-04,2026-08-05
ALPS,active,listed_common_stock_with_current_price,NASDAQ,ALPS Group Inc - Ordinary Share,2026-08-04,2026-08-05
ALRM,active,listed_common_stock_with_current_price,NASDAQ,"Alarm.com Holdings, Inc. - Common Stock",2026-08-04,2026-08-05
ALRS,active,listed_common_stock_with_current_price,NASDAQ,Alerus Financial Corporation - Common Stock,2026-08-04,2026-08-05
ALSN,active,listed_common_stock_with_current_price,NYSE,"Allison Transmission Holdings, Inc. Common Stock",2026-08-04,2026-08-05
ALT,active,listed_common_stock_with_current_price,NASDAQ,"Altimmune, Inc. - Common Stock",2026-08-04,2026-08-05
ALTG,active,listed_common_stock_with_current_price,NYSE,Alta Equipment Group Inc. Class A Common Stock,2026-08-04,2026-08-05
ALTI,active,listed_common_stock_with_current_price,NASDAQ,"AlTi Global, Inc. - Class A Common Stock",2026-08-04,2026-08-05
ALTO,active,listed_common_stock_with_current_price,NASDAQ,"Alto Ingredients, Inc. - Common Stock",2026-08-04,2026-08-05
ALV,active,listed_common_stock_with_current_price,NYSE,"Autoliv, Inc. Common Stock",2026-08-04,2026-08-05
ALVO,active,listed_common_stock_with_current_price,NASDAQ,Alvotech - Ordinary Shares,2026-08-04,2026-08-05
ALVOW,inactive,non_common_stock:nasdaq_non_common_suffix,NASDAQ,Alvotech - Warrant,2026-07-17,2026-08-05
ALX,active,listed_common_stock_with_current_price,NYSE,"Alexander's, Inc. Common Stock",2026-08-04,2026-08-05
ALXO,active,listed_common_stock_with_current_price,NASDAQ,ALX Oncology Holdings Inc. - Common Stock,2026-08-04,2026-08-05
ALYAF,inactive,not_in_current_exchange_directories,,,2026-08-04,2026-08-05
ALZN,active,listed_common_stock_with_current_price,NASDAQ,"Alzamend Neuro, Inc. - Common Stock",2026-08-04,2026-08-05
AM,active,listed_common_stock_with_current_price,NYSE,Antero Midstream Corporation Common Stock,2026-08-04,2026-08-05
AMAL,active,listed_common_stock_with_current_price,NASDAQ,Amalgamated Financial Corp. - Common Stock,2026-08-04,2026-08-05
AMAT,active,listed_common_stock_with_current_price,NASDAQ,"Applied Materials, Inc. - Common Stock",2026-08-04,2026-08-05
AMBA,active,listed_common_stock_with_current_price,NASDAQ,"Ambarella, Inc. - Ordinary Shares",2026-08-04,2026-08-05
AMBO,active,listed_common_stock_with_current_price,NYSE American,Ambow Education Holding Ltd. American Depository Shares (each representing twenty (20) Class A Ordinary Shares),2026-08-04,2026-08-05
AMBP,active,listed_common_stock_with_current_price,NYSE,Ardagh Metal Packaging S.A. Ordinary Shares,2026-08-04,2026-08-05
AMBR,active,listed_common_stock_with_current_price,NASDAQ,Amber International Holding Limited - American Depositary Shares,2026-08-04,2026-08-05
AMC,active,listed_common_stock_with_current_price,NYSE,"AMC Entertainment Holdings, Inc. Class A Common Stock",2026-08-04,2026-08-05
AMCR,active,listed_common_stock_with_current_price,NYSE,Amcor plc Ordinary Shares,2026-08-04,2026-08-05
AMCX,active,listed_common_stock_with_current_price,NASDAQ,AMC Global Media Inc. - Class A Common Stock,2026-08-04,2026-08-05
AMD,active,listed_common_stock_with_current_price,NASDAQ,"Advanced Micro Devices, Inc. - Common Stock",2026-08-04,2026-08-05
AME,active,listed_common_stock_with_current_price,NYSE,"AMETEK, Inc.",2026-08-04,2026-08-05
AMG,active,listed_common_stock_with_current_price,NYSE,"Affiliated Managers Group, Inc. Common Stock",2026-08-04,2026-08-05
AMGN,active,listed_common_stock_with_current_price,NASDAQ,Amgen Inc. - Common Stock,2026-08-04,2026-08-05
AMH,active,listed_common_stock_with_current_price,NYSE,American Homes 4 Rent Common Shares of Beneficial Interest,2026-08-04,2026-08-05
AMKR,active,listed_common_stock_with_current_price,NASDAQ,"Amkor Technology, Inc. - Common Stock",2026-08-04,2026-08-05
AMLX,active,listed_common_stock_with_current_price,NASDAQ,"Amylyx Pharmaceuticals, Inc. - Common Stock",2026-08-04,2026-08-05
AMN,active,listed_common_stock_with_current_price,NYSE,AMN Healthcare Services Inc,2026-08-04,2026-08-05
AMOD,active,listed_common_stock_with_current_price,NASDAQ,"Alpha Modus Holdings, Inc. - Class A Common Stock",2026-08-04,2026-08-05
AMODW,inactive,non_common_stock:nasdaq_non_common_suffix,NASDAQ,"Alpha Modus Holdings, Inc. - Warrant",2026-08-04,2026-08-05
AMP,active,listed_common_stock_with_current_price,NYSE,"Ameriprise Financial, Inc. Common Stock",2026-08-04,2026-08-05
AMPG,active,listed_common_stock_with_current_price,NASDAQ,"Amplitech Group, Inc. - Common Stock",2026-08-04,2026-08-05
AMPH,active,listed_common_stock_with_current_price,NASDAQ,"Amphastar Pharmaceuticals, Inc. - Common Stock",2026-08-04,2026-08-05
AMPL,active,listed_common_stock_with_current_price,NASDAQ,"Amplitude, Inc. - Class A Common Stock",2026-08-04,2026-08-05
AMPX,active,listed_common_stock_with_current_price,NYSE,"Amprius Technologies, Inc. Common Stock",2026-08-04,2026-08-05
AMPY,active,listed_common_stock_with_current_price,NYSE,Amplify Energy Corp. Common Stock,2026-08-04,2026-08-05
AMR,active,listed_common_stock_with_current_price,NYSE,"Alpha Metallurgical Resources, Inc. Common Stock",2026-08-04,2026-08-05
AMRC,active,listed_common_stock_with_current_price,NYSE,"Ameresco, Inc. Class A Common Stock",2026-08-04,2026-08-05
AMRN,active,listed_common_stock_with_current_price,NASDAQ,Amarin Corporation plc - American Depositary Shares,2026-08-04,2026-08-05
AMRX,active,listed_common_stock_with_current_price,NASDAQ,"Amneal Pharmaceuticals, Inc. - Class A Common Stock",2026-08-04,2026-08-05
AMS,active,listed_common_stock_with_current_price,NYSE American,American Shared Hospital Services Common Stock,2026-08-04,2026-08-05
AMSC,active,listed_common_stock_with_current_price,NASDAQ,American Superconductor Corporation - Common Stock,2026-08-04,2026-08-05
AMSF,active,listed_common_stock_with_current_price,NASDAQ,"AMERISAFE, Inc. - Common Stock",2026-08-04,2026-08-05
AMST,active,listed_common_stock_with_current_price,NASDAQ,Amesite Inc. - Common Stock,2026-08-04,2026-08-05
AMT,active,listed_common_stock_with_current_price,NYSE,American Tower Corporation (REIT) Common Stock,2026-08-04,2026-08-05
AMTB,active,listed_common_stock_with_current_price,NYSE,Amerant Bancorp Inc. Class A Common Stock,2026-08-04,2026-08-05
AMTD,active,listed_common_stock_with_current_price,NYSE,"AMTD IDEA Group American Depositary Shares, each representing six (6) Class A Ordinary Shares",2026-08-04,2026-08-05
AMTX,active,listed_common_stock_with_current_price,NASDAQ,"Aemetis, Inc - Common Stock",2026-08-04,2026-08-05
AMWD,inactive,not_in_current_exchange_directories,,,2026-05-28,2026-08-05
AMWL,active,listed_common_stock_with_current_price,NYSE,American Well Corporation Class A Common Stock,2026-08-04,2026-08-05
AMX,inactive,non_common_stock:obvious_non_common_title,NYSE,"America Movil, S.A.B. de C.V. American Depositary Shares (each representing the right to receive twenty (20) Series B Shares",2026-08-04,2026-08-05
AMZE,active,listed_common_stock_with_current_price,NYSE American,"Amaze Holdings, Inc. Common Stock",2026-08-04,2026-08-05
AMZN,active,listed_common_stock_with_current_price,NASDAQ,"Amazon.com, Inc. - Common Stock",2026-08-04,2026-08-05
AN,active,listed_common_stock_with_current_price,NYSE,"AutoNation, Inc. Common Stock",2026-08-04,2026-08-05
ANAB,active,listed_common_stock_with_current_price,NASDAQ,"AnaptysBio, Inc. - Common Stock",2026-08-04,2026-08-05
ANDE,active,listed_common_stock_with_current_price,NASDAQ,"The Andersons, Inc. - Common Stock",2026-08-04,2026-08-05
ANET,active,listed_common_stock_with_current_price,NYSE,"Arista Networks, Inc. Common Stock",2026-08-04,2026-08-05
ANF,active,listed_common_stock_with_current_price,NYSE,Abercrombie & Fitch Company Common Stock,2026-08-04,2026-08-05
ANGH,active,listed_common_stock_with_current_price,NASDAQ,Anghami Inc. - Ordinary Shares,2026-08-04,2026-08-05
ANGHW,inactive,non_common_stock:nasdaq_non_common_suffix,NASDAQ,Anghami Inc. - Warrants,2026-08-04,2026-08-05
ANGI,active,listed_common_stock_with_current_price,NASDAQ,Angi Inc. - Class A Common Stock,2026-08-04,2026-08-05
ANGO,active,listed_common_stock_with_current_price,NASDAQ,"AngioDynamics, Inc. - Common Stock",2026-08-04,2026-08-05
ANGX,active,listed_common_stock_with_current_price,NYSE,"Angel Studios, Inc. Class A Common Stock",2026-08-04,2026-08-05
ANIK,active,listed_common_stock_with_current_price,NASDAQ,Anika Therapeutics Inc. - Common Stock,2026-08-04,2026-08-05
ANIP,active,listed_common_stock_with_current_price,NASDAQ,"ANI Pharmaceuticals, Inc. - Common Stock",2026-08-04,2026-08-05
ANIX,active,listed_common_stock_with_current_price,NASDAQ,"Anixa Biosciences, Inc. - Common Stock",2026-08-04,2026-08-05
ANNA,active,listed_common_stock_with_current_price,NASDAQ,"AleAnna, Inc. - Class A Common Stock",2026-08-04,2026-08-05
ANNAW,inactive,non_common_stock:nasdaq_non_common_suffix,NASDAQ,"AleAnna, Inc. - Warrant",2026-08-04,2026-08-05
ANNX,active,listed_common_stock_with_current_price,NASDAQ,"Annexon, Inc. - common stock",2026-08-04,2026-08-05
ANTX,active,listed_common_stock_with_current_price,NASDAQ,"AN2 Therapeutics, Inc. - Common Stock",2026-08-04,2026-08-05
ANVS,active,listed_common_stock_with_current_price,NYSE,"Annovis Bio, Inc. Common Stock",2026-08-04,2026-08-05
ANY,active,listed_common_stock_with_current_price,NASDAQ,Sphere 3D Corp. - Common Shares,2026-08-04,2026-08-05
AOMR,active,listed_common_stock_with_current_price,NYSE,"Angel Oak Mortgage REIT, Inc. Common Stock",2026-08-04,2026-08-05
AON,active,listed_common_stock_with_current_price,NYSE,Aon plc Class A Ordinary Shares (Ireland),2026-08-04,2026-08-05
AORT,active,listed_common_stock_with_current_price,NYSE,"Artivion, Inc. Common Stock",2026-08-04,2026-08-05
AOS,active,listed_common_stock_with_current_price,NYSE,A.O. Smith Corporation Common Stock,2026-08-04,2026-08-05
AOSL,active,listed_common_stock_with_current_price,NASDAQ,Alpha and Omega Semiconductor Limited - Common Shares,2026-08-04,2026-08-05
AOUT,active,listed_common_stock_with_current_price,NASDAQ,"American Outdoor Brands, Inc. - Common Stock",2026-08-04,2026-08-05
AP,active,listed_common_stock_with_current_price,NYSE,Ampco-Pittsburgh Corporation Common Stock,2026-08-04,2026-08-05
APA,active,listed_common_stock_with_current_price,NASDAQ,APA Corporation - Common Stock,2026-08-04,2026-08-05
APAM,active,listed_common_stock_with_current_price,NYSE,Artisan Partners Asset Management Inc. Class A Common Stock,2026-08-04,2026-08-05
APC,active,listed_common_stock_with_current_price,NASDAQ,ARKO Petroleum Corp. - Class A Common Stock,2026-08-04,2026-08-05
APCXW,inactive,not_in_current_exchange_directories,,,2025-10-27,2026-08-05
APD,active,listed_common_stock_with_current_price,NYSE,"Air Products and Chemicals, Inc. Common Stock",2026-08-04,2026-08-05
APEI,active,listed_common_stock_with_current_price,NASDAQ,"American Public Education, Inc. - Common Stock",2026-08-04,2026-08-05
APG,active,listed_common_stock_with_current_price,NYSE,APi Group Corporation Common Stock,2026-08-04,2026-08-05
APH,active,listed_common_stock_with_current_price,NYSE,Amphenol Corporation Common Stock,2026-08-04,2026-08-05
API,active,listed_common_stock_with_current_price,NASDAQ,"Agora, Inc. - ADS",2026-08-04,2026-08-05
APLD,active,listed_common_stock_with_current_price,NASDAQ,Applied Digital Corporation - Common Stock,2026-08-04,2026-08-05
APLE,active,listed_common_stock_with_current_price,NYSE,"Apple Hospitality REIT, Inc. Common Shares",2026-08-04,2026-08-05
APLM,active,listed_common_stock_with_current_price,NASDAQ,Apollomics Inc. - Class A Ordinary Shares,2026-08-04,2026-08-05
APLMW,inactive,non_common_stock:nasdaq_non_common_suffix,NASDAQ,Apollomics Inc. - Warrant,2026-08-04,2026-08-05
APLS,inactive,not_in_current_exchange_directories,,,2026-05-15,2026-08-05
APM,inactive,not_in_current_exchange_directories,,,2026-07-27,2026-08-05
APO,active,listed_common_stock_with_current_price,NYSE,"Apollo Global Management, Inc. (New) Common Stock",2026-08-04,2026-08-05
APOG,active,listed_common_stock_with_current_price,NASDAQ,"Apogee Enterprises, Inc. - Common Stock",2026-08-04,2026-08-05
APP,active,listed_common_stock_with_current_price,NASDAQ,Applovin Corporation - Class A Common Stock,2026-08-04,2026-08-05
APPF,active,listed_common_stock_with_current_price,NASDAQ,"AppFolio, Inc. - Class A Common Stock",2026-08-04,2026-08-05
APPN,active,listed_common_stock_with_current_price,NASDAQ,Appian Corporation - Class A Common Stock,2026-08-04,2026-08-05
APPS,active,listed_common_stock_with_current_price,NASDAQ,"Digital Turbine, Inc. - Common Stock",2026-08-04,2026-08-05
APRE,active,listed_common_stock_with_current_price,NASDAQ,"Aprea Therapeutics, Inc. - Common Stock",2026-08-04,2026-08-05
APT,active,listed_common_stock_with_current_price,NYSE American,"Alpha Pro Tech, Ltd. Common Stock",2026-08-04,2026-08-05
APTV,active,listed_common_stock_with_current_price,NYSE,Aptiv PLC Ordinary Shares,2026-08-04,2026-08-05
APVO,active,listed_common_stock_with_current_price,NASDAQ,Aptevo Therapeutics Inc. - Common Stock,2026-08-04,2026-08-05
APWC,active,listed_common_stock_with_current_price,NASDAQ,"Asia Pacific Wire & Cable Corporation Limited  - Common shares, Par value .01 per share",2026-08-04,2026-08-05
APXTU,inactive,non_common_stock:nasdaq_non_common_suffix,NASDAQ,Apex Treasury Corporation - Units,2026-08-04,2026-08-05
APYX,active,listed_common_stock_with_current_price,NASDAQ,Apyx Medical Corporation - Common Stock,2026-08-04,2026-08-05
AQB,active,listed_common_stock_with_current_price,NASDAQ,"AquaBounty Technologies, Inc. - Common Stock",2026-08-04,2026-08-05
AQMS,active,listed_common_stock_with_current_price,NASDAQ,"Aqua Metals, Inc. - Common Stock",2026-08-04,2026-08-05
AQN,active,listed_common_stock_with_current_price,NYSE,Algonquin Power & Utilities Corp. Common Shares,2026-08-04,2026-08-05
AQNB,inactive,non_common_stock:obvious_non_common_title,NYSE,"Algonquin Power & Utilities Corp. 6.20% Fixed-to-Floating Subordinated Notes Series 2019-A due July 1, 2079",2026-08-04,2026-08-05
AQST,active,listed_common_stock_with_current_price,NASDAQ,"Aquestive Therapeutics, Inc. - Common Stock",2026-08-04,2026-08-05
AR,active,listed_common_stock_with_current_price,NYSE,Antero Resources Corporation Common Stock,2026-08-04,2026-08-05
ARAY,active,listed_common_stock_with_current_price,NASDAQ,Accuray Incorporated - Common Stock,2026-08-04,2026-08-05
ARBE,active,listed_common_stock_with_current_price,NASDAQ,Arbe Robotics Ltd. - Ordinary Shares,2026-08-04,2026-08-05
ARBEW,inactive,non_common_stock:nasdaq_non_common_suffix,NASDAQ,Arbe Robotics Ltd. - Warrant,2026-08-04,2026-08-05
ARBK,active,listed_common_stock_with_current_price,NASDAQ,Argo Blockchain plc - American Depositary Shares,2026-08-04,2026-08-05
ARCB,active,listed_common_stock_with_current_price,NASDAQ,ArcBest Corporation - Common Stock,2026-08-04,2026-08-05
ARCC,active,listed_common_stock_with_current_price,NASDAQ,Ares Capital Corporation - Closed End Fund,2026-08-04,2026-08-05
ARCO,active,listed_common_stock_with_current_price,NYSE,Arcos Dorados Holdings Inc. Class A Shares,2026-08-04,2026-08-05
ARCT,active,listed_common_stock_with_current_price,NASDAQ,Arcturus Therapeutics Holdings Inc. - Common Stock,2026-08-04,2026-08-05
ARDX,active,listed_common_stock_with_current_price,NASDAQ,"Ardelyx, Inc. - Common Stock",2026-08-04,2026-08-05
ARE,active,listed_common_stock_with_current_price,NYSE,"Alexandria Real Estate Equities, Inc. Common Stock",2026-08-04,2026-08-05
AREB,inactive,not_in_current_exchange_directories,,,2026-08-04,2026-08-05
AREBW,inactive,not_in_current_exchange_directories,,,2026-07-17,2026-08-05
AREC,active,listed_common_stock_with_current_price,NASDAQ,American Resources Corporation - Class A Common Stock,2026-08-04,2026-08-05
AREN,active,listed_common_stock_with_current_price,NYSE American,"The Arena Group Holdings, Inc. Common Stock",2026-08-04,2026-08-05
ARES,active,listed_common_stock_with_current_price,NYSE,Ares Management Corporation Class A Common Stock,2026-08-04,2026-08-05
ARGX,active,listed_common_stock_with_current_price,NASDAQ,argenx SE - American Depositary Shares,2026-08-04,2026-08-05
ARHS,active,listed_common_stock_with_current_price,NASDAQ,"Arhaus, Inc. - Class A Common Stock",2026-08-04,2026-08-05
ARI,active,listed_common_stock_with_current_price,NYSE,"Apollo Commercial Real Estate Finance, Inc",2026-08-04,2026-08-05
ARIS,active,listed_common_stock_with_current_price,NYSE,Aris Mining Corporation Common Shares,2026-08-04,2026-08-05
ARKO,active,listed_common_stock_with_current_price,NASDAQ,ARKO Corp. - Common Stock,2026-08-04,2026-08-05
ARKR,active,listed_common_stock_with_current_price,NASDAQ,Ark Restaurants Corp. - Common Stock,2026-08-04,2026-08-05
ARL,active,listed_common_stock_with_current_price,NYSE,"American Realty Investors, Inc. Common Stock",2026-08-04,2026-08-05
ARLO,active,listed_common_stock_with_current_price,NYSE,"Arlo Technologies, Inc. Common Stock",2026-08-04,2026-08-05
ARLP,inactive,non_common_stock:obvious_non_common_title,NASDAQ,"Alliance Resource Partners, L.P. - Common Units Representing Limited Partnership Interests",2026-08-04,2026-08-05
ARMK,active,listed_common_stock_with_current_price,NYSE,Aramark Common Stock,2026-08-04,2026-08-05
ARMP,active,listed_common_stock_with_current_price,NYSE American,"Armata Pharmaceuticals, Inc. Common Stock",2026-08-04,2026-08-05
AROC,active,listed_common_stock_with_current_price,NYSE,"Archrock, Inc. Common Stock",2026-08-04,2026-08-05
AROW,active,listed_common_stock_with_current_price,NASDAQ,Arrow Financial Corporation - Common Stock,2026-08-04,2026-08-05
ARQ,active,listed_common_stock_with_current_price,NASDAQ,"Arq, Inc. - Common Stock",2026-08-04,2026-08-05
ARQQ,active,listed_common_stock_with_current_price,NASDAQ,Arqit Quantum Inc. - Ordinary Shares,2026-08-04,2026-08-05
ARQQW,inactive,non_common_stock:nasdaq_non_common_suffix,NASDAQ,Arqit Quantum Inc. - Warrants,2026-08-04,2026-08-05
ARQT,active,listed_common_stock_with_current_price,NASDAQ,"Arcutis Biotherapeutics, Inc. - Common stock",2026-08-04,2026-08-05
ARR,active,listed_common_stock_with_current_price,NYSE,"ARMOUR Residential REIT, Inc.",2026-08-04,2026-08-05
ARRY,active,listed_common_stock_with_current_price,NASDAQ,"Array Technologies, Inc. - Common Stock",2026-08-04,2026-08-05
ARTL,active,listed_common_stock_with_current_price,NASDAQ,"Artelo Biosciences, Inc. - Common Stock",2026-08-04,2026-08-05
ARTNA,active,listed_common_stock_with_current_price,NASDAQ,Artesian Resources Corporation - Class A Non-Voting Common Stock,2026-08-04,2026-08-05
ARTW,active,listed_common_stock_with_current_price,NASDAQ,"Art's-Way Manufacturing Co., Inc. - Common Stock",2026-08-04,2026-08-05
ARVN,active,listed_common_stock_with_current_price,NASDAQ,"Arvinas, Inc. - Common Stock",2026-08-04,2026-08-05
ARW,active,listed_common_stock_with_current_price,NYSE,"Arrow Electronics, Inc. Common Stock",2026-08-04,2026-08-05
ARWR,active,listed_common_stock_with_current_price,NASDAQ,"Arrowhead Pharmaceuticals, Inc. - Common Stock",2026-08-04,2026-08-05
ARX,active,listed_common_stock_with_current_price,NYSE,Accelerant Holdings Class A Common Shares,2026-08-04,2026-08-05
ASAN,active,listed_common_stock_with_current_price,NYSE,"Asana, Inc. Class A Common Stock",2026-08-04,2026-08-05
ASB,active,listed_common_stock_with_current_price,NYSE,Associated Banc-Corp Common Stock,2026-08-04,2026-08-05
ASBP,active,listed_common_stock_with_current_price,NASDAQ,"Aspire Biopharma Holdings, Inc.  - Common Stock",2026-08-04,2026-08-05
ASBPW,inactive,non_common_stock:nasdaq_non_common_suffix,NASDAQ,"Aspire Biopharma Holdings, Inc.  - Warrant",2026-07-17,2026-08-05
ASC,active,listed_common_stock_with_current_price,NYSE,Ardmore Shipping Corporation Common Stock,2026-08-04,2026-08-05
ASGI,active,listed_common_stock_with_current_price,NYSE,abrdn Global Infrastructure Income Fund Common Shares of Beneficial Interest,2026-08-04,2026-08-05
ASH,active,listed_common_stock_with_current_price,NYSE,Ashland Inc. Common Stock,2026-08-04,2026-08-05
ASIX,active,listed_common_stock_with_current_price,NYSE,AdvanSix Inc. Common Stock,2026-08-04,2026-08-05
ASLE,active,listed_common_stock_with_current_price,NASDAQ,AerSale Corporation - Common Stock,2026-08-04,2026-08-05
ASM,active,listed_common_stock_with_current_price,NYSE American,Avino Silver & Gold Mines Ltd. Common Shares (Canada),2026-08-04,2026-08-05
ASMB,active,listed_common_stock_with_current_price,NASDAQ,"Assembly Biosciences, Inc. - Common Stock",2026-08-04,2026-08-05
ASML,active,listed_common_stock_with_current_price,NASDAQ,ASML Holding N.V. - New York Registry Shares,2026-08-04,2026-08-05
ASND,active,listed_common_stock_with_current_price,NASDAQ,Ascendis Pharma A/S - Ordinary Share,2026-08-04,2026-08-05
ASNS,inactive,not_in_current_exchange_directories,,,2026-08-04,2026-08-05
ASO,active,listed_common_stock_with_current_price,NASDAQ,"Academy Sports and Outdoors, Inc. - Common Stock",2026-08-04,2026-08-05
ASPI,active,listed_common_stock_with_current_price,NASDAQ,ASP Isotopes Inc. - Common Stock,2026-08-04,2026-08-05
ASPN,active,listed_common_stock_with_current_price,NYSE,"Aspen Aerogels, Inc. Common Stock",2026-08-04,2026-08-05
ASPS,active,listed_common_stock_with_current_price,NASDAQ,Altisource Portfolio Solutions S.A. - Common Stock,2026-08-04,2026-08-05
ASR,active,listed_common_stock_with_current_price,NYSE,"Grupo Aeroportuario del Sureste, S.A. de C.V. Common Stock",2026-08-04,2026-08-05
ASRT,inactive,not_in_current_exchange_directories,,,2026-06-29,2026-08-05
ASRV,active,listed_common_stock_with_current_price,NASDAQ,AmeriServ Financial Inc. - Common Stock,2026-08-04,2026-08-05
ASTC,active,listed_common_stock_with_current_price,NASDAQ,Astrotech Corporation - Common Stock,2026-08-04,2026-08-05
ASTE,active,listed_common_stock_with_current_price,NASDAQ,"Astec Industries, Inc. - Common Stock",2026-08-04,2026-08-05
ASTH,active,listed_common_stock_with_current_price,NASDAQ,Astrana Health Inc. - Common Stock,2026-08-04,2026-08-05
ASTI,active,listed_common_stock_with_current_price,NASDAQ,"Ascent Solar Technologies, Inc - Common Stock",2026-08-04,2026-08-05
ASTL,active,listed_common_stock_with_current_price,NASDAQ,Algoma Steel Group Inc. - Common Shares,2026-08-04,2026-08-05
ASTLW,inactive,non_common_stock:nasdaq_non_common_suffix,NASDAQ,Algoma Steel Group Inc. - Warrant,2026-08-04,2026-08-05
ASTS,active,listed_common_stock_with_current_price,NASDAQ,"AST SpaceMobile, Inc. - Class A Common Stock",2026-08-04,2026-08-05
ASUR,active,listed_common_stock_with_current_price,NASDAQ,Asure Software Inc - Common Stock,2026-08-04,2026-08-05
ASX,active,listed_common_stock_with_current_price,NYSE,"ASE Technology Holding Co., Ltd. American Depositary Shares (each representing Two Common Shares)",2026-08-04,2026-08-05
ASYS,active,listed_common_stock_with_current_price,NASDAQ,"Amtech Systems, Inc. - Common Stock",2026-08-04,2026-08-05
ATAI,active,listed_common_stock_with_current_price,NASDAQ,AtaiBeckley Inc. - Common Stock,2026-08-04,2026-08-05
ATAT,active,listed_common_stock_with_current_price,NASDAQ,Atour Lifestyle Holdings Limited - American Depositary Shares,2026-08-04,2026-08-05
ATCH,active,listed_common_stock_with_current_price,NYSE American,"AtlasClear Holdings, Inc. Common Stock",2026-08-04,2026-08-05
ATCX,active,listed_common_stock_with_current_price,NASDAQ,Atlas Critical Minerals Corporation - Common Stock,2026-08-04,2026-08-05
ATEC,active,listed_common_stock_with_current_price,NASDAQ,"Alphatec Holdings, Inc. - Common Stock",2026-08-04,2026-08-05
ATEN,active,listed_common_stock_with_current_price,NYSE,"A10 Networks, Inc. Common Stock",2026-08-04,2026-08-05
ATER,active,listed_common_stock_with_current_price,NASDAQ,"Aterian, Inc. - Common Stock",2026-08-04,2026-08-05
ATEX,active,listed_common_stock_with_current_price,NASDAQ,Anterix Inc. - Common Stock,2026-08-04,2026-08-05
ATHE,active,listed_common_stock_with_current_price,NASDAQ,Alterity Therapeutics Limited - American Depositary Shares,2026-08-04,2026-08-05
ATHM,active,listed_common_stock_with_current_price,NYSE,"Autohome Inc. American Depositary Shares, each representing four class A ordinary shares.",2026-08-04,2026-08-05
ATI,active,listed_common_stock_with_current_price,NYSE,ATI Inc. Common Stock,2026-08-04,2026-08-05
ATKR,active,listed_common_stock_with_current_price,NYSE,Atkore Inc. Common Stock,2026-08-04,2026-08-05
ATLC,active,listed_common_stock_with_current_price,NASDAQ,Atlanticus Holdings Corporation - Common Stock,2026-08-04,2026-08-05
ATLCL,inactive,non_common_stock:obvious_non_common_title,NASDAQ,Atlanticus Holdings Corporation - 6.125% Senior Notes due 2026,2026-08-04,2026-08-05
ATLCP,inactive,non_common_stock:nasdaq_non_common_suffix,NASDAQ,"Atlanticus Holdings Corporation - 7.625% Series B Cumulative Perpetual Preferred Stock, no par value per share",2026-08-04,2026-08-05
ATLN,inactive,not_in_current_exchange_directories,,,2026-07-17,2026-08-05
ATLO,active,listed_common_stock_with_current_price,NASDAQ,Ames National Corporation - Common Stock,2026-08-04,2026-08-05
ATLX,active,listed_common_stock_with_current_price,NASDAQ,Atlas Lithium Corporation - Common Stock,2026-08-04,2026-08-05
ATNI,active,listed_common_stock_with_current_price,NASDAQ,"ATN International, Inc. - Common Stock",2026-08-04,2026-08-05
ATNM,active,listed_common_stock_with_current_price,NYSE American,"Actinium Pharmaceuticals, Inc. (Delaware) Common Stock",2026-08-04,2026-08-05
ATO,active,listed_common_stock_with_current_price,NYSE,Atmos Energy Corporation Common Stock,2026-08-04,2026-08-05
ATOM,active,listed_common_stock_with_current_price,NASDAQ,Atomera Incorporated - Common Stock,2026-08-04,2026-08-05
ATOS,active,listed_common_stock_with_current_price,NASDAQ,"Atossa Therapeutics, Inc. - Common Stock",2026-08-04,2026-08-05
ATPC,active,listed_common_stock_with_current_price,NASDAQ,Agape ATP Corporation - Common Stock,2026-08-04,2026-08-05
ATR,active,listed_common_stock_with_current_price,NYSE,"AptarGroup, Inc. Common Stock",2026-08-04,2026-08-05
ATRA,active,listed_common_stock_with_current_price,NASDAQ,"Atara Biotherapeutics, Inc. - Common Stock",2026-08-04,2026-08-05
ATRC,active,listed_common_stock_with_current_price,NASDAQ,"AtriCure, Inc. - Common Stock",2026-08-04,2026-08-05
ATRO,active,listed_common_stock_with_current_price,NASDAQ,Astronics Corporation - Common Stock,2026-08-04,2026-08-05
ATS,active,listed_common_stock_with_current_price,NYSE,ATS Corporation Common Shares,2026-08-04,2026-08-05
ATXG,active,listed_common_stock_with_current_price,NASDAQ,Addentax Group Corp. - Common Stock,2026-08-04,2026-08-05
ATXI,inactive,not_in_current_exchange_directories,,,2026-08-04,2026-08-05
ATYR,active,listed_common_stock_with_current_price,NASDAQ,"aTyr Pharma, Inc. - Common Stock",2026-08-04,2026-08-05
AU,active,listed_common_stock_with_current_price,NYSE,AngloGold Ashanti PLC Ordinary Shares,2026-08-04,2026-08-05
AUB,active,listed_common_stock_with_current_price,NYSE,Atlantic Union Bankshares Corporation Common Stock,2026-08-04,2026-08-05
AUBN,active,listed_common_stock_with_current_price,NASDAQ,"Auburn National Bancorporation, Inc. - Common Stock",2026-08-04,2026-08-05
AUDC,active,listed_common_stock_with_current_price,NASDAQ,AudioCodes Ltd. - Ordinary Shares,2026-08-04,2026-08-05
AUID,active,listed_common_stock_with_current_price,NASDAQ,authID Inc. - Common Stock,2026-08-04,2026-08-05
AUPH,active,listed_common_stock_with_current_price,NASDAQ,Aurinia Pharmaceuticals Inc - Common Shares,2026-08-04,2026-08-05
AUR,active,listed_common_stock_with_current_price,NASDAQ,"Aurora Innovation, Inc.  - Class A Common Stock",2026-08-04,2026-08-05
AURA,active,listed_common_stock_with_current_price,NASDAQ,"Aura Biosciences, Inc. - Common Stock",2026-08-04,2026-08-05
AUROW,inactive,non_common_stock:nasdaq_non_common_suffix,NASDAQ,"Aurora Innovation, Inc.  - Warrant",2026-08-04,2026-08-05
AUST,active,listed_common_stock_with_current_price,NYSE American,Austin Gold Corp. Common Shares,2026-08-04,2026-08-05
AUTL,active,listed_common_stock_with_current_price,NASDAQ,Autolus Therapeutics plc - American Depositary Shares,2026-08-04,2026-08-05
AUUD,active,listed_common_stock_with_current_price,NASDAQ,Auddia Inc. - Common Stock,2026-08-04,2026-08-05
AVA,active,listed_common_stock_with_current_price,NYSE,Avista Corporation Common Stock,2026-08-04,2026-08-05
AVAH,active,listed_common_stock_with_current_price,NASDAQ,Aveanna Healthcare Holdings Inc. - Common Stock,2026-08-04,2026-08-05
AVAL,inactive,non_common_stock:obvious_non_common_title,NYSE,Grupo Aval Acciones y Valores S.A. ADR (Each representing 20 preferred shares),2026-08-04,2026-08-05
AVAV,active,listed_common_stock_with_current_price,NASDAQ,"AeroVironment, Inc. - Common Stock",2026-08-04,2026-08-05
AVB,active,listed_common_stock_with_current_price,NYSE,"AvalonBay Communities, Inc. Common Stock",2026-08-04,2026-08-05
AVD,active,listed_common_stock_with_current_price,NYSE,American Vanguard Corporation Common Stock ($0.10 Par Value),2026-08-04,2026-08-05
AVGO,active,listed_common_stock_with_current_price,NASDAQ,Broadcom Inc. - Common Stock,2026-08-04,2026-08-05
AVIR,active,listed_common_stock_with_current_price,NASDAQ,"Atea Pharmaceuticals, Inc. - common stock",2026-08-04,2026-08-05
AVNS,inactive,not_in_current_exchange_directories,,,2026-07-24,2026-08-05
AVNT,active,listed_common_stock_with_current_price,NYSE,Avient Corporation Common Stock,2026-08-04,2026-08-05
AVNW,active,listed_common_stock_with_current_price,NASDAQ,"Aviat Networks, Inc. - Common Stock",2026-08-04,2026-08-05
AVO,active,listed_common_stock_with_current_price,NASDAQ,"Mission Produce, Inc. - Common Stock",2026-08-04,2026-08-05
AVPT,active,listed_common_stock_with_current_price,NASDAQ,"AvePoint, Inc. - Class A Common Stock",2026-08-04,2026-08-05
AVT,active,listed_common_stock_with_current_price,NASDAQ,"Avnet, Inc. - Common Stock",2026-08-04,2026-08-05
AVTR,active,listed_common_stock_with_current_price,NYSE,"Avantor, Inc. Common Stock",2026-08-04,2026-08-05
AVTX,active,listed_common_stock_with_current_price,NASDAQ,"Avalo Therapeutics, Inc. - Common Stock",2026-08-04,2026-08-05
AVX,active,listed_common_stock_with_current_price,NASDAQ,Avax One Technology Ltd. - Common Shares,2026-08-04,2026-08-05
AVXL,active,listed_common_stock_with_current_price,NASDAQ,Anavex Life Sciences Corp. - Common Stock,2026-08-04,2026-08-05
AVY,active,listed_common_stock_with_current_price,NYSE,Avery Dennison Corporation Common Stock,2026-08-04,2026-08-05
AWI,active,listed_common_stock_with_current_price,NYSE,Armstrong World Industries Inc Common Stock,2026-08-04,2026-08-05
AWK,active,listed_common_stock_with_current_price,NYSE,"American Water Works Company, Inc. Common Stock",2026-08-04,2026-08-05
AWR,active,listed_common_stock_with_current_price,NYSE,American States Water Company Common Stock,2026-08-04,2026-08-05
AWRE,active,listed_common_stock_with_current_price,NASDAQ,"Aware, Inc. - Common Stock",2026-08-04,2026-08-05
AWX,active,listed_common_stock_with_current_price,NYSE American,Avalon Holdings Corporation Common Stock,2026-08-04,2026-08-05
AX,active,listed_common_stock_with_current_price,NYSE,"Axos Financial, Inc. Common Stock",2026-08-04,2026-08-05
AXGN,active,listed_common_stock_with_current_price,NASDAQ,"Axogen, Inc. - Common Stock",2026-08-04,2026-08-05
AXIA,active,listed_common_stock_with_current_price,NYSE,AXIA Energia American Depositary Shares (Each representing one Common Share),2026-08-04,2026-08-05
AXON,active,listed_common_stock_with_current_price,NASDAQ,"Axon Enterprise, Inc. - Common Stock",2026-08-04,2026-08-05
AXP,active,listed_common_stock_with_current_price,NYSE,American Express Company Common Stock,2026-08-04,2026-08-05
AXR,active,listed_common_stock_with_current_price,NYSE,AMREP Corporation Common Stock,2026-08-04,2026-08-05
AXS,active,listed_common_stock_with_current_price,NYSE,Axis Capital Holdings Limited Common Stock,2026-08-04,2026-08-05
AXSM,active,listed_common_stock_with_current_price,NASDAQ,"Axsome Therapeutics, Inc. - Common Stock",2026-08-04,2026-08-05
AXTA,active,listed_common_stock_with_current_price,NYSE,Axalta Coating Systems Ltd. Common Shares,2026-08-04,2026-08-05
AXTI,active,listed_common_stock_with_current_price,NASDAQ,AXT Inc - Common Stock,2026-08-04,2026-08-05
AYI,active,listed_common_stock_with_current_price,NYSE,Acuity Inc. Common Stock,2026-08-04,2026-08-05
AYTU,active,listed_common_stock_with_current_price,NASDAQ,"Aytu BioPharma, Inc.  - Common Stock",2026-08-04,2026-08-05
AZ,active,listed_common_stock_with_current_price,NASDAQ,A2Z Cust2Mate Solutions Corp. - Common Shares,2026-08-04,2026-08-05
AZN,active,listed_common_stock_with_current_price,NYSE,AstraZeneca PLC Ordinary Shares,2026-08-04,2026-08-05
AZO,active,listed_common_stock_with_current_price,NYSE,"AutoZone, Inc. Common Stock",2026-08-04,2026-08-05
AZTA,active,listed_common_stock_with_current_price,NASDAQ,"Azenta, Inc. - Common Stock",2026-08-04,2026-08-05
AZZ,active,listed_common_stock_with_current_price,NYSE,AZZ Inc.,2026-08-04,2026-08-05
B,active,listed_common_stock_with_current_price,NYSE,Barrick Mining Corporation Common Shares,2026-08-04,2026-08-05
BA,active,listed_common_stock_with_current_price,NYSE,Boeing Company (The) Common Stock,2026-08-04,2026-08-05
BABA,active,listed_common_stock_with_current_price,NYSE,Alibaba Group Holding Limited American Depositary Shares each representing eight Ordinary share,2026-08-04,2026-08-05
BAC,active,listed_common_stock_with_current_price,NYSE,Bank of America Corporation Common Stock,2026-08-04,2026-08-05
BAER,active,listed_common_stock_with_current_price,NASDAQ,"Bridger Aerospace Group Holdings, Inc. - Common Stock",2026-08-04,2026-08-05
BAERW,inactive,non_common_stock:nasdaq_non_common_suffix,NASDAQ,"Bridger Aerospace Group Holdings, Inc. - Warrant",2026-08-04,2026-08-05
BAFN,active,listed_common_stock_with_current_price,NASDAQ,BayFirst Financial Corp. - Common Stock,2026-08-04,2026-08-05
BAH,active,listed_common_stock_with_current_price,NYSE,Booz Allen Hamilton Holding Corporation Common Stock,2026-08-04,2026-08-05
BAK,active,listed_common_stock_with_current_price,NYSE,Braskem SA ADR,2026-08-04,2026-08-05
BALL,active,listed_common_stock_with_current_price,NYSE,Ball Corporation Common Stock,2026-08-04,2026-08-05
BALY,active,listed_common_stock_with_current_price,NYSE,Bally's Corporation Common Stock,2026-08-04,2026-08-05
BAM,active,listed_common_stock_with_current_price,NYSE,Brookfield Asset Management Inc Class A Limited Voting Shares,2026-08-04,2026-08-05
BANC,active,listed_common_stock_with_current_price,NYSE,"Banc of California, Inc. Common Stock",2026-08-04,2026-08-05
BAND,active,listed_common_stock_with_current_price,NASDAQ,Bandwidth Inc. - Class A Common Stock,2026-08-04,2026-08-05
BANF,active,listed_common_stock_with_current_price,NASDAQ,BancFirst Corporation - Common Stock,2026-08-04,2026-08-05
BANFP,inactive,non_common_stock:nasdaq_non_common_suffix,NASDAQ,BancFirst Corporation - 7.2% Cumulative Trust Preferred Securities,2026-08-04,2026-08-05
BANR,active,listed_common_stock_with_current_price,NASDAQ,Banner Corporation - Common Stock,2026-08-04,2026-08-05
BANX,active,listed_common_stock_with_current_price,NASDAQ,ArrowMark Financial Corp. - Closed End Fund,2026-08-04,2026-08-05
BAOS,active,listed_common_stock_with_current_price,NASDAQ,Baosheng Media Group Holdings Limited - Ordinary shares,2026-08-04,2026-08-05
BAP,active,listed_common_stock_with_current_price,NYSE,Credicorp Ltd. Common Stock,2026-08-04,2026-08-05
BARK,active,listed_common_stock_with_current_price,NYSE,"BARK, Inc. Class A Common Stock",2026-08-04,2026-08-05
BATL,active,listed_common_stock_with_current_price,NYSE American,Battalion Oil Corporation Common Stock,2026-08-04,2026-08-05
BATRA,active,listed_common_stock_with_current_price,NASDAQ,"Atlanta Braves Holdings, Inc. - Series A Common Stock",2026-08-04,2026-08-05
BATRK,active,listed_common_stock_with_current_price,NASDAQ,"Atlanta Braves Holdings, Inc. - Series C Common Stock",2026-08-04,2026-08-05
BAX,active,listed_common_stock_with_current_price,NYSE,Baxter International Inc. Common Stock,2026-08-04,2026-08-05
BB,active,listed_common_stock_with_current_price,NYSE,BlackBerry Limited Common Stock,2026-08-04,2026-08-05
BBAI,active,listed_common_stock_with_current_price,NYSE,"BigBear.ai, Inc. Common Stock",2026-08-04,2026-08-05
BBAR,active,listed_common_stock_with_current_price,NYSE,Banco BBVA Argentina S.A. ADS,2026-08-04,2026-08-05
BBBY,active,listed_common_stock_with_current_price,NYSE,"Bed Bath & Beyond, Inc. Common Stock",2026-08-04,2026-08-05
BBCP,active,listed_common_stock_with_current_price,NASDAQ,"Concrete Pumping Holdings, Inc.  - Common Stock",2026-08-04,2026-08-05
BBD,active,listed_common_stock_with_current_price,NYSE,Banco Bradesco Sa American Depositary Shares,2026-08-04,2026-08-05
BBDC,active,listed_common_stock_with_current_price,NYSE,"Barings BDC, Inc. Common Stock",2026-08-04,2026-08-05
BBDO,active,listed_common_stock_with_current_price,NYSE,Banco Bradesco Sa American Depositary Shares (each representing one Common Share),2026-08-04,2026-08-05
BBGI,active,listed_common_stock_with_current_price,NASDAQ,"Beasley Broadcast Group, Inc. - Class A Common Stock",2026-08-04,2026-08-05
BBIO,active,listed_common_stock_with_current_price,NASDAQ,"BridgeBio Pharma, Inc. - Common Stock",2026-08-04,2026-08-05
BBLG,active,listed_common_stock_with_current_price,NASDAQ,Bone Biologics Corp - Common Stock,2026-08-04,2026-08-05
BBLGW,inactive,non_common_stock:nasdaq_non_common_suffix,NASDAQ,Bone Biologics Corp - warrants,2026-08-04,2026-08-05
BBSI,active,listed_common_stock_with_current_price,NASDAQ,"Barrett Business Services, Inc. - Common Stock",2026-08-04,2026-08-05
BBT,active,listed_common_stock_with_current_price,NYSE,Beacon Financial Corporation Common stock,2026-08-04,2026-08-05
BBU,inactive,not_in_current_exchange_directories,,,2026-05-29,2026-08-05
BBUC,active,listed_common_stock_with_current_price,NYSE,Brookfield Business Corporation Class A Subordinate Voting Shares,2026-08-04,2026-08-05
BBVA,active,listed_common_stock_with_current_price,NYSE,Banco Bilbao Vizcaya Argentaria S.A. Common Stock,2026-08-04,2026-08-05
BBW,active,listed_common_stock_with_current_price,NYSE,"Build-A-Bear Workshop, Inc. Common Stock",2026-08-04,2026-08-05
BBWI,active,listed_common_stock_with_current_price,NYSE,"Bath & Body Works, Inc.",2026-08-04,2026-08-05
BBY,active,listed_common_stock_with_current_price,NYSE,"Best Buy Co., Inc. Common Stock",2026-08-04,2026-08-05
BC,active,listed_common_stock_with_current_price,NYSE,Brunswick Corporation Common Stock,2026-08-04,2026-08-05
BCAB,active,listed_common_stock_with_current_price,NASDAQ,"BioAtla, Inc. - Common Stock",2026-08-04,2026-08-05
BCAL,active,listed_common_stock_with_current_price,NASDAQ,California BanCorp - Common Stock,2026-08-04,2026-08-05
BCAT,active,listed_common_stock_with_current_price,NYSE,BlackRock Capital Allocation Term Trust Common Shares of Beneficial Interest,2026-08-04,2026-08-05
BCBP,active,listed_common_stock_with_current_price,NASDAQ,"BCB Bancorp, Inc. (NJ) - Common Stock",2026-08-04,2026-08-05
BCC,active,listed_common_stock_with_current_price,NYSE,"Boise Cascade, L.L.C. Common Stock",2026-08-04,2026-08-05
BCDA,active,listed_common_stock_with_current_price,NASDAQ,"BioCardia, Inc. - Common Stock",2026-08-04,2026-08-05
BCE,active,listed_common_stock_with_current_price,NYSE,"BCE, Inc. Common Stock",2026-08-04,2026-08-05
BCH,active,listed_common_stock_with_current_price,NYSE,Banco De Chile ADS,2026-08-04,2026-08-05
BCIC,active,listed_common_stock_with_current_price,NASDAQ,BCP Investment Corporation - Closed End Fund,2026-08-04,2026-08-05
BCLI,inactive,not_in_current_exchange_directories,,,2026-08-04,2026-08-05
BCML,active,listed_common_stock_with_current_price,NASDAQ,BayCom Corp - Common Stock,2026-08-04,2026-08-05
BCO,active,listed_common_stock_with_current_price,NYSE,Brinks Company (The) Common Stock,2026-08-04,2026-08-05
BCOW,inactive,not_in_current_exchange_directories,,,2026-08-04,2026-08-05
BCPC,active,listed_common_stock_with_current_price,NASDAQ,Balchem Corporation - Common Stock,2026-08-04,2026-08-05
BCRX,active,listed_common_stock_with_current_price,NASDAQ,"BioCryst Pharmaceuticals, Inc. - Common Stock",2026-08-04,2026-08-05
BCS,active,listed_common_stock_with_current_price,NYSE,Barclays PLC Common Stock,2026-08-04,2026-08-05
BCSF,active,listed_common_stock_with_current_price,NYSE,"Bain Capital Specialty Finance, Inc. Common Stock",2026-08-04,2026-08-05
BCTX,active,listed_common_stock_with_current_price,NASDAQ,BriaCell Therapeutics Corp. - Common Shares,2026-08-04,2026-08-05
BCYC,active,listed_common_stock_with_current_price,NASDAQ,Bicycle Therapeutics plc - American Depositary Shares,2026-08-04,2026-08-05
BDC,active,listed_common_stock_with_current_price,NYSE,Belden Inc Common Stock,2026-08-04,2026-08-05
BDCX,inactive,exchange_directory_etf,NYSE Arca,"ETRACS Quarterly Pay 1.5x Leveraged MarketVector BDC Liquid Index ETN due June 10, 2050",2026-08-04,2026-08-05
BDL,active,listed_common_stock_with_current_price,NYSE American,"Flanigan's Enterprises, Inc. Common Stock",2026-08-04,2026-08-05
BDN,active,listed_common_stock_with_current_price,NYSE,Brandywine Realty Trust Common Stock,2026-08-04,2026-08-05
BDRX,active,listed_common_stock_with_current_price,NASDAQ,Biodexa Pharmaceuticals plc - American Depositary Shares,2026-08-04,2026-08-05
BDSX,active,listed_common_stock_with_current_price,NASDAQ,"Biodesix, Inc. - Common Stock",2026-08-04,2026-08-05
BDTX,active,listed_common_stock_with_current_price,NASDAQ,"Black Diamond Therapeutics, Inc. - Common Stock",2026-08-04,2026-08-05
BDX,active,listed_common_stock_with_current_price,NYSE,"Becton, Dickinson and Company Common Stock",2026-08-04,2026-08-05
BE,active,listed_common_stock_with_current_price,NYSE,Bloom Energy Corporation Class A Common Stock,2026-08-04,2026-08-05
BEAM,active,listed_common_stock_with_current_price,NASDAQ,Beam Therapeutics Inc. - Common Stock,2026-08-04,2026-08-05
BEAT,active,listed_common_stock_with_current_price,NASDAQ,"Heartbeam, Inc. - Common Stock",2026-08-04,2026-08-05
BEATW,inactive,non_common_stock:nasdaq_non_common_suffix,NASDAQ,"Heartbeam, Inc. - Warrant",2026-08-04,2026-08-05
BEEM,active,listed_common_stock_with_current_price,NASDAQ,Beam Global - Common Stock,2026-08-04,2026-08-05
BEEP,active,listed_common_stock_with_current_price,NASDAQ,Mobile Infrastructure Corporation - Common Stock,2026-08-04,2026-08-05
BEKE,active,listed_common_stock_with_current_price,NYSE,KE Holdings Inc American Depositary Shares (each representing three Class A Ordinary Shares),2026-08-04,2026-08-05
BELFA,active,listed_common_stock_with_current_price,NASDAQ,Bel Fuse Inc. - Class A Common Stock,2026-08-04,2026-08-05
BELFB,active,listed_common_stock_with_current_price,NASDAQ,Bel Fuse Inc. - Class B Common Stock,2026-08-04,2026-08-05
BEN,active,listed_common_stock_with_current_price,NYSE,"Franklin Resources, Inc. Common Stock",2026-08-04,2026-08-05
BEP,inactive,non_common_stock:obvious_non_common_title,NYSE,Brookfield Renewable Partners L.P. Limited Partnership Units,2026-08-04,2026-08-05
BEPC,active,listed_common_stock_with_current_price,NYSE,Brookfield Renewable Corporation Brookfield Renewable Corporation Class A Subordinate Voting Shares,2026-08-04,2026-08-05
BEPH,inactive,non_common_stock:obvious_non_common_title,NYSE,Brookfield BRP Holdings (Canada) Inc. 4.625% Perpetual Subordinated Notes,2026-08-04,2026-08-05
BEPI,inactive,non_common_stock:obvious_non_common_title,NYSE,Brookfield BRP Holdings (Canada) Inc. 4.875% Perpetual Subordinated Notes,2026-08-04,2026-08-05
BERZ,inactive,exchange_directory_etf,NYSE Arca,MicroSectors FANG & Innovation -3x Inverse Leveraged ETN,2026-08-04,2026-08-05
BETR,active,listed_common_stock_with_current_price,NASDAQ,Better Home & Finance Holding Company - Class A Common Stock,2026-08-04,2026-08-05
BETRW,inactive,non_common_stock:nasdaq_non_common_suffix,NASDAQ,Better Home & Finance Holding Company - Warrant,2026-08-04,2026-08-05
BF-A,active,listed_common_stock_with_current_price,NYSE,Brown Forman Inc Class A Common Stock,2026-08-04,2026-08-05
BF-B,active,listed_common_stock_with_current_price,NYSE,Brown Forman Inc Class B Common Stock,2026-08-04,2026-08-05
BFAM,active,listed_common_stock_with_current_price,NYSE,Bright Horizons Family Solutions Inc. Common Stock,2026-08-04,2026-08-05
BFC,active,listed_common_stock_with_current_price,NASDAQ,Bank First Corporation - Common Stock,2026-08-04,2026-08-05
BFH,active,listed_common_stock_with_current_price,NYSE,"Bread Financial Holdings, Inc. Common Stock",2026-08-04,2026-08-05
BFLY,active,listed_common_stock_with_current_price,NYSE,"Butterfly Network, Inc. Class A Common Stock",2026-08-04,2026-08-05
BFRI,active,listed_common_stock_with_current_price,NASDAQ,Biofrontera Inc. - Common Stock,2026-08-04,2026-08-05
BFRIW,inactive,non_common_stock:nasdaq_non_common_suffix,NASDAQ,Biofrontera Inc. - Warrants,2026-07-17,2026-08-05
BFS,active,listed_common_stock_with_current_price,NYSE,"Saul Centers, Inc. Common Stock",2026-08-04,2026-08-05
BFST,active,listed_common_stock_with_current_price,NASDAQ,"Business First Bancshares, Inc. - Common Stock",2026-08-04,2026-08-05
BG,active,listed_common_stock_with_current_price,NYSE,Bunge Limited Common Shares,2026-08-04,2026-08-05
BGC,active,listed_common_stock_with_current_price,NASDAQ,"BGC Group, Inc. - Class A Common Stock",2026-08-04,2026-08-05
BGI,active,listed_common_stock_with_current_price,NYSE American,Birks Group Inc. Common Stock,2026-08-04,2026-08-05
BGLC,active,listed_common_stock_with_current_price,NASDAQ,BioNexus Gene Lab Corp - Common stock,2026-08-04,2026-08-05
BGMS,active,listed_common_stock_with_current_price,NASDAQ,"Bio Green Med Solution, Inc. - Common Stock",2026-08-04,2026-08-05
BGMSP,inactive,not_in_current_exchange_directories,,,2026-08-03,2026-08-05
BGS,active,listed_common_stock_with_current_price,NYSE,"B&G Foods, Inc. Common Stock",2026-08-04,2026-08-05
BGSF,active,listed_common_stock_with_current_price,NYSE,"BGSF, Inc. Common Stock",2026-08-04,2026-08-05
BH,active,listed_common_stock_with_current_price,NYSE,Biglari Holdings Inc. Class B Common Stock,2026-08-04,2026-08-05
BH-A,active,listed_common_stock_with_current_price,NYSE,Biglari Holdings Inc. Class A Common Stock,2026-08-04,2026-08-05
BHB,active,listed_common_stock_with_current_price,NYSE American,"Bar Harbor Bankshares, Inc. Common Stock",2026-08-04,2026-08-05
BHC,active,listed_common_stock_with_current_price,NYSE,Bausch Health Companies Inc. Common Stock,2026-08-04,2026-08-05
BHE,active,listed_common_stock_with_current_price,NYSE,"Benchmark Electronics, Inc. Common Stock",2026-08-04,2026-08-05
BHF,active,listed_common_stock_with_current_price,NASDAQ,"Brighthouse Financial, Inc. - Common Stock",2026-08-04,2026-08-05
BHFAL,inactive,non_common_stock:obvious_non_common_title,NASDAQ,"Brighthouse Financial, Inc. - Junior Subordinated Debentures due 2058",2026-08-04,2026-08-05
BHFAM,inactive,non_common_stock:obvious_non_common_title,NASDAQ,"Brighthouse Financial, Inc. - Depositary shares each representing a 1/1,000th Interest in a Share of 4.625% Non-Cumulative Preferred Stock, Series D",2026-08-04,2026-08-05
BHFAN,inactive,non_common_stock:obvious_non_common_title,NASDAQ,"Brighthouse Financial, Inc. - depositary shares, each representing a 1/1,000th interest in a share of 5.375% Non-Cumulative Preferred Stock, Series C",2026-08-04,2026-08-05
BHFAO,inactive,non_common_stock:obvious_non_common_title,NASDAQ,"Brighthouse Financial, Inc. - Depositary Shares, each representing a 1/1,000th interest in a share of 6.750% Non-Cumulative Preferred Stock, Series B",2026-08-04,2026-08-05
BHFAP,inactive,non_common_stock:nasdaq_non_common_suffix,NASDAQ,"Brighthouse Financial, Inc. - Depositary Shares 6.6% Non-Cumulative Preferred Stock, Series A",2026-08-04,2026-08-05
BHM,active,listed_common_stock_with_current_price,NYSE American,"Bluerock Homes Trust, Inc. Class A Common Stock",2026-08-04,2026-08-05
BHP,active,listed_common_stock_with_current_price,NYSE,BHP Group Limited American Depositary Shares (Each representing two Ordinary Shares),2026-08-04,2026-08-05
BHR,active,listed_common_stock_with_current_price,NYSE,Braemar Hotels & Resorts Inc. Common Stock,2026-08-04,2026-08-05
BHRB,active,listed_common_stock_with_current_price,NASDAQ,Burke & Herbert Financial Services Corp. - Common Stock,2026-08-04,2026-08-05
BHVN,active,listed_common_stock_with_current_price,NYSE,Biohaven Ltd. Common Shares,2026-08-04,2026-08-05
BIAF,active,listed_common_stock_with_current_price,NASDAQ,"bioAffinity Technologies, Inc. - Common Stock",2026-08-04,2026-08-05
BIAFW,inactive,non_common_stock:nasdaq_non_common_suffix,NASDAQ,"bioAffinity Technologies, Inc. - Warrant",2026-08-04,2026-08-05
BIDU,active,listed_common_stock_with_current_price,NASDAQ,"Baidu, Inc. - American Depositary Shares, each representing 8 ordinary share",2026-08-04,2026-08-05
BIIB,active,listed_common_stock_with_current_price,NASDAQ,Biogen Inc. - Common Stock,2026-08-04,2026-08-05
BILI,active,listed_common_stock_with_current_price,NASDAQ,Bilibili Inc. - American Depositary Shares,2026-08-04,2026-08-05
BILL,active,listed_common_stock_with_current_price,NYSE,"BILL Holdings, Inc. Common Stock",2026-08-04,2026-08-05
BIO,active,listed_common_stock_with_current_price,NYSE,"Bio-Rad Laboratories, Inc. Class A Common Stock",2026-08-04,2026-08-05
BIO-B,active,listed_common_stock_with_current_price,NYSE,"Bio-Rad Laboratories, Inc. Class B  Common Stock",2026-08-04,2026-08-05
BIOA,active,listed_common_stock_with_current_price,NASDAQ,"BioAge Labs, Inc. - Common Stock",2026-08-04,2026-08-05
BIOX,active,listed_common_stock_with_current_price,NASDAQ,Bioceres Crop Solutions Corp. - Ordinary Shares,2026-08-04,2026-08-05
BIP,inactive,non_common_stock:obvious_non_common_title,NYSE,Brookfield Infrastructure Partners LP Limited Partnership Units,2026-08-04,2026-08-05
BIPC,active,listed_common_stock_with_current_price,NYSE,Brookfield Infrastructure Corporation Brookfield Infrastructure Corporation,2026-08-04,2026-08-05
BIPH,inactive,non_common_stock:obvious_non_common_title,NYSE,Brookfield Infrastructure Corporation 5.000% Subordinated Notes due 2081,2026-08-04,2026-08-05
BIPI,inactive,non_common_stock:obvious_non_common_title,NYSE,BIP Bermuda Holdings I Limited 5.125% Perpetual Subordinated Notes,2026-08-04,2026-08-05
BIRD,active,listed_common_stock_with_current_price,NASDAQ,"Smartbird, Inc. - Class A Common Stock",2026-08-04,2026-08-05
BIVI,active,listed_common_stock_with_current_price,NASDAQ,BioVie Inc. - Common stock,2026-08-04,2026-08-05
BJ,active,listed_common_stock_with_current_price,NYSE,"BJ's Wholesale Club Holdings, Inc. Common Stock",2026-08-04,2026-08-05
BJDX,active,listed_common_stock_with_current_price,NASDAQ,"Bluejay Diagnostics, Inc. - Common Stock",2026-08-04,2026-08-05
BJRI,active,listed_common_stock_with_current_price,NASDAQ,"BJ's Restaurants, Inc. - Common Stock",2026-08-04,2026-08-05
BK,inactive,not_in_current_exchange_directories,,,2026-07-17,2026-08-05
BKD,active,listed_common_stock_with_current_price,NYSE,Brookdale Senior Living Inc. Common Stock,2026-08-04,2026-08-05
BKE,active,listed_common_stock_with_current_price,NYSE,"Buckle, Inc. (The) Common Stock",2026-08-04,2026-08-05
BKH,active,listed_common_stock_with_current_price,NYSE,Black Hills Corporation Common Stock,2026-08-04,2026-08-05
BKKT,active,listed_common_stock_with_current_price,NYSE,"Bakkt, Inc. Class A Common Stock",2026-08-04,2026-08-05
BKNG,active,listed_common_stock_with_current_price,NASDAQ,Booking Holdings Inc. - Common Stock,2026-08-04,2026-08-05
BKR,active,listed_common_stock_with_current_price,NASDAQ,Baker Hughes Company - Common Stock,2026-08-04,2026-08-05
BKSY,active,listed_common_stock_with_current_price,NYSE,BlackSky Technology Inc. Class A Common Stock,2026-08-04,2026-08-05
BKTI,active,listed_common_stock_with_current_price,NYSE American,BK Technologies Corporation Common Stock,2026-08-04,2026-08-05
BKU,active,listed_common_stock_with_current_price,NYSE,"BankUnited, Inc. Common Stock",2026-08-04,2026-08-05
BKYI,active,listed_common_stock_with_current_price,NASDAQ,"BIO-key International, Inc. - Common Stock",2026-08-04,2026-08-05
BL,active,listed_common_stock_with_current_price,NASDAQ,"BlackLine, Inc. - Common Stock",2026-08-04,2026-08-05
BLBD,active,listed_common_stock_with_current_price,NASDAQ,Blue Bird Corporation - Common Stock,2026-08-04,2026-08-05
BLCO,active,listed_common_stock_with_current_price,NYSE,Bausch + Lomb Corporation Common Shares,2026-08-04,2026-08-05
BLD,inactive,not_in_current_exchange_directories,,,2026-07-02,2026-08-05
BLDP,active,listed_common_stock_with_current_price,NASDAQ,"Ballard Power Systems, Inc. - Common Shares",2026-08-04,2026-08-05
BLDR,active,listed_common_stock_with_current_price,NYSE,"Builders FirstSource, Inc. Common Stock",2026-08-04,2026-08-05
BLFS,active,listed_common_stock_with_current_price,NASDAQ,"BioLife Solutions, Inc. - Common Stock",2026-08-04,2026-08-05
BLFY,inactive,not_in_current_exchange_directories,,,2026-04-01,2026-08-05
BLIN,active,listed_common_stock_with_current_price,NASDAQ,"Bridgeline Digital, Inc. - Common Stock",2026-08-04,2026-08-05
BLK,active,listed_common_stock_with_current_price,NYSE,"BlackRock, Inc. Common Stock",2026-08-04,2026-08-05
BLKB,active,listed_common_stock_with_current_price,NASDAQ,"Blackbaud, Inc. - Common Stock",2026-08-04,2026-08-05
BLMN,active,listed_common_stock_with_current_price,NASDAQ,"Bloomin' Brands, Inc. - Common Stock",2026-08-04,2026-08-05
BLND,active,listed_common_stock_with_current_price,NYSE,"Blend Labs, Inc. Class A Common Stock",2026-08-04,2026-08-05
BLNE,active,listed_common_stock_with_current_price,NASDAQ,"Beeline Holdings, Inc. - Common Stock",2026-08-04,2026-08-05
BLNK,active,listed_common_stock_with_current_price,NASDAQ,Blink Charging Co. - Common Stock,2026-08-04,2026-08-05
BLRX,active,listed_common_stock_with_current_price,NASDAQ,BioLineRx Ltd. - American Depositary Shares,2026-08-04,2026-08-05
BLTE,active,listed_common_stock_with_current_price,NASDAQ,"Belite Bio, Inc - American Depositary Shares",2026-08-04,2026-08-05
BLX,active,listed_common_stock_with_current_price,NYSE,"Bladex, Inc. Class E Common Stock",2026-08-04,2026-08-05
BLZE,active,listed_common_stock_with_current_price,NASDAQ,"Backblaze, Inc. - Common Stock",2026-08-04,2026-08-05
BMA,active,listed_common_stock_with_current_price,NYSE,Banco Macro S.A.  ADR (representing Ten Class B Common Shares),2026-08-04,2026-08-05
BMBL,active,listed_common_stock_with_current_price,NASDAQ,Bumble Inc. - common stock,2026-08-04,2026-08-05
BMEA,active,listed_common_stock_with_current_price,NASDAQ,"Biomea Fusion, Inc. - Common Stock",2026-08-04,2026-08-05
BMEZ,active,listed_common_stock_with_current_price,NYSE,BlackRock Health Sciences Term Trust Common Shares of Beneficial Interest,2026-08-04,2026-08-05
BMI,active,listed_common_stock_with_current_price,NYSE,"Badger Meter, Inc. Common Stock",2026-08-04,2026-08-05
BMN,active,listed_common_stock_with_current_price,NYSE,BlackRock 2037 Municipal Target Term Trust Common Shares of Beneficial Interest,2026-08-04,2026-08-05
BMO,active,listed_common_stock_with_current_price,NYSE,Bank Of Montreal Common Stock,2026-08-04,2026-08-05
BMR,active,listed_common_stock_with_current_price,NASDAQ,Beamr Imaging Ltd. - Ordinary Share,2026-08-04,2026-08-05
BMRA,active,listed_common_stock_with_current_price,NASDAQ,"Biomerica, Inc. - Common Stock",2026-08-04,2026-08-05
BMRC,active,listed_common_stock_with_current_price,NASDAQ,Bank of Marin Bancorp - Common Stock,2026-08-04,2026-08-05
BMRN,active,listed_common_stock_with_current_price,NASDAQ,BioMarin Pharmaceutical Inc. - Common Stock,2026-08-04,2026-08-05
BMY,active,listed_common_stock_with_current_price,NYSE,Bristol-Myers Squibb Company Common Stock,2026-08-04,2026-08-05
BN,active,listed_common_stock_with_current_price,NYSE,Brookfield Corporation Class A Limited Voting Shares,2026-08-04,2026-08-05
BNAIW,inactive,non_common_stock:nasdaq_non_common_suffix,NASDAQ,Brand Engagement Network Inc. - Warrant,2026-07-17,2026-08-05
BNBX,inactive,not_in_current_exchange_directories,,,2026-08-04,2026-08-05
BNC,active,listed_common_stock_with_current_price,NASDAQ,CEA Industries Inc. - Common Stock,2026-08-04,2026-08-05
BNCWW,inactive,non_common_stock:nasdaq_non_common_suffix,NASDAQ,CEA Industries Inc. - Warrant,2026-07-17,2026-08-05
BNED,active,listed_common_stock_with_current_price,NYSE,"Barnes & Noble Education, Inc Common Stock",2026-08-04,2026-08-05
BNGO,active,listed_common_stock_with_current_price,NASDAQ,"Bionano Genomics, Inc. - Common Stock",2026-08-04,2026-08-05
BNH,inactive,non_common_stock:obvious_non_common_title,NYSE,"Brookfield Finance Inc. 4.625% Subordinated Notes due October 16, 2080",2026-08-04,2026-08-05
BNJ,inactive,non_common_stock:obvious_non_common_title,NYSE,Brookfield Finance Inc. 4.50% Perpetual Subordinated Notes,2026-08-04,2026-08-05
BNKK,active,listed_common_stock_with_current_price,NASDAQ,"Bonk, Inc. - Common Stock",2026-08-04,2026-08-05
BNL,active,listed_common_stock_with_current_price,NYSE,"Broadstone Net Lease, Inc. Common Stock",2026-08-04,2026-08-05
BNR,active,listed_common_stock_with_current_price,NASDAQ,Burning Rock Biotech Limited - American Depositary Shares,2026-08-04,2026-08-05
BNRG,active,listed_common_stock_with_current_price,NASDAQ,Brenmiller Energy Ltd - Ordinary Shares,2026-08-04,2026-08-05
BNS,inactive,non_common_stock:obvious_non_common_title,NYSE,Bank Nova Scotia Halifax Pfd 3 Ordinary Shares,2026-08-04,2026-08-05
BNT,active,listed_common_stock_with_current_price,NYSE,Brookfield Wealth Solutions Ltd. Class A Exchangeable Limited Voting Shares,2026-08-04,2026-08-05
BNTC,active,listed_common_stock_with_current_price,NASDAQ,Benitec Biopharma Inc. - Common Stock,2026-08-04,2026-08-05
BNTX,active,listed_common_stock_with_current_price,NASDAQ,BioNTech SE - American Depositary Shares,2026-08-04,2026-08-05
BNZI,active,listed_common_stock_with_current_price,NASDAQ,"Banzai International, Inc. - Class A Common Stock",2026-08-04,2026-08-05
BNZIW,inactive,non_common_stock:nasdaq_non_common_suffix,NASDAQ,"Banzai International, Inc. - Warrant",2026-08-04,2026-08-05
BOC,active,listed_common_stock_with_current_price,NYSE,Boston Omaha Corporation Class A Common Stock,2026-08-04,2026-08-05
BODI,active,listed_common_stock_with_current_price,NASDAQ,"The Beachbody Company, Inc. - Class A Common Stock",2026-08-04,2026-08-05
BOH,active,listed_common_stock_with_current_price,NYSE,Bank of Hawaii Corporation Common Stock,2026-08-04,2026-08-05
BOKF,active,listed_common_stock_with_current_price,NASDAQ,BOK Financial Corporation - Common Stock,2026-08-04,2026-08-05
BOLD,active,listed_common_stock_with_current_price,NASDAQ,"Boundless Bio, Inc. - Common Stock",2026-08-04,2026-08-05
BOLT,active,listed_common_stock_with_current_price,NASDAQ,"Bolt Biotherapeutics, Inc. - Common Stock",2026-08-04,2026-08-05
BON,active,listed_common_stock_with_current_price,NASDAQ,Bon Natural Life Limited - Class A Ordinary Shares,2026-08-04,2026-08-05
BOOM,active,listed_common_stock_with_current_price,NASDAQ,DMC Global Inc. - Common Stock,2026-08-04,2026-08-05
BOOT,active,listed_common_stock_with_current_price,NYSE,"Boot Barn Holdings, Inc. Common Stock",2026-08-04,2026-08-05
BORR,active,listed_common_stock_with_current_price,NYSE,Borr Drilling Limited Common Shares,2026-08-04,2026-08-05
BOSC,active,listed_common_stock_with_current_price,NASDAQ,B.O.S. Better Online Solutions - Ordinary Shares,2026-08-04,2026-08-05
BOTJ,active,listed_common_stock_with_current_price,NASDAQ,"Bank of the James Financial Group, Inc. - Common Stock",2026-08-04,2026-08-05
BOX,active,listed_common_stock_with_current_price,NYSE,"Box, Inc. Class A Common Stock",2026-08-04,2026-08-05
BP,active,listed_common_stock_with_current_price,NYSE,BP p.l.c. Common Stock,2026-08-04,2026-08-05
BPOP,active,listed_common_stock_with_current_price,NASDAQ,"Popular, Inc. - Common Stock",2026-08-04,2026-08-05
BPOPM,inactive,non_common_stock:obvious_non_common_title,NASDAQ,"Popular, Inc. - Popular Capital Trust II - 6.125% Cumulative Monthly Income Trust Preferred Securities",2026-08-04,2026-08-05
BPRN,active,listed_common_stock_with_current_price,NASDAQ,"Princeton Bancorp, Inc. - Common Stock",2026-08-04,2026-08-05
BPYPM,inactive,non_common_stock:obvious_non_common_title,NASDAQ,"Brookfield Property Partners L.P. - 6.25% Class A Cumulative Redeemable Preferred Units, Series 1",2026-08-04,2026-08-05
BPYPN,inactive,non_common_stock:obvious_non_common_title,NASDAQ,"Brookfield Property Partners L.P. - 5.750% Class A Cumulative Redeemable Perpetual Preferred Units, Series 3",2026-08-04,2026-08-05
BPYPO,inactive,non_common_stock:obvious_non_common_title,NASDAQ,"Brookfield Property Partners L.P. - 6.375% Class A Cumulative Redeemable Perpetual Preferred Units, Series 2",2026-08-04,2026-08-05
BPYPP,inactive,non_common_stock:nasdaq_non_common_suffix,NASDAQ,Brookfield Property Partners L.P. - 6.50% Class A Cumulative Redeemable Perpetual Preferred Units,2026-08-04,2026-08-05
BQ,active,listed_common_stock_with_current_price,NYSE American,Boqii Holding Limited Class A Ordinary Shares,2026-08-04,2026-08-05
BR,active,listed_common_stock_with_current_price,NYSE,"Broadridge Financial Solutions, Inc. Common Stock",2026-08-04,2026-08-05
BRAG,active,listed_common_stock_with_current_price,NASDAQ,Bragg Gaming Group Inc. - Common Shares,2026-08-04,2026-08-05
BRBR,active,listed_common_stock_with_current_price,NYSE,"BellRing Brands, Inc. Common Stock",2026-08-04,2026-08-05
BRBS,active,listed_common_stock_with_current_price,NYSE American,"Blue Ridge Bankshares, Inc. Common Stock",2026-08-04,2026-08-05
BRC,active,listed_common_stock_with_current_price,NYSE,Brady Corporation Common Stock,2026-08-04,2026-08-05
BRCC,active,listed_common_stock_with_current_price,NYSE,BRC Inc. Class A Common Stock,2026-08-04,2026-08-05
BRFH,active,listed_common_stock_with_current_price,NASDAQ,Barfresh Food Group Inc. - Common Stock,2026-08-04,2026-08-05
BRID,active,listed_common_stock_with_current_price,NASDAQ,Bridgford Foods Corporation - Common Stock,2026-08-04,2026-08-05
BRK-A,active,listed_common_stock_with_current_price,NYSE,Berkshire Hathaway Inc. Common Stock,2026-08-04,2026-08-05
BRK-B,active,listed_common_stock_with_current_price,NYSE,Berkshire Hathaway Inc. New Common Stock,2026-08-04,2026-08-05
BRKR,active,listed_common_stock_with_current_price,NASDAQ,Bruker Corporation - Common Stock,2026-08-04,2026-08-05
BRLS,active,listed_common_stock_with_current_price,NASDAQ,Borealis Foods Inc. - Class A Common Shares,2026-08-04,2026-08-05
BRLSW,inactive,non_common_stock:nasdaq_non_common_suffix,NASDAQ,Borealis Foods Inc. - Warrant,2026-07-17,2026-08-05
BRLT,active,listed_common_stock_with_current_price,NASDAQ,"Brilliant Earth Group, Inc. - Class A Common Stock",2026-08-04,2026-08-05
BRN,active,listed_common_stock_with_current_price,NYSE American,"Barnwell Industries, Inc. Common Stock",2026-08-04,2026-08-05
BRNS,active,listed_common_stock_with_current_price,NASDAQ,Barinthus Biotherapeutics plc - American Depositary Shares,2026-08-04,2026-08-05
BRO,active,listed_common_stock_with_current_price,NYSE,"Brown & Brown, Inc. Common Stock",2026-08-04,2026-08-05
BROS,active,listed_common_stock_with_current_price,NYSE,Dutch Bros Inc. Class A Common Stock,2026-08-04,2026-08-05
BRQSF,inactive,not_in_current_exchange_directories,,,2026-08-04,2026-08-05
BRSL,active,listed_common_stock_with_current_price,NYSE,"Brightstar Lottery PLC Trading under the Legal Name to begin at the market open on July 21, 2025. Ordinary Shares",2026-08-04,2026-08-05
BRSP,active,listed_common_stock_with_current_price,NYSE,"BrightSpire Capital, Inc. Class A Common Stock",2026-08-04,2026-08-05
BRT,active,listed_common_stock_with_current_price,NYSE,BRT Apartments Corp. (MD) Common Stock,2026-08-04,2026-08-05
BRTX,active,listed_common_stock_with_current_price,NASDAQ,"BioRestorative Therapies, Inc. - Common Stock",2026-08-04,2026-08-05
BRW,active,listed_common_stock_with_current_price,NYSE,Saba Capital Income & Opportunities Fund SBI,2026-08-04,2026-08-05
BRX,active,listed_common_stock_with_current_price,NYSE,Brixmor Property Group Inc. Common Stock,2026-08-04,2026-08-05
BRZE,active,listed_common_stock_with_current_price,NASDAQ,"Braze, Inc. - Class A Common Stock",2026-08-04,2026-08-05
BSAC,active,listed_common_stock_with_current_price,NYSE,Banco Santander - Chile ADS,2026-08-04,2026-08-05
BSBK,active,listed_common_stock_with_current_price,NASDAQ,Bogota Financial Corp. - Common Stock,2026-08-04,2026-08-05
BSBR,inactive,non_common_stock:obvious_non_common_title,NYSE,"Banco Santander Brasil SA American Depositary Shares, each representing one unit",2026-08-04,2026-08-05
BSET,active,listed_common_stock_with_current_price,NASDAQ,"Bassett Furniture Industries, Incorporated - Common Stock",2026-08-04,2026-08-05
BSLK,inactive,not_in_current_exchange_directories,,,2026-08-03,2026-08-05
BSLKW,inactive,not_in_current_exchange_directories,,,2026-06-26,2026-08-05
BSM,inactive,non_common_stock:obvious_non_common_title,NYSE,"Black Stone Minerals, L.P. Common units representing limited partner interests",2026-08-04,2026-08-05
BSRR,active,listed_common_stock_with_current_price,NASDAQ,Sierra Bancorp - Common Stock,2026-08-04,2026-08-05
BSTZ,active,listed_common_stock_with_current_price,NYSE,BlackRock Science and Technology Term Trust Common Shares of Beneficial Interest,2026-08-04,2026-08-05
BSVN,active,listed_common_stock_with_current_price,NASDAQ,Bank7 Corp. - Common stock,2026-08-04,2026-08-05
BSX,active,listed_common_stock_with_current_price,NYSE,Boston Scientific Corporation Common Stock,2026-08-04,2026-08-05
BSY,active,listed_common_stock_with_current_price,NASDAQ,"Bentley Systems, Incorporated - Class B Common Stock",2026-08-04,2026-08-05
BTAI,active,listed_common_stock_with_current_price,NASDAQ,"BioXcel Therapeutics, Inc. - Common Stock",2026-08-04,2026-08-05
BTBD,active,listed_common_stock_with_current_price,NASDAQ,"BT Brands, Inc. - Common Stock",2026-08-04,2026-08-05
BTBDW,inactive,non_common_stock:nasdaq_non_common_suffix,NASDAQ,"BT Brands, Inc. - Warrant",2026-08-04,2026-08-05
BTBT,active,listed_common_stock_with_current_price,NASDAQ,"Bit Digital, Inc. - Ordinary Share",2026-08-04,2026-08-05
BTCS,active,listed_common_stock_with_current_price,NASDAQ,BTCS Inc. - Common Stock,2026-08-04,2026-08-05
BTCT,active,listed_common_stock_with_current_price,NASDAQ,BTC Digital Ltd. - Ordinary Shares,2026-08-04,2026-08-05
BTCY,inactive,not_in_current_exchange_directories,,,2026-08-04,2026-08-05
BTDR,active,listed_common_stock_with_current_price,NASDAQ,Bitdeer Technologies Group - Ordinary Shares,2026-08-04,2026-08-05
BTE,active,listed_common_stock_with_current_price,NYSE,Baytex Energy Corp Common Shares,2026-08-04,2026-08-05
BTG,active,listed_common_stock_with_current_price,NYSE American,B2Gold Corp Common shares (Canada),2026-08-04,2026-08-05
BTI,active,listed_common_stock_with_current_price,NYSE,"British American Tobacco  Industries, p.l.c. Common Stock ADR",2026-08-04,2026-08-05
BTMD,active,listed_common_stock_with_current_price,NASDAQ,Biote Corp. - Class A common stock,2026-08-04,2026-08-05
BTOG,active,listed_common_stock_with_current_price,NASDAQ,Bit Origin Limited - Class A Ordinary Shares,2026-08-04,2026-08-05
BTU,active,listed_common_stock_with_current_price,NYSE,Peabody Energy Corporation Common Stock,2026-08-04,2026-08-05
BTX,active,listed_common_stock_with_current_price,NYSE,BlackRock Technology and Private Equity Term Trust Common Shares of Beneficial Interest,2026-08-04,2026-08-05
BUD,active,listed_common_stock_with_current_price,NYSE,Anheuser-Busch Inbev SA Sponsored ADR (Belgium),2026-08-04,2026-08-05
BULZ,inactive,exchange_directory_etf,NYSE Arca,MicroSectors FANG & Innovation 3x Leveraged ETN,2026-08-04,2026-08-05
BUR,active,listed_common_stock_with_current_price,NYSE,Burford Capital Limited Ordinary Shares,2026-08-04,2026-08-05
BURL,active,listed_common_stock_with_current_price,NYSE,"Burlington Stores, Inc. Common Stock",2026-08-04,2026-08-05
BUSE,active,listed_common_stock_with_current_price,NASDAQ,First Busey Corporation - Common Stock,2026-08-04,2026-08-05
BV,active,listed_common_stock_with_current_price,NYSE,"BrightView Holdings, Inc. Common Stock",2026-08-04,2026-08-05
BVFL,active,listed_common_stock_with_current_price,NASDAQ,"BV Financial, Inc. - Common Stock",2026-08-04,2026-08-05
BVN,active,listed_common_stock_with_current_price,NYSE,Buenaventura Mining Company Inc.,2026-08-04,2026-08-05
BVS,active,listed_common_stock_with_current_price,NASDAQ,Bioventus Inc. - Class A Common Stock,2026-08-04,2026-08-05
BW,active,listed_common_stock_with_current_price,NYSE,"Babcock & Wilcox Enterprises, Inc. Common Stock",2026-08-04,2026-08-05
BWA,active,listed_common_stock_with_current_price,NYSE,BorgWarner Inc. Common Stock,2026-08-04,2026-08-05
BWAY,active,listed_common_stock_with_current_price,NASDAQ,BrainsWay Ltd. - American Depositary Shares,2026-08-04,2026-08-05
BWB,active,listed_common_stock_with_current_price,NASDAQ,"Bridgewater Bancshares, Inc. - Common Stock",2026-08-04,2026-08-05
BWBBP,inactive,non_common_stock:nasdaq_non_common_suffix,NASDAQ,"Bridgewater Bancshares, Inc. - Depositary Shares, Each Representing a 1/100th Interest in a Share of 5.875% Non-Cumulative Perpetual Preferred Stock, Series A",2026-08-04,2026-08-05
BWEN,active,listed_common_stock_with_current_price,NASDAQ,"Broadwind, Inc. - Common Stock",2026-08-04,2026-08-05
BWFG,active,listed_common_stock_with_current_price,NASDAQ,"Bankwell Financial Group, Inc. - Common Stock",2026-08-04,2026-08-05
BWIN,active,listed_common_stock_with_current_price,NASDAQ,"The Baldwin Insurance Group, Inc. - Class A Common Stock",2026-08-04,2026-08-05
BWLP,active,listed_common_stock_with_current_price,NYSE,BW LPG Limited Common Shares,2026-08-04,2026-08-05
BWMN,active,listed_common_stock_with_current_price,NASDAQ,Bowman Consulting Group Ltd. - Common Stock,2026-08-04,2026-08-05
BWMX,active,listed_common_stock_with_current_price,NYSE,"Betterware de Mexico, S.A.P.I. de C.V. Ordinary Shares",2026-08-04,2026-08-05
BWNB,inactive,non_common_stock:obvious_non_common_title,NYSE,"Babcock & Wilcox Enterprises, Inc. 6.50% Senior Notes due 2026",2026-08-04,2026-08-05
BWXT,active,listed_common_stock_with_current_price,NYSE,"BWX Technologies, Inc. Common Stock",2026-08-04,2026-08-05
BX,active,listed_common_stock_with_current_price,NYSE,Blackstone Inc. Common Stock,2026-08-04,2026-08-05
BXC,active,listed_common_stock_with_current_price,NYSE,Bluelinx Holdings Inc. Common Stock,2026-08-04,2026-08-05
BXMT,active,listed_common_stock_with_current_price,NYSE,"Blackstone Mortgage Trust, Inc. Common Stock",2026-08-04,2026-08-05
BXP,active,listed_common_stock_with_current_price,NYSE,"BXP, Inc. Common Stock",2026-08-04,2026-08-05
BXSL,active,listed_common_stock_with_current_price,NYSE,Blackstone Secured Lending Fund Common Shares of Beneficial Interest,2026-08-04,2026-08-05
BY,active,listed_common_stock_with_current_price,NYSE,"Byline Bancorp, Inc. Common Stock",2026-08-04,2026-08-05
BYD,active,listed_common_stock_with_current_price,NYSE,Boyd Gaming Corporation Common Stock,2026-08-04,2026-08-05
BYFC,active,listed_common_stock_with_current_price,NASDAQ,Broadway Financial Corporation - Class A Common Stock,2026-08-04,2026-08-05
BYND,active,listed_common_stock_with_current_price,NASDAQ,"Beyond Meat, Inc. - Common stock",2026-08-04,2026-08-05
BYRN,active,listed_common_stock_with_current_price,NASDAQ,"Byrna Technologies, Inc. - Common Stock",2026-08-04,2026-08-05
BYSI,active,listed_common_stock_with_current_price,NASDAQ,"BeyondSpring, Inc. - Ordinary Shares",2026-08-04,2026-08-05
BZ,active,listed_common_stock_with_current_price,NASDAQ,KANZHUN LIMITED - American Depository Shares,2026-08-04,2026-08-05
BZAI,active,listed_common_stock_with_current_price,NASDAQ,"Blaize Holdings, Inc. - Common Stock",2026-08-04,2026-08-05
BZAIW,inactive,non_common_stock:nasdaq_non_common_suffix,NASDAQ,"Blaize Holdings, Inc. - Warrant",2026-08-04,2026-08-05
BZFD,active,listed_common_stock_with_current_price,NASDAQ,"BuzzFeed, Inc. - Class A Common Stock",2026-08-04,2026-08-05
BZFDW,inactive,non_common_stock:nasdaq_non_common_suffix,NASDAQ,"BuzzFeed, Inc. - Warrant",2026-07-17,2026-08-05
BZH,active,listed_common_stock_with_current_price,NYSE,"Beazer Homes USA, Inc. Common Stock",2026-08-04,2026-08-05
BZUN,active,listed_common_stock_with_current_price,NASDAQ,Baozun Inc. - American Depositary Shares,2026-08-04,2026-08-05
C,active,listed_common_stock_with_current_price,NYSE,"Citigroup, Inc. Common Stock",2026-08-04,2026-08-05
CAAP,active,listed_common_stock_with_current_price,NYSE,Corporacion America Airports SA Common Shares,2026-08-04,2026-08-05
CAAS,active,listed_common_stock_with_current_price,NASDAQ,"China Automotive Systems, Inc. - Ordinary Share",2026-08-04,2026-08-05
CABA,active,listed_common_stock_with_current_price,NASDAQ,"Cabaletta Bio, Inc. - Common Stock",2026-08-04,2026-08-05
CABO,active,listed_common_stock_with_current_price,NYSE,"Cable One, Inc. Common Stock",2026-08-04,2026-08-05
CAC,active,listed_common_stock_with_current_price,NASDAQ,Camden National Corporation - Common Stock,2026-08-04,2026-08-05
CACC,active,listed_common_stock_with_current_price,NASDAQ,Credit Acceptance Corporation - Common Stock,2026-08-04,2026-08-05
CACI,active,listed_common_stock_with_current_price,NYSE,"CACI International, Inc. Class A Common Stock",2026-08-04,2026-08-05
CADL,active,listed_common_stock_with_current_price,NASDAQ,"Candel Therapeutics, Inc. - Common Stock",2026-08-04,2026-08-05
CAE,active,listed_common_stock_with_current_price,NASDAQ,CAE Inc - Common Shares,2026-08-04,2026-08-05
CAG,active,listed_common_stock_with_current_price,NYSE,"ConAgra Brands, Inc. Common Stock",2026-08-04,2026-08-05
CAH,active,listed_common_stock_with_current_price,NYSE,"Cardinal Health, Inc. Common Stock",2026-08-04,2026-08-05
CAI,active,listed_common_stock_with_current_price,NASDAQ,"Caris Life Sciences, Inc. - Common Stock",2026-08-04,2026-08-05
CAKE,active,listed_common_stock_with_current_price,NASDAQ,The Cheesecake Factory Incorporated - Common Stock,2026-08-04,2026-08-05
CAL,active,listed_common_stock_with_current_price,NYSE,"Caleres, Inc. Common Stock",2026-08-04,2026-08-05
CALC,active,listed_common_stock_with_current_price,NASDAQ,"CalciMedica, Inc. - Common Stock",2026-08-04,2026-08-05
CALM,active,listed_common_stock_with_current_price,NASDAQ,"Cal-Maine Foods, Inc. - Common Stock",2026-08-04,2026-08-05
CALX,active,listed_common_stock_with_current_price,NYSE,"Calix, Inc Common Stock",2026-08-04,2026-08-05
CALY,active,listed_common_stock_with_current_price,NYSE,Callaway Golf Company Common Stock,2026-08-04,2026-08-05
CAMT,active,listed_common_stock_with_current_price,NASDAQ,Camtek Ltd. - Ordinary Shares,2026-08-04,2026-08-05
CAN,active,listed_common_stock_with_current_price,NASDAQ,Canaan Inc. - American Depositary Shares,2026-08-04,2026-08-05
CANF,active,listed_common_stock_with_current_price,NYSE American,"Can-Fite Biopharma Ltd American Depositary Shares, each representing two (2) Ordinary Shares",2026-08-04,2026-08-05
CANG,active,listed_common_stock_with_current_price,NYSE,Cango Inc. Class A Ordinary Shares,2026-08-04,2026-08-05
CAPL,inactive,non_common_stock:obvious_non_common_title,NYSE,CrossAmerica Partners LP Common Units representing limited partner interests,2026-08-04,2026-08-05
CAPR,active,listed_common_stock_with_current_price,NASDAQ,"Capricor Therapeutics, Inc. - Common Stock",2026-08-04,2026-08-05
CAPS,active,listed_common_stock_with_current_price,NASDAQ,Capstone Holding Corp. - Common Stock,2026-08-04,2026-08-05
CAR,active,listed_common_stock_with_current_price,NASDAQ,"Avis Budget Group, Inc. - Common Stock",2026-08-04,2026-08-05
CARE,active,listed_common_stock_with_current_price,NASDAQ,"Carter Bankshares, Inc. - Common Stock",2026-08-04,2026-08-05
CARG,active,listed_common_stock_with_current_price,NASDAQ,"CarGurus, Inc. - Class A Common Stock",2026-08-04,2026-08-05
CARR,active,listed_common_stock_with_current_price,NYSE,Carrier Global Corporation Common Stock,2026-08-04,2026-08-05
CARS,active,listed_common_stock_with_current_price,NYSE,Cars.com Inc. Common Stock,2026-08-04,2026-08-05
CART,active,listed_common_stock_with_current_price,NASDAQ,Maplebear Inc. - Common Stock,2026-08-04,2026-08-05
CARV,inactive,not_in_current_exchange_directories,,,2026-08-04,2026-08-05
CASH,active,listed_common_stock_with_current_price,NASDAQ,"Pathward Financial, Inc. - Common Stock",2026-08-04,2026-08-05
CASS,active,listed_common_stock_with_current_price,NASDAQ,"Cass Information Systems, Inc - Common Stock",2026-08-04,2026-08-05
CASY,active,listed_common_stock_with_current_price,NASDAQ,"Caseys General Stores, Inc. - Common Stock",2026-08-04,2026-08-05
CAT,active,listed_common_stock_with_current_price,NYSE,"Caterpillar, Inc. Common Stock",2026-08-04,2026-08-05
CATO,active,listed_common_stock_with_current_price,NYSE,Cato Corporation (The) Class A Common Stock,2026-08-04,2026-08-05
CATX,active,listed_common_stock_with_current_price,NYSE American,"Perspective Therapeutics, Inc. Common Stock",2026-08-04,2026-08-05
CATY,active,listed_common_stock_with_current_price,NASDAQ,Cathay General Bancorp - Common Stock,2026-08-04,2026-08-05
CB,active,listed_common_stock_with_current_price,NYSE,Chubb Limited  Common Stock,2026-08-04,2026-08-05
CBAN,active,listed_common_stock_with_current_price,NYSE,"Colony Bankcorp, Inc. Common Stock",2026-08-04,2026-08-05
CBAT,active,listed_common_stock_with_current_price,NASDAQ,CBAK Energy Technology Limited - Ordinary Shares,2026-08-04,2026-08-05
CBFV,active,listed_common_stock_with_current_price,NASDAQ,"CB Financial Services, Inc. - Common Stock",2026-08-04,2026-08-05
CBIO,active,listed_common_stock_with_current_price,NASDAQ,"Crescent Biopharma, Inc. - Common Stock",2026-08-04,2026-08-05
CBL,active,listed_common_stock_with_current_price,NYSE,"CBL & Associates Properties, Inc. Common Stock",2026-08-04,2026-08-05
CBNK,active,listed_common_stock_with_current_price,NASDAQ,"Capital Bancorp, Inc. - Common Stock",2026-08-04,2026-08-05
CBOE,active,listed_common_stock_with_current_price,Cboe BZX,"Cboe Global Markets, Inc. Common Stock",2026-08-04,2026-08-05
CBRE,active,listed_common_stock_with_current_price,NYSE,CBRE Group Inc Common Stock Class A,2026-08-04,2026-08-05
CBRL,active,listed_common_stock_with_current_price,NASDAQ,"Cracker Barrel Old Country Store, Inc. - Common Stock",2026-08-04,2026-08-05
CBSH,active,listed_common_stock_with_current_price,NASDAQ,"Commerce Bancshares, Inc. - Common Stock",2026-08-04,2026-08-05
CBT,active,listed_common_stock_with_current_price,NYSE,Cabot Corporation Common Stock,2026-08-04,2026-08-05
CBU,active,listed_common_stock_with_current_price,NYSE,"Community Financial System, Inc. Common Stock",2026-08-04,2026-08-05
CBZ,active,listed_common_stock_with_current_price,NYSE,"CBIZ, Inc. Common Stock",2026-08-04,2026-08-05
CC,active,listed_common_stock_with_current_price,NYSE,Chemours Company (The) Common Stock,2026-08-04,2026-08-05
CCAP,active,listed_common_stock_with_current_price,NASDAQ,"Crescent Capital BDC, Inc. - Common Stock",2026-08-04,2026-08-05
CCB,active,listed_common_stock_with_current_price,NASDAQ,Coastal Financial Corporation - Common Stock,2026-08-04,2026-08-05
CCBG,active,listed_common_stock_with_current_price,NASDAQ,Capital City Bank Group - Common Stock,2026-08-04,2026-08-05
CCC,active,listed_common_stock_with_current_price,NASDAQ,CCC Intelligent Solutions Holdings Inc. - Common Stock,2026-08-04,2026-08-05
CCCC,active,listed_common_stock_with_current_price,NASDAQ,"C4 Therapeutics, Inc. - Common Stock",2026-08-04,2026-08-05
CCEL,active,listed_common_stock_with_current_price,NYSE American,"Cryo-Cell International, Inc. Common Stock",2026-08-04,2026-08-05
CCEP,active,listed_common_stock_with_current_price,NASDAQ,Coca-Cola Europacific Partners plc - Ordinary Shares,2026-08-04,2026-08-05
CCG,active,listed_common_stock_with_current_price,NASDAQ,Cheche Group Inc. - Class A Ordinary Shares,2026-08-04,2026-08-05
CCI,active,listed_common_stock_with_current_price,NYSE,Crown Castle Inc. Common Stock,2026-08-04,2026-08-05
CCJ,active,listed_common_stock_with_current_price,NYSE,Cameco Corporation Common Stock,2026-08-04,2026-08-05
CCK,active,listed_common_stock_with_current_price,NYSE,"Crown Holdings, Inc.",2026-08-04,2026-08-05
CCL,active,listed_common_stock_with_current_price,NYSE,Carnival Corporation Ltd. Common Shares,2026-08-04,2026-08-05
CCLD,active,listed_common_stock_with_current_price,NASDAQ,"CareCloud, Inc. - Common Stock",2026-08-04,2026-08-05
CCLDO,inactive,not_in_current_exchange_directories,,,2026-05-22,2026-08-05
CCM,active,listed_common_stock_with_current_price,NYSE,Concord Medical Services Holdings Limited American Depositary Shares (Each represents thirty (30) Class A ordinary shares),2026-08-04,2026-08-05
CCNE,active,listed_common_stock_with_current_price,NASDAQ,CNB Financial Corporation - Common Stock,2026-08-04,2026-08-05
CCNEP,inactive,non_common_stock:nasdaq_non_common_suffix,NASDAQ,"CNB Financial Corporation - Depositary shares, each representing a 1/40th ownership interest in a share of 7.125% Series A Fixed- Rate Non-Cumulative Perpetual Preferred Stock",2026-08-04,2026-08-05
CCO,active,listed_common_stock_with_current_price,NYSE,"Clear Channel Outdoor Holdings, Inc. Common Stock",2026-08-04,2026-08-05
CCOI,active,listed_common_stock_with_current_price,NASDAQ,"Cogent Communications Holdings, Inc. - Common Stock",2026-08-04,2026-08-05
CCRN,inactive,not_in_current_exchange_directories,,,2026-07-28,2026-08-05
CCS,active,listed_common_stock_with_current_price,NYSE,"Century Communities, Inc. Common Stock",2026-08-04,2026-08-05
CCSI,active,listed_common_stock_with_current_price,NASDAQ,"Consensus Cloud Solutions, Inc. - Common Stock",2026-08-04,2026-08-05
CCU,active,listed_common_stock_with_current_price,NYSE,"Compania Cervecerias Unidas, S.A. Common Stock",2026-08-04,2026-08-05
CCZ,active,listed_common_stock_with_current_price,NYSE,Comcast Holdings ZONES,2026-08-04,2026-08-05
CD,active,listed_common_stock_with_current_price,NASDAQ,Chaince Digital Holdings Inc. - American Ordinary Shares,2026-08-04,2026-08-05
CDE,active,listed_common_stock_with_current_price,NYSE,"Coeur Mining, Inc. Common Stock",2026-08-04,2026-08-05
CDIO,active,listed_common_stock_with_current_price,NASDAQ,Cardio Diagnostics Holdings Inc. - Common stock,2026-08-04,2026-08-05
CDIOW,inactive,non_common_stock:nasdaq_non_common_suffix,NASDAQ,Cardio Diagnostics Holdings Inc. - Warrant,2026-08-04,2026-08-05
CDLX,active,listed_common_stock_with_current_price,NASDAQ,"Cardlytics, Inc. - Common Stock",2026-08-04,2026-08-05
CDNA,active,listed_common_stock_with_current_price,NASDAQ,"CareDx, Inc. - Common Stock",2026-08-04,2026-08-05
CDNS,active,listed_common_stock_with_current_price,NASDAQ,"Cadence Design Systems, Inc. - Common Stock",2026-08-04,2026-08-05
CDP,active,listed_common_stock_with_current_price,NYSE,COPT Defense Properties Common Shares of Beneficial Interest,2026-08-04,2026-08-05
CDRE,active,listed_common_stock_with_current_price,NYSE,"Cadre Holdings, Inc. Common Stock",2026-08-04,2026-08-05
CDRO,active,listed_common_stock_with_current_price,NASDAQ,"Codere Online Luxembourg, S.A. - Ordinary Shares",2026-08-04,2026-08-05
CDROW,inactive,non_common_stock:nasdaq_non_common_suffix,NASDAQ,"Codere Online Luxembourg, S.A. - Warrants",2026-08-04,2026-08-05
CDW,active,listed_common_stock_with_current_price,NASDAQ,CDW Corporation - Common Stock,2026-08-04,2026-08-05
CDXS,active,listed_common_stock_with_current_price,NASDAQ,"Codexis, Inc. - Common Stock",2026-08-04,2026-08-05
CDZI,active,listed_common_stock_with_current_price,NASDAQ,"Cadiz, Inc. - Common Stock",2026-08-04,2026-08-05
CDZIP,inactive,non_common_stock:nasdaq_non_common_suffix,NASDAQ,"Cadiz, Inc. - Depositary Shares",2026-08-04,2026-08-05
CE,active,listed_common_stock_with_current_price,NYSE,Celanese Corporation Common Stock,2026-08-04,2026-08-05
CECO,active,listed_common_stock_with_current_price,NASDAQ,CECO Environmental Corp. - Common Stock,2026-08-04,2026-08-05
CEFD,inactive,exchange_directory_etf,NYSE Arca,ETRACS Monthly Pay 1.5X Leveraged Closed-End Fund Index ETN,2026-08-04,2026-08-05
CEG,active,listed_common_stock_with_current_price,NASDAQ,Constellation Energy Corporation - Common Stock When-Issued,2026-08-04,2026-08-05
CELC,active,listed_common_stock_with_current_price,NASDAQ,Celcuity Inc. - Common Stock,2026-08-04,2026-08-05
CELH,active,listed_common_stock_with_current_price,NASDAQ,"Celsius Holdings, Inc. - Common Stock",2026-08-04,2026-08-05
CELU,active,listed_common_stock_with_current_price,NASDAQ,Celularity Inc. - Class A Common Stock,2026-08-04,2026-08-05
CELUW,inactive,not_in_current_exchange_directories,,,2026-07-17,2026-08-05
CELZ,active,listed_common_stock_with_current_price,NASDAQ,"Creative Medical Technology Holdings, Inc. - Common Stock",2026-08-04,2026-08-05
CENN,active,listed_common_stock_with_current_price,NASDAQ,Cenntro Inc. - Common Stock,2026-08-04,2026-08-05
CENT,active,listed_common_stock_with_current_price,NASDAQ,Central Garden & Pet Company - Common Stock,2026-08-04,2026-08-05
CENTA,active,listed_common_stock_with_current_price,NASDAQ,Central Garden & Pet Company - Class A Common Stock Nonvoting,2026-08-04,2026-08-05
CENX,active,listed_common_stock_with_current_price,NASDAQ,Century Aluminum Company - Common Stock,2026-08-04,2026-08-05
CEPU,active,listed_common_stock_with_current_price,NYSE,Central Puerto S.A. American Depositary Shares (each represents ten Common Shares),2026-08-04,2026-08-05
CERS,active,listed_common_stock_with_current_price,NASDAQ,Cerus Corporation - Common Stock,2026-08-04,2026-08-05
CERT,active,listed_common_stock_with_current_price,NASDAQ,"Certara, Inc. - Common Stock",2026-08-04,2026-08-05
CETX,active,listed_common_stock_with_current_price,NASDAQ,Cemtrex Inc. - Common Stock,2026-08-04,2026-08-05
CETY,active,listed_common_stock_with_current_price,NASDAQ,"Clean Energy Technologies, Inc. - Common Stock",2026-08-04,2026-08-05
CEVA,active,listed_common_stock_with_current_price,NASDAQ,"CEVA, Inc. - Common Stock",2026-08-04,2026-08-05
CF,active,listed_common_stock_with_current_price,NYSE,"CF Industries Holdings, Inc. Common Stock",2026-08-04,2026-08-05
CFBK,active,listed_common_stock_with_current_price,NASDAQ,CF Bankshares Inc. - Common Stock,2026-08-04,2026-08-05
CFFI,active,listed_common_stock_with_current_price,NASDAQ,C&F Financial Corporation - Common Stock,2026-08-04,2026-08-05
CFFN,active,listed_common_stock_with_current_price,NASDAQ,"Capitol Federal Financial, Inc. - Common Stock",2026-08-04,2026-08-05
CFG,active,listed_common_stock_with_current_price,NYSE,"Citizens Financial Group, Inc. Common Stock",2026-08-04,2026-08-05
CFR,active,listed_common_stock_with_current_price,NYSE,"Cullen/Frost Bankers, Inc. Common Stock",2026-08-04,2026-08-05
CG,active,listed_common_stock_with_current_price,NASDAQ,The Carlyle Group Inc. - Common Stock,2026-08-04,2026-08-05
CGABL,inactive,non_common_stock:obvious_non_common_title,NASDAQ,The Carlyle Group Inc. - 4.625% Subordinated Notes due 2061,2026-08-04,2026-08-05
CGAU,active,listed_common_stock_with_current_price,NYSE,Centerra Gold Inc. Common Shares,2026-08-04,2026-08-05
CGBD,active,listed_common_stock_with_current_price,NASDAQ,"Carlyle Secured Lending, Inc. - Closed End Fund",2026-08-04,2026-08-05
CGC,active,listed_common_stock_with_current_price,NASDAQ,Canopy Growth Corporation - Common Shares,2026-08-04,2026-08-05
CGEM,active,listed_common_stock_with_current_price,NASDAQ,"Cullinan Therapeutics, Inc. - Common Stock",2026-08-04,2026-08-05
CGEN,active,listed_common_stock_with_current_price,NASDAQ,Compugen Ltd. - Ordinary Shares,2026-08-04,2026-08-05
CGNT,active,listed_common_stock_with_current_price,NASDAQ,Cognyte Software Ltd. - Ordinary Shares,2026-08-04,2026-08-05
CGNX,active,listed_common_stock_with_current_price,NASDAQ,Cognex Corporation - Common Stock,2026-08-04,2026-08-05
CGTX,active,listed_common_stock_with_current_price,NASDAQ,"Cognition Therapeutics, Inc. - Common Stock",2026-08-04,2026-08-05
CHA,active,listed_common_stock_with_current_price,NASDAQ,"Chagee Holdings Limited - American Depositary Shares, each representing 1 Class A ordinary share",2026-08-04,2026-08-05
CHAI,active,listed_common_stock_with_current_price,NASDAQ,"Core AI Holdings, Inc. - Common Shares",2026-08-04,2026-08-05
CHCI,active,listed_common_stock_with_current_price,NASDAQ,"Comstock Holding Companies, Inc. - Class A Common Stock",2026-08-04,2026-08-05
CHCO,active,listed_common_stock_with_current_price,NASDAQ,City Holding Company - Common Stock,2026-08-04,2026-08-05
CHCT,active,listed_common_stock_with_current_price,NYSE,Community Healthcare Trust Incorporated Common Stock,2026-08-04,2026-08-05
CHD,active,listed_common_stock_with_current_price,NYSE,"Church & Dwight Company, Inc. Common Stock",2026-08-04,2026-08-05
CHDN,active,listed_common_stock_with_current_price,NASDAQ,"Churchill Downs, Incorporated - Common Stock",2026-08-04,2026-08-05
CHE,active,listed_common_stock_with_current_price,NYSE,Chemed Corp,2026-08-04,2026-08-05
CHEF,active,listed_common_stock_with_current_price,NASDAQ,"The Chefs' Warehouse, Inc. - Common Stock",2026-08-04,2026-08-05
CHEV,inactive,not_in_current_exchange_directories,,,2026-08-03,2026-08-05
CHGG,active,listed_common_stock_with_current_price,NYSE,"Chegg, Inc. Common Stock",2026-08-04,2026-08-05
CHH,active,listed_common_stock_with_current_price,NYSE,"Choice Hotels International, Inc. Common Stock",2026-08-04,2026-08-05
CHKP,active,listed_common_stock_with_current_price,NASDAQ,Check Point Software Technologies Ltd. - Ordinary Shares,2026-08-04,2026-08-05
CHMG,active,listed_common_stock_with_current_price,NASDAQ,Chemung Financial Corp  - Common Stock,2026-08-04,2026-08-05
CHMI,active,listed_common_stock_with_current_price,NYSE,Cherry Hill Mortgage Investment Corporation Common Stock,2026-08-04,2026-08-05
CHNR,active,listed_common_stock_with_current_price,NASDAQ,"China Natural Resources, Inc. - Common Shares",2026-08-04,2026-08-05
CHPT,active,listed_common_stock_with_current_price,NYSE,"ChargePoint Holdings, Inc. Common Stock",2026-08-04,2026-08-05
CHR,active,listed_common_stock_with_current_price,NASDAQ,"Cheer Holding, Inc.  - Class A Ordinary Share",2026-08-04,2026-08-05
CHRD,active,listed_common_stock_with_current_price,NASDAQ,Chord Energy Corporation - Common Stock,2026-08-04,2026-08-05
CHRS,active,listed_common_stock_with_current_price,NASDAQ,"Coherus Oncology, Inc. - Common Stock",2026-08-04,2026-08-05
CHRW,active,listed_common_stock_with_current_price,NASDAQ,"C.H. Robinson Worldwide, Inc. - Common Stock",2026-08-04,2026-08-05
CHSCL,inactive,non_common_stock:obvious_non_common_title,NASDAQ,"CHS Inc - Class B Cumulative Redeemable Preferred Stock, Series 4",2026-08-04,2026-08-05
CHSCM,inactive,non_common_stock:obvious_non_common_title,NASDAQ,"CHS Inc - Class B Reset Rate Cumulative Redeemable Preferred Stock, Series 3",2026-08-04,2026-08-05
CHSCN,inactive,non_common_stock:obvious_non_common_title,NASDAQ,CHS Inc - Preferred Class B Series 2 Reset Rate,2026-08-04,2026-08-05
CHSCO,inactive,non_common_stock:obvious_non_common_title,NASDAQ,CHS Inc - Class B Cumulative Redeemable Preferred Stock,2026-08-04,2026-08-05
CHSCP,inactive,non_common_stock:nasdaq_non_common_suffix,NASDAQ,CHS Inc - 8%  Cumulative Redeemable Preferred Stock,2026-08-04,2026-08-05
CHT,active,listed_common_stock_with_current_price,NYSE,"Chunghwa Telecom Co., Ltd.",2026-08-04,2026-08-05
CHTR,active,listed_common_stock_with_current_price,NASDAQ,"Charter Communications, Inc. - Class A Common Stock",2026-08-04,2026-08-05
CHWY,active,listed_common_stock_with_current_price,NYSE,"Chewy, Inc. Class A Common Stock",2026-08-04,2026-08-05
CI,active,listed_common_stock_with_current_price,NYSE,The Cigna Group Common Stock,2026-08-04,2026-08-05
CIA,active,listed_common_stock_with_current_price,NYSE,"Citizens, Inc. Class A Common Stock ($1.00 Par)",2026-08-04,2026-08-05
CIB,inactive,non_common_stock:obvious_non_common_title,NYSE,Grupo Cibest S.A. American Depositary Shares each representing four Preferred Shares,2026-08-04,2026-08-05
CIEN,active,listed_common_stock_with_current_price,NYSE,Ciena Corporation Common Stock,2026-08-04,2026-08-05
CIFR,active,listed_common_stock_with_current_price,NASDAQ,Cipher Digital Inc. - Common Stock,2026-08-04,2026-08-05
CIG,active,listed_common_stock_with_current_price,NYSE,Comp En De Mn Cemig ADS American Depositary Shares,2026-08-04,2026-08-05
CIG-C,active,listed_common_stock_with_current_price,NYSE,Comp En De Mn Cemig ADS American Depositary Receipts,2026-08-04,2026-08-05
CIGI,active,listed_common_stock_with_current_price,NASDAQ,Colliers International Group Inc.  - Subordinate Voting Shares,2026-08-04,2026-08-05
CIIT,active,listed_common_stock_with_current_price,NASDAQ,"Tianci International, Inc. - Common Stock",2026-08-04,2026-08-05
CIM,active,listed_common_stock_with_current_price,NYSE,Chimera Investment Corporation Common Stock,2026-08-04,2026-08-05
CINF,active,listed_common_stock_with_current_price,NASDAQ,Cincinnati Financial Corporation - Common Stock,2026-08-04,2026-08-05
CING,active,listed_common_stock_with_current_price,NASDAQ,Cingulate Inc. - Common Stock,2026-08-04,2026-08-05
CINGW,inactive,non_common_stock:nasdaq_non_common_suffix,NASDAQ,Cingulate Inc. - Warrants,2026-08-04,2026-08-05
CINT,active,listed_common_stock_with_current_price,NYSE,CI&T Inc Class A Common Shares,2026-08-04,2026-08-05
CION,active,listed_common_stock_with_current_price,NYSE,CION Investment Corporation Common Stock,2026-08-04,2026-08-05
CISO,active,listed_common_stock_with_current_price,NASDAQ,"CISO Global, Inc. - Common Stock",2026-08-04,2026-08-05
CIVB,active,listed_common_stock_with_current_price,NASDAQ,"Civista Bancshares, Inc.  - Common Stock",2026-08-04,2026-08-05
CIX,active,listed_common_stock_with_current_price,NYSE American,CompX International Inc. Common Stock,2026-08-04,2026-08-05
CIZN,inactive,not_in_current_exchange_directories,,,2026-08-04,2026-08-05
CKX,active,listed_common_stock_with_current_price,NYSE American,"CKX Lands, Inc. Common Stock",2026-08-04,2026-08-05
CL,active,listed_common_stock_with_current_price,NYSE,Colgate-Palmolive Company Common Stock,2026-08-04,2026-08-05
CLAR,active,listed_common_stock_with_current_price,NASDAQ,Clarus Corporation - Common Stock,2026-08-04,2026-08-05
CLB,active,listed_common_stock_with_current_price,NYSE,Core Laboratories Inc. Common Stock,2026-08-04,2026-08-05
CLBK,active,listed_common_stock_with_current_price,NASDAQ,"Columbia Financial, Inc. - Common Stock",2026-08-04,2026-08-05
CLBT,active,listed_common_stock_with_current_price,NASDAQ,Cellebrite DI Ltd. - Ordinary Shares,2026-08-04,2026-08-05
CLDI,active,listed_common_stock_with_current_price,NYSE American,"Calidi Biotherapeutics, Inc. Common Stock",2026-08-04,2026-08-05
CLDT,active,listed_common_stock_with_current_price,NYSE,Chatham Lodging Trust (REIT) Common Shares of Beneficial Interest,2026-08-04,2026-08-05
CLDX,active,listed_common_stock_with_current_price,NASDAQ,"Celldex Therapeutics, Inc. - Common Stock",2026-08-04,2026-08-05
CLF,active,listed_common_stock_with_current_price,NYSE,Cleveland-Cliffs Inc. Common Stock,2026-08-04,2026-08-05
CLFD,active,listed_common_stock_with_current_price,NASDAQ,"Clearfield, Inc. - Common Stock",2026-08-04,2026-08-05
CLGN,active,listed_common_stock_with_current_price,NASDAQ,CollPlant Biotechnologies Ltd. - Ordinary Shares,2026-08-04,2026-08-05
CLH,active,listed_common_stock_with_current_price,NYSE,"Clean Harbors, Inc. Common Stock",2026-08-04,2026-08-05
CLIR,active,listed_common_stock_with_current_price,NASDAQ,ClearSign Technologies Corporation - Common Stock,2026-08-04,2026-08-05
CLLS,active,listed_common_stock_with_current_price,NASDAQ,Cellectis S.A. - American Depositary Shares,2026-08-04,2026-08-05
CLMB,active,listed_common_stock_with_current_price,NASDAQ,"Climb Global Solutions, Inc. - Common Stock",2026-08-04,2026-08-05
CLMT,active,listed_common_stock_with_current_price,NASDAQ,"Calumet, Inc - Common Stock",2026-08-04,2026-08-05
CLNE,active,listed_common_stock_with_current_price,NASDAQ,Clean Energy Fuels Corp. - Common Stock,2026-08-04,2026-08-05
CLNN,active,listed_common_stock_with_current_price,NASDAQ,Clene Inc. - Common Stock,2026-08-04,2026-08-05
CLOV,active,listed_common_stock_with_current_price,NASDAQ,"Clover Health Investments, Corp.  - Class A Common stock",2026-08-04,2026-08-05
CLPR,active,listed_common_stock_with_current_price,NYSE,Clipper Realty Inc. Common Stock,2026-08-04,2026-08-05
CLPS,active,listed_common_stock_with_current_price,NASDAQ,CLPS Incorporation - Common Stock,2026-08-04,2026-08-05
CLPT,active,listed_common_stock_with_current_price,NASDAQ,ClearPoint Neuro Inc. - Common Stock,2026-08-04,2026-08-05
CLRB,active,listed_common_stock_with_current_price,NASDAQ,"Cellectar Biosciences, Inc. - Common Stock",2026-08-04,2026-08-05
CLRO,active,listed_common_stock_with_current_price,NASDAQ,"ClearOne, Inc. - Common Stock",2026-08-04,2026-08-05
CLS,active,listed_common_stock_with_current_price,NYSE,"Celestica, Inc. Common Stock",2026-08-04,2026-08-05
CLSK,active,listed_common_stock_with_current_price,NASDAQ,"CleanSpark, Inc. - Common Stock",2026-08-04,2026-08-05
CLST,active,listed_common_stock_with_current_price,NASDAQ,"Catalyst Bancorp, Inc. - common stock",2026-08-04,2026-08-05
CLVT,active,listed_common_stock_with_current_price,NYSE,Clarivate Plc Ordinary Shares,2026-08-04,2026-08-05
CLW,active,listed_common_stock_with_current_price,NYSE,Clearwater Paper Corporation Common Stock,2026-08-04,2026-08-05
CLWT,active,listed_common_stock_with_current_price,NASDAQ,Euro Tech Holdings Company Limited - Ordinary Shares,2026-08-04,2026-08-05
CLX,active,listed_common_stock_with_current_price,NYSE,Clorox Company (The) Common Stock,2026-08-04,2026-08-05
CLYM,active,listed_common_stock_with_current_price,NASDAQ,"Climb Bio, Inc. - Common Stock",2026-08-04,2026-08-05
CM,active,listed_common_stock_with_current_price,NYSE,Canadian Imperial Bank of Commerce Common Stock,2026-08-04,2026-08-05
CMBT,active,listed_common_stock_with_current_price,NYSE,CMB.TECH NV Ordinary Shares,2026-08-04,2026-08-05
CMC,active,listed_common_stock_with_current_price,NYSE,Commercial Metals Company Common Stock,2026-08-04,2026-08-05
CMCL,active,listed_common_stock_with_current_price,NYSE American,Caledonia Mining Corporation Plc Common Shares,2026-08-04,2026-08-05
CMCM,active,listed_common_stock_with_current_price,NYSE,"Cheetah Mobile Inc. American Depositary Shares, each representing fifty (50) Class A Ordinary Shares",2026-08-04,2026-08-05
CMCO,active,listed_common_stock_with_current_price,NASDAQ,Columbus McKinnon Corporation - Common Stock,2026-08-04,2026-08-05
CMCSA,active,listed_common_stock_with_current_price,NASDAQ,Comcast Corporation - Class A Common Stock,2026-08-04,2026-08-05
CMCT,active,listed_common_stock_with_current_price,NASDAQ,Creative Media  - Common Stock,2026-08-04,2026-08-05
CME,active,listed_common_stock_with_current_price,NASDAQ,CME Group Inc. - Class A Common Stock,2026-08-04,2026-08-05
CMG,active,listed_common_stock_with_current_price,NYSE,"Chipotle Mexican Grill, Inc. Common Stock",2026-08-04,2026-08-05
CMI,active,listed_common_stock_with_current_price,NYSE,Cummins Inc. Common Stock,2026-08-04,2026-08-05
CMLSQ,inactive,not_in_current_exchange_directories,,,2026-08-04,2026-08-05
CMMB,active,listed_common_stock_with_current_price,NASDAQ,Chemomab Therapeutics Ltd.  - American Depositary Shares,2026-08-04,2026-08-05
CMND,active,listed_common_stock_with_current_price,NASDAQ,Clearmind Medicine Inc. - Common Shares,2026-08-04,2026-08-05
CMP,active,listed_common_stock_with_current_price,NYSE,Compass Minerals Intl Inc Common Stock,2026-08-04,2026-08-05
CMPR,active,listed_common_stock_with_current_price,NASDAQ,Cimpress plc - Ordinary Shares,2026-08-04,2026-08-05
CMPS,active,listed_common_stock_with_current_price,NASDAQ,COMPASS Pathways Plc - American Depository Shares,2026-08-04,2026-08-05
CMPX,active,listed_common_stock_with_current_price,NASDAQ,"Compass Therapeutics, Inc. - Common Stock",2026-08-04,2026-08-05
CMRC,active,listed_common_stock_with_current_price,NASDAQ,"Commerce.com, Inc. - Series 1 Common Stock",2026-08-04,2026-08-05
CMRE,active,listed_common_stock_with_current_price,NYSE,Costamare Inc. Common Stock $0.0001 par value,2026-08-04,2026-08-05
CMS,active,listed_common_stock_with_current_price,NYSE,CMS Energy Corporation Common Stock,2026-08-04,2026-08-05
CMSA,inactive,non_common_stock:obvious_non_common_title,NYSE,CMS Energy Corporation 5.625% Junior Subordinated Notes due 2078,2026-08-04,2026-08-05
CMSC,inactive,non_common_stock:obvious_non_common_title,NYSE,CMS Energy Corporation 5.875% Junior Subordinated Notes due 2078,2026-08-04,2026-08-05
CMSD,inactive,non_common_stock:obvious_non_common_title,NYSE,CMS Energy Corporation 5.875% Junior Subordinated Notes due 2079,2026-08-04,2026-08-05
CMT,active,listed_common_stock_with_current_price,NYSE American,Core Molding Technologies Inc Common Stock,2026-08-04,2026-08-05
CMTG,active,listed_common_stock_with_current_price,NYSE,"Claros Mortgage Trust, Inc. Common Stock",2026-08-04,2026-08-05
CMTL,active,listed_common_stock_with_current_price,NASDAQ,Comtech Telecommunications Corp. - Common Stock,2026-08-04,2026-08-05
CNA,active,listed_common_stock_with_current_price,NYSE,CNA Financial Corporation Common Stock,2026-08-04,2026-08-05
CNC,active,listed_common_stock_with_current_price,NYSE,Centene Corporation Common Stock,2026-08-04,2026-08-05
CNDT,active,listed_common_stock_with_current_price,NASDAQ,Conduent Incorporated - Common Stock,2026-08-04,2026-08-05
CNET,active,listed_common_stock_with_current_price,NASDAQ,ZW Data Action Technologies Inc. - Common Stock,2026-08-04,2026-08-05
CNEY,active,listed_common_stock_with_current_price,NASDAQ,CN Energy Group Inc. - Class A Ordinary Shares,2026-08-04,2026-08-05
CNF,active,listed_common_stock_with_current_price,NYSE,"CNFinance Holdings Limited American Depositary Shares, each representing two hundred (200) Ordinary Shares",2026-08-04,2026-08-05
CNH,active,listed_common_stock_with_current_price,NYSE,CNH Industrial N.V. Common Shares,2026-08-04,2026-08-05
CNI,active,listed_common_stock_with_current_price,NYSE,Canadian National Railway Company Common Stock,2026-08-04,2026-08-05
CNK,active,listed_common_stock_with_current_price,NYSE,"Cinemark Holdings Inc Cinemark Holdings, Inc. Common Stock",2026-08-04,2026-08-05
CNL,active,listed_common_stock_with_current_price,NYSE American,Collective Mining Ltd. Common Shares,2026-08-04,2026-08-05
CNM,active,listed_common_stock_with_current_price,NYSE,"Core & Main, Inc. Class A Common Stock",2026-08-04,2026-08-05
CNMD,active,listed_common_stock_with_current_price,NYSE,CONMED Corporation Common Stock,2026-08-04,2026-08-05
CNNE,active,listed_common_stock_with_current_price,NYSE,"Cannae Holdings, Inc. Common Stock",2026-08-04,2026-08-05
CNO,active,listed_common_stock_with_current_price,NYSE,"CNO Financial Group, Inc. Common Stock",2026-08-04,2026-08-05
CNOB,active,listed_common_stock_with_current_price,NASDAQ,"ConnectOne Bancorp, Inc. - Common Stock",2026-08-04,2026-08-05
CNOBP,inactive,non_common_stock:nasdaq_non_common_suffix,NASDAQ,"ConnectOne Bancorp, Inc. - Depositary Shares (each representing a 1/40th interest in a share of 5.25% Fixed-Rate Reset Non-Cumulative Perpetual Preferred Stock, Series A, par value $0.00 per share)",2026-08-04,2026-08-05
CNP,active,listed_common_stock_with_current_price,NYSE,"CenterPoint Energy, Inc (Holding Co) Common Stock",2026-08-04,2026-08-05
CNQ,active,listed_common_stock_with_current_price,NYSE,Canadian Natural Resources Limited Common Stock,2026-08-04,2026-08-05
CNR,active,listed_common_stock_with_current_price,NYSE,"Core Natural Resources, Inc. Common Stock",2026-08-04,2026-08-05
CNS,active,listed_common_stock_with_current_price,NYSE,Cohen & Steers Inc Common Stock,2026-08-04,2026-08-05
CNSP,active,listed_common_stock_with_current_price,NASDAQ,"CNS Pharmaceuticals, Inc. - Common Stock",2026-08-04,2026-08-05
CNTA,inactive,not_in_current_exchange_directories,,,2026-06-29,2026-08-05
CNTB,active,listed_common_stock_with_current_price,NASDAQ,Connect Biopharma Holdings Limited - Ordinary Shares,2026-08-04,2026-08-05
CNTN,active,listed_common_stock_with_current_price,NASDAQ,"Canton Strategic Holdings, Inc. - Common Stock",2026-08-04,2026-08-05
CNTX,active,listed_common_stock_with_current_price,NASDAQ,Context Therapeutics Inc. - Common Stock,2026-08-04,2026-08-05
CNTY,active,listed_common_stock_with_current_price,NASDAQ,"Century Casinos, Inc. - Common Stock",2026-08-04,2026-08-05
CNVS,active,listed_common_stock_with_current_price,NASDAQ,Cineverse Corp. - Class A Common Stock,2026-08-04,2026-08-05
CNX,active,listed_common_stock_with_current_price,NYSE,CNX Resources Corporation Common Stock,2026-08-04,2026-08-05
CNXC,active,listed_common_stock_with_current_price,NASDAQ,Concentrix Corporation - Common Stock,2026-08-04,2026-08-05
CNXN,active,listed_common_stock_with_current_price,NASDAQ,"PC Connection, Inc. - Common Stock",2026-08-04,2026-08-05
COCH,active,listed_common_stock_with_current_price,NASDAQ,"Envoy Medical, Inc. - Class A Common Stock",2026-08-04,2026-08-05
COCHW,inactive,non_common_stock:nasdaq_non_common_suffix,NASDAQ,"Envoy Medical, Inc. - Warrant",2026-08-04,2026-08-05
COCO,active,listed_common_stock_with_current_price,NASDAQ,"The Vita Coco Company, Inc. - Common Stock",2026-08-04,2026-08-05
COCP,active,listed_common_stock_with_current_price,NASDAQ,"Cocrystal Pharma, Inc. - Common Stock",2026-08-04,2026-08-05
CODA,active,listed_common_stock_with_current_price,NASDAQ,"Coda Octopus Group, Inc. - Common stock",2026-08-04,2026-08-05
CODI,active,listed_common_stock_with_current_price,NYSE,D/B/A Compass Diversified Holdings Shares of Beneficial Interest,2026-08-04,2026-08-05
CODX,active,listed_common_stock_with_current_price,NASDAQ,"Co-Diagnostics, Inc. - Common Stock",2026-08-04,2026-08-05
COE,active,listed_common_stock_with_current_price,NYSE American,"51Talk Online Education Group American depositary shares, each representing 60 Class A ordinary shares",2026-08-04,2026-08-05
COEPW,inactive,not_in_current_exchange_directories,,,2026-04-24,2026-08-05
COF,active,listed_common_stock_with_current_price,NYSE,Capital One Financial Corporation Common Stock,2026-08-04,2026-08-05
COFS,active,listed_common_stock_with_current_price,NASDAQ,"ChoiceOne Financial Services, Inc. - Common Stock",2026-08-04,2026-08-05
COGT,active,listed_common_stock_with_current_price,NASDAQ,"Cogent Biosciences, Inc. - Common Stock",2026-08-04,2026-08-05
COHN,active,listed_common_stock_with_current_price,NYSE American,Cohen & Company Inc.,2026-08-04,2026-08-05
COHR,active,listed_common_stock_with_current_price,NYSE,Coherent Corp. Common Stock,2026-08-04,2026-08-05
COHU,active,listed_common_stock_with_current_price,NASDAQ,"Cohu, Inc. - Common Stock",2026-08-04,2026-08-05
COIN,active,listed_common_stock_with_current_price,NASDAQ,"Coinbase Global, Inc. - Class A Common Stock",2026-08-04,2026-08-05
COKE,active,listed_common_stock_with_current_price,NASDAQ,"Coca-Cola Consolidated, Inc. - Common Stock",2026-08-04,2026-08-05
COLB,active,listed_common_stock_with_current_price,NASDAQ,"Columbia Banking System, Inc. - Common Stock",2026-08-04,2026-08-05
COLD,active,listed_common_stock_with_current_price,NYSE,"Americold Realty Trust, Inc. Common Stock",2026-08-04,2026-08-05
COLL,active,listed_common_stock_with_current_price,NASDAQ,"Collegium Pharmaceutical, Inc. - Common Stock",2026-08-04,2026-08-05
COLM,active,listed_common_stock_with_current_price,NASDAQ,Columbia Sportswear Company - Common Stock,2026-08-04,2026-08-05
COMP,active,listed_common_stock_with_current_price,NYSE,"Compass, Inc. Class A Common Stock",2026-08-04,2026-08-05
COO,active,listed_common_stock_with_current_price,NASDAQ,"The Cooper Companies, Inc.  - Common Stock",2026-08-04,2026-08-05
COOK,active,listed_common_stock_with_current_price,NYSE,"Traeger, Inc. Common Stock",2026-08-04,2026-08-05
COOTW,inactive,non_common_stock:nasdaq_non_common_suffix,NASDAQ,Australian Oilseeds Holdings Limited - Warrant,2026-07-17,2026-08-05
COP,active,listed_common_stock_with_current_price,NYSE,ConocoPhillips Common Stock,2026-08-04,2026-08-05
COR,active,listed_common_stock_with_current_price,NYSE,"Cencora, Inc. Common Stock",2026-08-04,2026-08-05
CORT,active,listed_common_stock_with_current_price,NASDAQ,Corcept Therapeutics Incorporated - Common Stock,2026-08-04,2026-08-05
CORZW,inactive,non_common_stock:nasdaq_non_common_suffix,NASDAQ,"Core Scientific, Inc. - Tranche 1 Warrants",2026-08-04,2026-08-05
COSM,active,listed_common_stock_with_current_price,NASDAQ,Cosmos Health Inc. - Common Stock,2026-08-04,2026-08-05
COST,active,listed_common_stock_with_current_price,NASDAQ,Costco Wholesale Corporation - Common Stock,2026-08-04,2026-08-05
COTY,active,listed_common_stock_with_current_price,NYSE,Coty Inc. Class A Common Stock,2026-08-04,2026-08-05
COUR,active,listed_common_stock_with_current_price,NYSE,"Coursera, Inc. Common Stock",2026-08-04,2026-08-05
COYA,active,listed_common_stock_with_current_price,NASDAQ,"Coya Therapeutics, Inc. - Common Stock",2026-08-04,2026-08-05
CP,active,listed_common_stock_with_current_price,NYSE,Canadian Pacific Kansas City Limited Common Shares,2026-08-04,2026-08-05
CPA,active,listed_common_stock_with_current_price,NYSE,"Copa Holdings, S.A. Class A Common Stock",2026-08-04,2026-08-05
CPAC,active,listed_common_stock_with_current_price,NYSE,Cementos Pacasmayo S.A.A. American Depositary Shares (Each representing five Common Shares),2026-08-04,2026-08-05
CPAY,active,listed_common_stock_with_current_price,NYSE,"Corpay, Inc. Common Stock",2026-08-04,2026-08-05
CPB,active,listed_common_stock_with_current_price,NASDAQ,The Campbell's Company - Common Stock,2026-08-04,2026-08-05
CPF,active,listed_common_stock_with_current_price,NYSE,Central Pacific Financial Corp New,2026-08-04,2026-08-05
CPHC,active,listed_common_stock_with_current_price,NASDAQ,Canterbury Park Holding Corporation - Common Stock,2026-08-04,2026-08-05
CPHI,active,listed_common_stock_with_current_price,NYSE American,"China Pharma Holdings, Inc. Common Stock",2026-08-04,2026-08-05
CPIX,active,listed_common_stock_with_current_price,NASDAQ,Cumberland Pharmaceuticals Inc. - Common Stock,2026-08-04,2026-08-05
CPK,active,listed_common_stock_with_current_price,NYSE,Chesapeake Utilities Corporation Common Stock,2026-08-04,2026-08-05
CPNG,active,listed_common_stock_with_current_price,NYSE,"Coupang, Inc. Class A Common Stock",2026-08-04,2026-08-05
CPOP,active,listed_common_stock_with_current_price,NASDAQ,"Pop Culture Group Co., Ltd - Class A Ordinary Shares",2026-08-04,2026-08-05
CPRI,active,listed_common_stock_with_current_price,NYSE,Capri Holdings Limited Ordinary Shares,2026-08-04,2026-08-05
CPRT,active,listed_common_stock_with_current_price,NASDAQ,"Copart, Inc. - Common Stock",2026-08-04,2026-08-05
CPRX,inactive,not_in_current_exchange_directories,,,2026-07-21,2026-08-05
CPS,active,listed_common_stock_with_current_price,NYSE,Cooper-Standard Holdings Inc. Common Stock,2026-08-04,2026-08-05
CPSH,active,listed_common_stock_with_current_price,NASDAQ,CPS Technologies Corp. - Common Stock,2026-08-04,2026-08-05
CPSS,active,listed_common_stock_with_current_price,NASDAQ,"Consumer Portfolio Services, Inc. - Common Stock",2026-08-04,2026-08-05
CPT,active,listed_common_stock_with_current_price,NYSE,Camden Property Trust Common Stock,2026-08-04,2026-08-05
CPZ,active,listed_common_stock_with_current_price,NASDAQ,Calamos Long/Short Equity & Dynamic Income Trust - Closed End Fund,2026-08-04,2026-08-05
CQP,inactive,non_common_stock:obvious_non_common_title,NYSE,"Cheniere Energy Partners, LP Common Units",2026-08-04,2026-08-05
CRAI,active,listed_common_stock_with_current_price,NASDAQ,"CRA International,Inc. - Common Stock",2026-08-04,2026-08-05
CRBG,active,listed_common_stock_with_current_price,NYSE,Corebridge Financial Inc. Common Stock,2026-08-04,2026-08-05
CRBP,active,listed_common_stock_with_current_price,NASDAQ,"Corbus Pharmaceuticals Holdings, Inc. - Common Stock",2026-08-04,2026-08-05
CRBU,active,listed_common_stock_with_current_price,NASDAQ,"Caribou Biosciences, Inc. - Common Stock",2026-08-04,2026-08-05
CRC,active,listed_common_stock_with_current_price,NYSE,California Resources Corporation Common Stock,2026-08-04,2026-08-05
CRCT,active,listed_common_stock_with_current_price,NASDAQ,"Cricut, Inc. - Class A common stock",2026-08-04,2026-08-05
CRD-A,active,listed_common_stock_with_current_price,NYSE,Crawford & Company Common Stock,2026-08-04,2026-08-05
CRD-B,active,listed_common_stock_with_current_price,NYSE,Crawford & Company Common Stock,2026-08-04,2026-08-05
CRDF,active,listed_common_stock_with_current_price,NASDAQ,"Cardiff Oncology, Inc. - Common Stock",2026-08-04,2026-08-05
CRDL,active,listed_common_stock_with_current_price,NASDAQ,Cardiol Therapeutics Inc. - Class A Common Shares,2026-08-04,2026-08-05
CRDO,active,listed_common_stock_with_current_price,NASDAQ,Credo Technology Group Holding Ltd - Ordinary Shares,2026-08-04,2026-08-05
CREG,inactive,not_in_current_exchange_directories,,,2026-08-04,2026-08-05
CRESY,active,listed_common_stock_with_current_price,NASDAQ,"Cresud S.A.C.I.F. y A. - American Depositary Shares, each representing ten shares of Common Stock",2026-08-04,2026-08-05
CREX,active,listed_common_stock_with_current_price,NASDAQ,"Creative Realities, Inc. - Common Stock",2026-08-04,2026-08-05
CRGO,active,listed_common_stock_with_current_price,NASDAQ,Freightos Limited - Ordinary shares,2026-08-04,2026-08-05
CRGOW,inactive,non_common_stock:nasdaq_non_common_suffix,NASDAQ,Freightos Limited - Warrants,2026-08-04,2026-08-05
CRGY,active,listed_common_stock_with_current_price,NYSE,Crescent Energy Company Class A Common Stock,2026-08-04,2026-08-05
CRH,active,listed_common_stock_with_current_price,NYSE,CRH PLC Ordinary Shares,2026-08-04,2026-08-05
CRI,active,listed_common_stock_with_current_price,NYSE,"Carter's, Inc. Common Stock",2026-08-04,2026-08-05
CRIS,active,listed_common_stock_with_current_price,NASDAQ,"Curis, Inc. - Common Stock",2026-08-04,2026-08-05
CRK,active,listed_common_stock_with_current_price,NYSE,"Comstock Resources, Inc. Common Stock",2026-08-04,2026-08-05
CRL,active,listed_common_stock_with_current_price,NYSE,"Charles River Laboratories International, Inc. Common Stock",2026-08-04,2026-08-05
CRM,active,listed_common_stock_with_current_price,NYSE,"Salesforce, Inc. Common Stock",2026-08-04,2026-08-05
CRMD,active,listed_common_stock_with_current_price,NASDAQ,CorMedix Inc. - Common Stock,2026-08-04,2026-08-05
CRMT,active,listed_common_stock_with_current_price,NASDAQ,"America's Car-Mart, Inc. - Common Stock",2026-08-04,2026-08-05
CRNC,active,listed_common_stock_with_current_price,NASDAQ,Cerence Inc. - Common Stock,2026-08-04,2026-08-05
CRNT,active,listed_common_stock_with_current_price,NASDAQ,Ceragon Networks Ltd. - Ordinary Shares,2026-08-04,2026-08-05
CRNX,active,listed_common_stock_with_current_price,NASDAQ,"Crinetics Pharmaceuticals, Inc. - Common Stock",2026-08-04,2026-08-05
CRON,active,listed_common_stock_with_current_price,NASDAQ,Cronos Group Inc. - Common Share,2026-08-04,2026-08-05
CROX,active,listed_common_stock_with_current_price,NASDAQ,"Crocs, Inc. - Common Stock",2026-08-04,2026-08-05
CRS,active,listed_common_stock_with_current_price,NYSE,Carpenter Technology Corporation Common Stock,2026-08-04,2026-08-05
CRSP,active,listed_common_stock_with_current_price,NASDAQ,CRISPR Therapeutics AG - Common Shares,2026-08-04,2026-08-05
CRSR,active,listed_common_stock_with_current_price,NASDAQ,"Corsair Gaming, Inc. - Common Stock",2026-08-04,2026-08-05
CRT,active,listed_common_stock_with_current_price,NYSE,Cross Timbers Royalty Trust Common Stock,2026-08-04,2026-08-05
CRTO,active,listed_common_stock_with_current_price,NASDAQ,Criteo S.A. - Ordinary Shares,2026-08-04,2026-08-05
CRUS,active,listed_common_stock_with_current_price,NASDAQ,"Cirrus Logic, Inc. - Common Stock",2026-08-04,2026-08-05
CRVL,active,listed_common_stock_with_current_price,NASDAQ,CorVel Corp. - Common Stock,2026-08-04,2026-08-05
CRVO,active,listed_common_stock_with_current_price,NASDAQ,CervoMed Inc. - Common Stock,2026-08-04,2026-08-05
CRVS,active,listed_common_stock_with_current_price,NASDAQ,"Corvus Pharmaceuticals, Inc. - Common Stock",2026-08-04,2026-08-05
CRWD,active,listed_common_stock_with_current_price,NASDAQ,"CrowdStrike Holdings, Inc. - Class A Common Stock",2026-08-04,2026-08-05
CRWS,active,listed_common_stock_with_current_price,NASDAQ,"Crown Crafts, Inc. - Common Stock",2026-08-04,2026-08-05
CSAN,active,listed_common_stock_with_current_price,NYSE,Cosan S.A. ADS,2026-08-04,2026-08-05
CSBR,active,listed_common_stock_with_current_price,NASDAQ,"Champions Oncology, Inc. - Common Stock",2026-08-04,2026-08-05
CSCO,active,listed_common_stock_with_current_price,NASDAQ,"Cisco Systems, Inc. - Common Stock",2026-08-04,2026-08-05
CSGP,active,listed_common_stock_with_current_price,NASDAQ,"CoStar Group, Inc. - Common Stock",2026-08-04,2026-08-05
CSGS,inactive,not_in_current_exchange_directories,,,2026-05-15,2026-08-05
CSIQ,active,listed_common_stock_with_current_price,NASDAQ,Canadian Solar Inc. - Common Shares,2026-08-04,2026-08-05
CSL,active,listed_common_stock_with_current_price,NYSE,Carlisle Companies Incorporated Common Stock,2026-08-04,2026-08-05
CSPI,active,listed_common_stock_with_current_price,NASDAQ,CSP Inc. - Common Stock,2026-08-04,2026-08-05
CSR,active,listed_common_stock_with_current_price,NYSE,D/B/A Centerspace Common Stock,2026-08-04,2026-08-05
CSTE,active,listed_common_stock_with_current_price,NASDAQ,Caesarstone Ltd. - Ordinary Shares,2026-08-04,2026-08-05
CSTL,active,listed_common_stock_with_current_price,NASDAQ,"Castle Biosciences, Inc. - Common stock",2026-08-04,2026-08-05
CSTM,active,listed_common_stock_with_current_price,NYSE,Constellium SE Ordinary Shares (France),2026-08-04,2026-08-05
CSV,active,listed_common_stock_with_current_price,NYSE,"Carriage Services, Inc. Common Stock",2026-08-04,2026-08-05
CSW,active,listed_common_stock_with_current_price,NYSE,"CSW Industrials, Inc. Common Stock",2026-08-04,2026-08-05
CSWC,active,listed_common_stock_with_current_price,NASDAQ,Capital Southwest Corporation - Common Stock,2026-08-04,2026-08-05
CSX,active,listed_common_stock_with_current_price,NASDAQ,CSX Corporation - Common Stock,2026-08-04,2026-08-05
CTAS,active,listed_common_stock_with_current_price,NASDAQ,Cintas Corporation - Common Stock,2026-08-04,2026-08-05
CTBB,inactive,not_in_current_exchange_directories,,,2026-05-22,2026-08-05
CTBI,active,listed_common_stock_with_current_price,NASDAQ,"Community Trust Bancorp, Inc. - Common Stock",2026-08-04,2026-08-05
CTDD,inactive,not_in_current_exchange_directories,,,2026-05-22,2026-08-05
CTEV,active,listed_common_stock_with_current_price,NYSE,Claritev Corporation Class A Common Stock,2026-08-04,2026-08-05
CTGO,active,listed_common_stock_with_current_price,NYSE American,Contango Silver & Gold Inc. Common Stock,2026-08-04,2026-08-05
CTKB,active,listed_common_stock_with_current_price,NASDAQ,"Cytek Biosciences, Inc. - Common Stock",2026-08-04,2026-08-05
CTLP,inactive,not_in_current_exchange_directories,,,2026-05-11,2026-08-05
CTM,active,listed_common_stock_with_current_price,NYSE American,"Castellum, Inc. Common Stock",2026-08-04,2026-08-05
CTMX,active,listed_common_stock_with_current_price,NASDAQ,"CytomX Therapeutics, Inc. - Common Stock",2026-08-04,2026-08-05
CTO,active,listed_common_stock_with_current_price,NYSE,"CTO Realty Growth, Inc. Common Stock",2026-08-04,2026-08-05
CTOR,active,listed_common_stock_with_current_price,NASDAQ,"Citius Oncology, Inc.  - Common Stock",2026-08-04,2026-08-05
CTRA,inactive,not_in_current_exchange_directories,,,2026-05-07,2026-08-05
CTRE,active,listed_common_stock_with_current_price,NYSE,"CareTrust REIT, Inc. Common Stock",2026-08-04,2026-08-05
CTRM,active,listed_common_stock_with_current_price,NASDAQ,Castor Maritime Inc. - Common Shares,2026-08-04,2026-08-05
CTRN,active,listed_common_stock_with_current_price,NASDAQ,"Citi Trends, Inc. - Common Stock",2026-08-04,2026-08-05
CTS,active,listed_common_stock_with_current_price,NYSE,CTS Corporation Common Stock,2026-08-04,2026-08-05
CTSH,active,listed_common_stock_with_current_price,NASDAQ,Cognizant Technology Solutions Corporation - Class A Common Stock,2026-08-04,2026-08-05
CTSO,active,listed_common_stock_with_current_price,NASDAQ,Cytosorbents Corporation - Common Stock,2026-08-04,2026-08-05
CTVA,active,listed_common_stock_with_current_price,NYSE,"Corteva, Inc. Common Stock",2026-08-04,2026-08-05
CTW,active,listed_common_stock_with_current_price,NASDAQ,CTW - Class A Ordinary Shares,2026-08-04,2026-08-05
CTXR,active,listed_common_stock_with_current_price,NASDAQ,"Citius Pharmaceuticals, Inc. - Common Stock",2026-08-04,2026-08-05
CUBB,inactive,non_common_stock:obvious_non_common_title,NYSE,"Customers Bancorp, Inc 5.375% Subordinated Notes Due 2034",2026-08-04,2026-08-05
CUBE,active,listed_common_stock_with_current_price,NYSE,CubeSmart Common Shares,2026-08-04,2026-08-05
CUBI,active,listed_common_stock_with_current_price,NYSE,"Customers Bancorp, Inc Common Stock",2026-08-04,2026-08-05
CUE,active,listed_common_stock_with_current_price,NASDAQ,"Cue Biopharma, Inc. - Common Stock",2026-08-04,2026-08-05
CUK,inactive,not_in_current_exchange_directories,,,2026-05-06,2026-08-05
CULL,inactive,not_in_current_exchange_directories,,,2026-08-04,2026-08-05
CULP,active,listed_common_stock_with_current_price,NASDAQ,"Culp, Inc. - Common Shares",2026-08-04,2026-08-05
CURI,active,listed_common_stock_with_current_price,NASDAQ,CuriosityStream Inc.  - Class A Common Stock,2026-08-04,2026-08-05
CURV,active,listed_common_stock_with_current_price,NYSE,Torrid Holdings Inc. Common Stock,2026-08-04,2026-08-05
CUZ,active,listed_common_stock_with_current_price,NYSE,Cousins Properties Incorporated Common Stock,2026-08-04,2026-08-05
CVBF,active,listed_common_stock_with_current_price,NASDAQ,CVB Financial Corporation - Common Stock,2026-08-04,2026-08-05
CVCO,active,listed_common_stock_with_current_price,NASDAQ,"Cavco Industries, Inc. - Common Stock",2026-08-04,2026-08-05
CVE,active,listed_common_stock_with_current_price,NYSE,Cenovus Energy Inc Common Stock,2026-08-04,2026-08-05
CVEO,active,listed_common_stock_with_current_price,NYSE,Civeo Corporation (Canada) Common Shares,2026-08-04,2026-08-05
CVGI,active,listed_common_stock_with_current_price,NASDAQ,"Commercial Vehicle Group, Inc. - Common Stock",2026-08-04,2026-08-05
CVGW,inactive,not_in_current_exchange_directories,,,2026-05-28,2026-08-05
CVI,active,listed_common_stock_with_current_price,NYSE,CVR Energy Inc. Common Stock,2026-08-04,2026-08-05
CVLG,active,listed_common_stock_with_current_price,NYSE,"Covenant Logistics Group, Inc. Class A Common Stock",2026-08-04,2026-08-05
CVLT,active,listed_common_stock_with_current_price,NASDAQ,"Commvault Systems, Inc. - Common Stock",2026-08-04,2026-08-05
CVM,active,listed_common_stock_with_current_price,NYSE American,Cel-Sci Corporation Common Stock,2026-08-04,2026-08-05
CVNA,active,listed_common_stock_with_current_price,NYSE,Carvana Co. Class A Common Stock,2026-08-04,2026-08-05
CVR,active,listed_common_stock_with_current_price,NYSE American,Chicago Rivet & Machine Co. Common Stock,2026-08-04,2026-08-05
CVRX,active,listed_common_stock_with_current_price,NASDAQ,"CVRx, Inc. - Common Stock",2026-08-04,2026-08-05
CVS,active,listed_common_stock_with_current_price,NYSE,CVS Health Corporation Common Stock,2026-08-04,2026-08-05
CVSA,active,listed_common_stock_with_current_price,NYSE,Covista Inc. Common Shares,2026-08-04,2026-08-05
CVU,active,listed_common_stock_with_current_price,NYSE American,"CPI Aerostructures, Inc. Common Stock",2026-08-04,2026-08-05
CVV,active,listed_common_stock_with_current_price,NASDAQ,CVD Equipment Corporation - Common Stock,2026-08-04,2026-08-05
CVX,active,listed_common_stock_with_current_price,NYSE,Chevron Corporation Common Stock,2026-08-04,2026-08-05
CW,active,listed_common_stock_with_current_price,NYSE,Curtiss-Wright Corporation Common Stock,2026-08-04,2026-08-05
CWAN,inactive,not_in_current_exchange_directories,,,2026-07-02,2026-08-05
CWBC,active,listed_common_stock_with_current_price,NASDAQ,Community West Bancshares - Common Stock,2026-08-04,2026-08-05
CWCO,active,listed_common_stock_with_current_price,NASDAQ,Consolidated Water Co. Ltd. - Ordinary Shares,2026-08-04,2026-08-05
CWEN,active,listed_common_stock_with_current_price,NYSE,"Clearway Energy, Inc. Class C Common Stock",2026-08-04,2026-08-05
CWEN-A,inactive,not_in_current_exchange_directories,,,2026-06-26,2026-08-05
CWH,active,listed_common_stock_with_current_price,NYSE,"Camping World Holdings, Inc. Class A Common Stock",2026-08-04,2026-08-05
CWK,active,listed_common_stock_with_current_price,NYSE,Cushman & Wakefield Ltd. Common Shares,2026-08-04,2026-08-05
CWST,active,listed_common_stock_with_current_price,NASDAQ,"Casella Waste Systems, Inc. - Class A Common Stock",2026-08-04,2026-08-05
CWT,active,listed_common_stock_with_current_price,NYSE,California Water Service Group Common Stock,2026-08-04,2026-08-05
CX,active,listed_common_stock_with_current_price,NYSE,"Cemex, S.A.B. de C.V. Sponsored ADR",2026-08-04,2026-08-05
CXAI,active,listed_common_stock_with_current_price,NASDAQ,CXApp Inc. - Class A Common Stock,2026-08-04,2026-08-05
CXAIW,inactive,non_common_stock:nasdaq_non_common_suffix,NASDAQ,CXApp Inc. - Warrant,2026-08-04,2026-08-05
CXDO,active,listed_common_stock_with_current_price,NASDAQ,"Crexendo, Inc. - Common Stock",2026-08-04,2026-08-05
CXM,active,listed_common_stock_with_current_price,NYSE,"Sprinklr, Inc. Class A Common Stock",2026-08-04,2026-08-05
CXT,active,listed_common_stock_with_current_price,NYSE,"Crane NXT, Co. Common Stock",2026-08-04,2026-08-05
CXW,active,listed_common_stock_with_current_price,NYSE,"CoreCivic, Inc. Common Stock",2026-08-04,2026-08-05
CYCN,active,listed_common_stock_with_current_price,NASDAQ,"Cyclerion Therapeutics, Inc. - Common Stock",2026-08-04,2026-08-05
CYD,active,listed_common_stock_with_current_price,NYSE,China Yuchai International Limited Common Stock,2026-08-04,2026-08-05
CYH,active,listed_common_stock_with_current_price,NYSE,"Community Health Systems, Inc. Common Stock",2026-08-04,2026-08-05
CYN,active,listed_common_stock_with_current_price,NASDAQ,Cyngn Inc. - Common stock,2026-08-04,2026-08-05
CYPH,active,listed_common_stock_with_current_price,NASDAQ,Cypherpunk Technologies Inc. - Common Stock,2026-08-04,2026-08-05
CYRX,active,listed_common_stock_with_current_price,NASDAQ,"CryoPort, Inc. - Common Stock",2026-08-04,2026-08-05
CYTK,active,listed_common_stock_with_current_price,NASDAQ,"Cytokinetics, Incorporated - Common Stock",2026-08-04,2026-08-05
CZFS,active,listed_common_stock_with_current_price,NASDAQ,"Citizens Financial Services, Inc. - Common Stock",2026-08-04,2026-08-05
CZNC,active,listed_common_stock_with_current_price,NASDAQ,Citizens & Northern Corp - Common Stock,2026-08-04,2026-08-05
CZR,active,listed_common_stock_with_current_price,NASDAQ,"Caesars Entertainment, Inc. - Common Stock",2026-08-04,2026-08-05
CZWI,active,listed_common_stock_with_current_price,NASDAQ,"Citizens Community Bancorp, Inc. - Common Stock",2026-08-04,2026-08-05
D,active,listed_common_stock_with_current_price,NYSE,"Dominion Energy, Inc. Common Stock",2026-08-04,2026-08-05
DAC,active,listed_common_stock_with_current_price,NYSE,Danaos Corporation Common Stock,2026-08-04,2026-08-05
DAIO,active,listed_common_stock_with_current_price,NASDAQ,Data I/O Corporation - Common Stock,2026-08-04,2026-08-05
DAKT,active,listed_common_stock_with_current_price,NASDAQ,"Daktronics, Inc. - Common Stock",2026-08-04,2026-08-05
DAL,active,listed_common_stock_with_current_price,NYSE,"Delta Air Lines, Inc. Common Stock",2026-08-04,2026-08-05
DAN,active,listed_common_stock_with_current_price,NYSE,Dana Incorporated Common Stock,2026-08-04,2026-08-05
DAO,active,listed_common_stock_with_current_price,NYSE,"Youdao, Inc. American Depositary Shares, each representing one Class A Ordinary Share",2026-08-04,2026-08-05
DAR,active,listed_common_stock_with_current_price,NYSE,Darling Ingredients Inc. Common Stock,2026-08-04,2026-08-05
DARE,active,listed_common_stock_with_current_price,NASDAQ,"Dare Bioscience, Inc. - Common Stock",2026-08-04,2026-08-05
DASH,active,listed_common_stock_with_current_price,NASDAQ,"DoorDash, Inc. - Common Stock",2026-08-04,2026-08-05
DAVA,active,listed_common_stock_with_current_price,NYSE,Endava plc American Depositary Shares (each representing one Class A Ordinary Share),2026-08-04,2026-08-05
DAVE,active,listed_common_stock_with_current_price,NASDAQ,Dave Inc.  - Class A Common Stock,2026-08-04,2026-08-05
DAVEW,inactive,non_common_stock:nasdaq_non_common_suffix,NASDAQ,Dave Inc.  - Warrants,2026-08-04,2026-08-05
DAWN,inactive,not_in_current_exchange_directories,,,2026-04-24,2026-08-05
DB,active,listed_common_stock_with_current_price,NYSE,Deutsche Bank AG Common Stock,2026-08-04,2026-08-05
DBGI,active,listed_common_stock_with_current_price,NASDAQ,"Digital Brands Group, Inc. - Common Stock",2026-08-04,2026-08-05
DBI,active,listed_common_stock_with_current_price,NYSE,Designer Brands Inc. Class A Common Stock,2026-08-04,2026-08-05
DBRG,active,listed_common_stock_with_current_price,NYSE,"DigitalBridge Group, Inc.",2026-08-04,2026-08-05
DBVT,active,listed_common_stock_with_current_price,NASDAQ,DBV Technologies S.A. - American Depositary Shares,2026-08-04,2026-08-05
DBX,active,listed_common_stock_with_current_price,NASDAQ,"Dropbox, Inc. - Class A Common Stock",2026-08-04,2026-08-05
DC,active,listed_common_stock_with_current_price,NYSE American,Dakota Gold Corp. Common Stock,2026-08-04,2026-08-05
DCBO,active,listed_common_stock_with_current_price,NASDAQ,Docebo Inc. - Common Shares,2026-08-04,2026-08-05
DCGO,active,listed_common_stock_with_current_price,NASDAQ,DocGo Inc. - Common Stock,2026-08-04,2026-08-05
DCH,active,listed_common_stock_with_current_price,NYSE,Dauch Corporation Common Stock,2026-08-04,2026-08-05
DCI,active,listed_common_stock_with_current_price,NYSE,"Donaldson Company, Inc. Common Stock",2026-08-04,2026-08-05
DCO,active,listed_common_stock_with_current_price,NYSE,Ducommun Incorporated Common Stock,2026-08-04,2026-08-05
DCOM,active,listed_common_stock_with_current_price,NYSE,"Dime Commercial Bancshares, Inc. Common Stock",2026-08-04,2026-08-05
DCOMP,inactive,not_in_current_exchange_directories,,,2026-06-05,2026-08-05
DCTH,active,listed_common_stock_with_current_price,NASDAQ,"Delcath Systems, Inc. - Common Stock",2026-08-04,2026-08-05
DD,active,listed_common_stock_with_current_price,NYSE,"DuPont de Nemours, Inc. Common Stock",2026-08-04,2026-08-05
DDC,active,listed_common_stock_with_current_price,NYSE American,DDC Enterprise Limited Class A Ordinary Shares,2026-08-04,2026-08-05
DDD,active,listed_common_stock_with_current_price,NYSE,3D Systems Corporation Common Stock,2026-08-04,2026-08-05
DDI,active,listed_common_stock_with_current_price,NASDAQ,"DoubleDown Interactive Co., Ltd. - American Depository Shares",2026-08-04,2026-08-05
DDL,active,listed_common_stock_with_current_price,NYSE,Dingdong (Cayman) Limited American Depositary Shares (each two representing three Ordinary Shares),2026-08-04,2026-08-05
DDOG,active,listed_common_stock_with_current_price,NASDAQ,"Datadog, Inc. - Class A Common Stock",2026-08-04,2026-08-05
DDS,active,listed_common_stock_with_current_price,NYSE,"Dillard's, Inc. Common Stock",2026-08-04,2026-08-05
DDT,active,listed_common_stock_with_current_price,NYSE,Dillard's Capital Trust I,2026-08-04,2026-08-05
DE,active,listed_common_stock_with_current_price,NYSE,Deere & Company Common Stock,2026-08-04,2026-08-05
DEA,active,listed_common_stock_with_current_price,NYSE,"Easterly Government Properties, Inc. Common Stock",2026-08-04,2026-08-05
DECK,active,listed_common_stock_with_current_price,NYSE,Deckers Outdoor Corporation Common Stock,2026-08-04,2026-08-05
DEI,active,listed_common_stock_with_current_price,NYSE,"Douglas Emmett, Inc. Common Stock",2026-08-04,2026-08-05
DELL,active,listed_common_stock_with_current_price,NYSE,Dell Technologies Inc. Class C Common Stock,2026-08-04,2026-08-05
DEO,active,listed_common_stock_with_current_price,NYSE,Diageo plc Common Stock,2026-08-04,2026-08-05
DERM,active,listed_common_stock_with_current_price,NASDAQ,Journey Medical Corporation - Common Stock,2026-08-04,2026-08-05
DFH,active,listed_common_stock_with_current_price,NYSE,"Dream Finders Homes, Inc. Class A Common Stock",2026-08-04,2026-08-05
DFIN,active,listed_common_stock_with_current_price,NYSE,"Donnelley Financial Solutions, Inc. Common Stock",2026-08-04,2026-08-05
DFLI,active,listed_common_stock_with_current_price,NASDAQ,Dragonfly Energy Holdings Corp - Common Stock,2026-08-04,2026-08-05
DFLIW,inactive,non_common_stock:nasdaq_non_common_suffix,NASDAQ,Dragonfly Energy Holdings Corp - Warrant,2026-08-04,2026-08-05
DFNS,active,listed_common_stock_with_current_price,NASDAQ,T3 Defense Inc. - Common Stock,2026-08-04,2026-08-05
DFPH,inactive,not_in_current_exchange_directories,,,2026-08-03,2026-08-05
DFTX,active,listed_common_stock_with_current_price,NASDAQ,"Definium Therapeutics, Inc.  - Common Shares",2026-08-04,2026-08-05
DG,active,listed_common_stock_with_current_price,NYSE,Dollar General Corporation Common Stock,2026-08-04,2026-08-05
DGICA,active,listed_common_stock_with_current_price,NASDAQ,"Donegal Group, Inc. - Class A Common Stock",2026-08-04,2026-08-05
DGICB,active,listed_common_stock_with_current_price,NASDAQ,"Donegal Group, Inc. - Class B Common Stock",2026-08-04,2026-08-05
DGII,active,listed_common_stock_with_current_price,NASDAQ,Digi International Inc. - Common Stock,2026-08-04,2026-08-05
DGX,active,listed_common_stock_with_current_price,NYSE,Quest Diagnostics Incorporated Common Stock,2026-08-04,2026-08-05
DGXX,active,listed_common_stock_with_current_price,NASDAQ,Digi Power X Inc. - Common Subordinate Voting Shares,2026-08-04,2026-08-05
DH,active,listed_common_stock_with_current_price,NASDAQ,Definitive Healthcare Corp. - Class A Common Stock,2026-08-04,2026-08-05
DHC,active,listed_common_stock_with_current_price,NASDAQ,Diversified Healthcare Trust  - Common Shares of Beneficial Interest,2026-08-04,2026-08-05
DHCNI,inactive,non_common_stock:obvious_non_common_title,NASDAQ,Diversified Healthcare Trust  - 5.625% Senior Notes due 2042,2026-08-04,2026-08-05
DHCNL,inactive,non_common_stock:obvious_non_common_title,NASDAQ,Diversified Healthcare Trust  - 6.25% Senior Notes Due 2046,2026-08-04,2026-08-05
DHI,active,listed_common_stock_with_current_price,NYSE,"D.R. Horton, Inc. Common Stock",2026-08-04,2026-08-05
DHIL,inactive,not_in_current_exchange_directories,,,2026-04-24,2026-08-05
DHR,active,listed_common_stock_with_current_price,NYSE,Danaher Corporation Common Stock,2026-08-04,2026-08-05
DHT,active,listed_common_stock_with_current_price,NYSE,"DHT Holdings, Inc.",2026-08-04,2026-08-05
DHX,active,listed_common_stock_with_current_price,NYSE,"DHI Group, Inc. Common Stock",2026-08-04,2026-08-05
DIBS,active,listed_common_stock_with_current_price,NASDAQ,"1stdibs.com, Inc. - Common Stock",2026-08-04,2026-08-05
DIN,active,listed_common_stock_with_current_price,NYSE,"Dine Brands Global, Inc. Common Stock",2026-08-04,2026-08-05
DINO,active,listed_common_stock_with_current_price,NYSE,HF Sinclair Corporation Common Stock,2026-08-04,2026-08-05
DIOD,active,listed_common_stock_with_current_price,NASDAQ,Diodes Incorporated - Common Stock,2026-08-04,2026-08-05
DIS,active,listed_common_stock_with_current_price,NYSE,Walt Disney Company (The) Common Stock,2026-08-04,2026-08-05
DIT,active,listed_common_stock_with_current_price,NYSE American,AMCON Distributing Company Common Stock,2026-08-04,2026-08-05
DJCO,active,listed_common_stock_with_current_price,NASDAQ,Daily Journal Corp. (S.C.) - Common Stock,2026-08-04,2026-08-05
DJT,active,listed_common_stock_with_current_price,NASDAQ,Trump Media & Technology Group Corp. - Common Stock,2026-08-04,2026-08-05
DK,active,listed_common_stock_with_current_price,NYSE,"Delek US Holdings, Inc. Common Stock",2026-08-04,2026-08-05
DKL,inactive,non_common_stock:obvious_non_common_title,NYSE,"Delek Logistics Partners, L.P. Common Units representing Limited Partner Interests",2026-08-04,2026-08-05
DKNG,active,listed_common_stock_with_current_price,NASDAQ,DraftKings Inc. - Class A Common Stock,2026-08-04,2026-08-05
DKS,active,listed_common_stock_with_current_price,NYSE,Dick's Sporting Goods Inc Common Stock,2026-08-04,2026-08-05
DLB,active,listed_common_stock_with_current_price,NYSE,Dolby Laboratories Common Stock,2026-08-04,2026-08-05
DLHC,active,listed_common_stock_with_current_price,NASDAQ,DLH Holdings Corp. - Common Stock,2026-08-04,2026-08-05
DLNG,inactive,non_common_stock:obvious_non_common_title,NYSE,Dynagas LNG Partners LP Common Units,2026-08-04,2026-08-05
DLO,active,listed_common_stock_with_current_price,NASDAQ,DLocal Limited - Class A Common Shares,2026-08-04,2026-08-05
DLPN,active,listed_common_stock_with_current_price,NASDAQ,"Dolphin Entertainment, Inc. - Common Stock",2026-08-04,2026-08-05
DLR,active,listed_common_stock_with_current_price,NYSE,"Digital Realty Trust, Inc. Common Stock",2026-08-04,2026-08-05
DLTH,active,listed_common_stock_with_current_price,NASDAQ,Duluth Holdings Inc. - Class B Common Stock,2026-08-04,2026-08-05
DLTR,active,listed_common_stock_with_current_price,NASDAQ,"Dollar Tree, Inc. - Common Stock",2026-08-04,2026-08-05
DLX,active,listed_common_stock_with_current_price,NYSE,Deluxe Corporation Common Stock,2026-08-04,2026-08-05
DLY,active,listed_common_stock_with_current_price,NYSE,DoubleLine Yield Opportunities Fund Common Shares of Beneficial Interest,2026-08-04,2026-08-05
DMA,active,listed_common_stock_with_current_price,NYSE,Destra Multi-Alternative Fund Common Stock,2026-08-04,2026-08-05
DMAC,active,listed_common_stock_with_current_price,NASDAQ,DiaMedica Therapeutics Inc. - Common Stock,2026-08-04,2026-08-05
DMLP,inactive,non_common_stock:obvious_non_common_title,NASDAQ,"Dorchester Minerals, L.P. - Common Units Representing Limited Partnership Interests",2026-08-04,2026-08-05
DMRA,active,listed_common_stock_with_current_price,NASDAQ,"Damora Therapeutics, Inc. - Ordinary Shares",2026-08-04,2026-08-05
DMRC,active,listed_common_stock_with_current_price,NASDAQ,Digimarc Corporation - Common Stock,2026-08-04,2026-08-05
DNA,active,listed_common_stock_with_current_price,NYSE,"Ginkgo Bioworks Holdings, Inc. Class A Common Stock",2026-08-04,2026-08-05
DNLI,active,listed_common_stock_with_current_price,NASDAQ,Denali Therapeutics Inc. - Common Stock,2026-08-04,2026-08-05
DNN,active,listed_common_stock_with_current_price,NYSE American,Denison Mines Corp Ordinary Shares (Canada),2026-08-04,2026-08-05
DNOW,active,listed_common_stock_with_current_price,NYSE,DNOW Inc. Common Stock,2026-08-04,2026-08-05
DNUT,active,listed_common_stock_with_current_price,NASDAQ,"Krispy Kreme, Inc. - Common Stock",2026-08-04,2026-08-05
DOC,active,listed_common_stock_with_current_price,NYSE,"Healthpeak Properties, Inc. Common Stock",2026-08-04,2026-08-05
DOCN,active,listed_common_stock_with_current_price,NYSE,"DigitalOcean Holdings, Inc. Common Stock",2026-08-04,2026-08-05
DOCS,active,listed_common_stock_with_current_price,NYSE,"Doximity, Inc. Class A Common Stock",2026-08-04,2026-08-05
DOCU,active,listed_common_stock_with_current_price,NASDAQ,"DocuSign, Inc. - Common Stock",2026-08-04,2026-08-05
DOGZ,active,listed_common_stock_with_current_price,NASDAQ,Dogness (International) Corporation - Class A Common Stock,2026-08-04,2026-08-05
DOLE,active,listed_common_stock_with_current_price,NYSE,Dole plc Ordinary Shares,2026-08-04,2026-08-05
DOMH,active,listed_common_stock_with_current_price,NASDAQ,Dominari Holdings Inc. - Common Stock,2026-08-04,2026-08-05
DOMO,active,listed_common_stock_with_current_price,NASDAQ,"Domo, Inc. - Class B Common Stock",2026-08-04,2026-08-05
DOO,active,listed_common_stock_with_current_price,NASDAQ,BRP Inc. - Common Subordinate Voting Shares,2026-08-04,2026-08-05
DORM,active,listed_common_stock_with_current_price,NASDAQ,"Dorman Products, Inc. - Common Stock",2026-08-04,2026-08-05
DOUG,active,listed_common_stock_with_current_price,NYSE,Douglas Elliman Inc. Common Stock,2026-08-04,2026-08-05
DOV,active,listed_common_stock_with_current_price,NYSE,Dover Corporation Common Stock,2026-08-04,2026-08-05
DOW,active,listed_common_stock_with_current_price,NYSE,Dow Inc. Common Stock,2026-08-04,2026-08-05
DOX,active,listed_common_stock_with_current_price,NASDAQ,Amdocs Limited - Ordinary Shares,2026-08-04,2026-08-05
DOYU,active,listed_common_stock_with_current_price,NASDAQ,DouYu International Holdings Limited - American Depositary Shares,2026-08-04,2026-08-05
DPRO,active,listed_common_stock_with_current_price,NASDAQ,Draganfly Inc. - Common Shares,2026-08-04,2026-08-05
DPZ,active,listed_common_stock_with_current_price,NASDAQ,Domino's Pizza Inc - Common Stock,2026-08-04,2026-08-05
DQ,active,listed_common_stock_with_current_price,NYSE,"DAQO New Energy Corp. American Depositary Shares, each representing five ordinary shares",2026-08-04,2026-08-05
DRCT,active,listed_common_stock_with_current_price,NASDAQ,"Direct Digital Holdings, Inc. - Class A Common Stock",2026-08-04,2026-08-05
DRD,active,listed_common_stock_with_current_price,NYSE,DRDGOLD Limited American Depositary Shares,2026-08-04,2026-08-05
DRH,active,listed_common_stock_with_current_price,NASDAQ,Diamondrock Hospitality Company - Common Stock,2026-08-04,2026-08-05
DRI,active,listed_common_stock_with_current_price,NYSE,"Darden Restaurants, Inc. Common Stock",2026-08-04,2026-08-05
DRIO,active,listed_common_stock_with_current_price,NASDAQ,DarioHealth Corp. - Common Stock,2026-08-04,2026-08-05
DRMA,active,listed_common_stock_with_current_price,NASDAQ,"Dermata Therapeutics, Inc. - Common Stock",2026-08-04,2026-08-05
DRMAW,inactive,non_common_stock:nasdaq_non_common_suffix,NASDAQ,"Dermata Therapeutics, Inc. - Warrant",2026-08-04,2026-08-05
DRS,active,listed_common_stock_with_current_price,NASDAQ,"Leonardo DRS, Inc. - Common Stock",2026-08-04,2026-08-05
DRTS,active,listed_common_stock_with_current_price,NASDAQ,Alpha Tau Medical Ltd. - Ordinary Shares,2026-08-04,2026-08-05
DRTSW,inactive,non_common_stock:nasdaq_non_common_suffix,NASDAQ,Alpha Tau Medical Ltd. - Warrant,2026-08-04,2026-08-05
DRUG,active,listed_common_stock_with_current_price,NASDAQ,Bright Minds Biosciences Inc. - common stock,2026-08-04,2026-08-05
DRVN,active,listed_common_stock_with_current_price,NASDAQ,Driven Brands Holdings Inc. - Common Stock,2026-08-04,2026-08-05
DSACU,inactive,non_common_stock:nasdaq_non_common_suffix,NASDAQ,Daedalus Special Acquisition Corp. - Unit,2026-08-04,2026-08-05
DSGN,active,listed_common_stock_with_current_price,NASDAQ,"Design Therapeutics, Inc. - Common Stock",2026-08-04,2026-08-05
DSGR,active,listed_common_stock_with_current_price,NASDAQ,"Distribution Solutions Group, Inc. - Common Stock",2026-08-04,2026-08-05
DSGX,active,listed_common_stock_with_current_price,NASDAQ,The Descartes Systems Group Inc. - Common Stock,2026-08-04,2026-08-05
DSP,active,listed_common_stock_with_current_price,NASDAQ,Viant Technology Inc. - common stock,2026-08-04,2026-08-05
DSS,active,listed_common_stock_with_current_price,NYSE American,"DSS, Inc. Common Stock",2026-08-04,2026-08-05
DSWL,active,listed_common_stock_with_current_price,NASDAQ,"Deswell Industries, Inc. - Common Shares",2026-08-04,2026-08-05
DSX,active,listed_common_stock_with_current_price,NYSE,Diana Shipping inc. common stock,2026-08-04,2026-08-05
DT,active,listed_common_stock_with_current_price,NYSE,"Dynatrace, Inc. Common Stock",2026-08-04,2026-08-05
DTB,inactive,non_common_stock:obvious_non_common_title,NYSE,DTE Energy Company 2020 Series G 4.375% Junior Subordinated Debentures due 2080,2026-08-04,2026-08-05
DTCX,active,listed_common_stock_with_current_price,NASDAQ,"Datacentrex, Inc. - Common Stock",2026-08-04,2026-08-05
DTE,active,listed_common_stock_with_current_price,NYSE,DTE Energy Company Common Stock,2026-08-04,2026-08-05
DTG,inactive,non_common_stock:obvious_non_common_title,NYSE,DTE Energy Company 2021 Series E 4.375% Junior Subordinated Debentures,2026-08-04,2026-08-05
DTIL,active,listed_common_stock_with_current_price,NASDAQ,"Precision BioSciences, Inc. - Common Stock",2026-08-04,2026-08-05
DTK,inactive,non_common_stock:obvious_non_common_title,NYSE,DTE Energy Company 2025 Series H 6.25% Junior Subordinated Debentures due 2085,2026-08-04,2026-08-05
DTM,active,listed_common_stock_with_current_price,NYSE,"DT Midstream, Inc. Common Stock",2026-08-04,2026-08-05
DTSS,active,listed_common_stock_with_current_price,NASDAQ,Datasea Intelligent Technology Ltd. - Class A Ordinary Shares,2026-08-04,2026-08-05
DTST,active,listed_common_stock_with_current_price,NASDAQ,Data Storage Corporation - Common Stock,2026-08-04,2026-08-05
DTSTW,inactive,not_in_current_exchange_directories,,,2026-05-27,2026-08-05
DTW,inactive,non_common_stock:obvious_non_common_title,NYSE,DTE Energy Company 2017 Series E 5.25% Junior Subordinated Debentures due 2077,2026-08-04,2026-08-05
DUK,active,listed_common_stock_with_current_price,NYSE,Duke Energy Corporation (Holding Company) Common Stock,2026-08-04,2026-08-05
DUKB,inactive,non_common_stock:obvious_non_common_title,NYSE,Duke Energy Corporation 5.625% Junior Subordinated Debentures due 2078,2026-08-04,2026-08-05
DUO,active,listed_common_stock_with_current_price,NASDAQ,Fangdd Network Group Ltd. - Class A Ordinary Shares,2026-08-04,2026-08-05
DUOL,active,listed_common_stock_with_current_price,NASDAQ,"Duolingo, Inc. - Class A Common Stock",2026-08-04,2026-08-05
DUOT,active,listed_common_stock_with_current_price,NASDAQ,"Duos Technologies Group, Inc. - Common Stock",2026-08-04,2026-08-05
DV,active,listed_common_stock_with_current_price,NYSE,"DoubleVerify Holdings, Inc. Common Stock",2026-08-04,2026-08-05
DVA,active,listed_common_stock_with_current_price,NYSE,DaVita Inc. Common Stock,2026-08-04,2026-08-05
DVLT,active,listed_common_stock_with_current_price,NASDAQ,Datavault AI Inc. - Common Stock,2026-08-04,2026-08-05
DVN,active,listed_common_stock_with_current_price,NYSE,Devon Energy Corporation Common Stock,2026-08-04,2026-08-05
DWSN,active,listed_common_stock_with_current_price,NASDAQ,Dawson Geophysical Company - Common Stock,2026-08-04,2026-08-05
DWTX,active,listed_common_stock_with_current_price,NASDAQ,"Dogwood Therapeutics, Inc.  - Common Stock",2026-08-04,2026-08-05
DX,active,listed_common_stock_with_current_price,NYSE,"Dynex Capital, Inc. Common Stock",2026-08-04,2026-08-05
DXC,active,listed_common_stock_with_current_price,NYSE,DXC Technology Company Common Stock,2026-08-04,2026-08-05
DXCM,active,listed_common_stock_with_current_price,NASDAQ,"DexCom, Inc. - Common Stock",2026-08-04,2026-08-05
DXLG,active,listed_common_stock_with_current_price,NASDAQ,"Destination XL Group, Inc. - Common Stock",2026-08-04,2026-08-05
DXPE,active,listed_common_stock_with_current_price,NASDAQ,"DXP Enterprises, Inc. - Common Stock",2026-08-04,2026-08-05
DXR,active,listed_common_stock_with_current_price,NASDAQ,Daxor Corporation - Closed End Fund,2026-08-04,2026-08-05
DXYN,inactive,not_in_current_exchange_directories,,,2026-08-04,2026-08-05
DY,active,listed_common_stock_with_current_price,NYSE,"Dycom Industries, Inc. Common Stock",2026-08-04,2026-08-05
DYAI,active,listed_common_stock_with_current_price,NASDAQ,"Dyadic International, Inc. - Common Stock",2026-08-04,2026-08-05
DYN,active,listed_common_stock_with_current_price,NASDAQ,"Dyne Therapeutics, Inc. - Common Stock",2026-08-04,2026-08-05
E,active,listed_common_stock_with_current_price,NYSE,ENI S.p.A. Common Stock,2026-08-04,2026-08-05
EA,inactive,not_in_current_exchange_directories,,,2026-08-04,2026-08-05
EAF,active,listed_common_stock_with_current_price,NYSE,GrafTech International Ltd. Common Stock,2026-08-04,2026-08-05
EAI,inactive,non_common_stock:obvious_non_common_title,NYSE,"Entergy Arkansas, LLC First Mortgage Bonds, 4.875% Series Due September 1, 2066",2026-08-04,2026-08-05
EARN,active,listed_common_stock_with_current_price,NYSE,Ellington Credit Company Common Shares of Beneficial Interest,2026-08-04,2026-08-05
EAT,active,listed_common_stock_with_current_price,NYSE,"Brinker International, Inc. Common Stock",2026-08-04,2026-08-05
EBAY,active,listed_common_stock_with_current_price,NASDAQ,eBay Inc. - Common Stock,2026-08-04,2026-08-05
EBC,active,listed_common_stock_with_current_price,NASDAQ,"Eastern Bankshares, Inc. - Common Stock",2026-08-04,2026-08-05
EBF,active,listed_common_stock_with_current_price,NYSE,"Ennis, Inc. Common Stock",2026-08-04,2026-08-05
EBMT,active,listed_common_stock_with_current_price,NASDAQ,"Eagle Bancorp Montana, Inc. - Common Stock",2026-08-04,2026-08-05
EBON,active,listed_common_stock_with_current_price,NASDAQ,Ebang International Holdings Inc. - Class A Ordinary Shares,2026-08-04,2026-08-05
EBS,active,listed_common_stock_with_current_price,NYSE,Emergent BioSolutions Inc. Common Stock,2026-08-04,2026-08-05
EC,active,listed_common_stock_with_current_price,NYSE,Ecopetrol S.A. American Depositary Shares,2026-08-04,2026-08-05
ECAT,active,listed_common_stock_with_current_price,NYSE,BlackRock ESG Capital Allocation Term Trust Common Shares of Beneficial Interest,2026-08-04,2026-08-05
ECBK,active,listed_common_stock_with_current_price,NASDAQ,"ECB Bancorp, Inc. - Common Stock",2026-08-04,2026-08-05
ECCC,inactive,non_common_stock:obvious_non_common_title,NYSE,Eagle Point Credit Company 6.50% Series C Term Preferred Stock due 2031,2026-08-04,2026-08-05
ECCV,inactive,non_common_stock:obvious_non_common_title,NYSE,Eagle Point Credit Company 5.375% Notes due 2029,2026-08-04,2026-08-05
ECCW,inactive,not_in_current_exchange_directories,,,2026-05-07,2026-08-05
ECCX,inactive,not_in_current_exchange_directories,,,2026-05-07,2026-08-05
ECL,active,listed_common_stock_with_current_price,NYSE,Ecolab Inc. Common Stock,2026-08-04,2026-08-05
ECOR,active,listed_common_stock_with_current_price,NASDAQ,"electroCore, Inc. - Common Stock",2026-08-04,2026-08-05
ECPG,active,listed_common_stock_with_current_price,NASDAQ,Encore Capital Group Inc - Common Stock,2026-08-04,2026-08-05
ECVT,active,listed_common_stock_with_current_price,NYSE,Ecovyst Inc. Common Stock,2026-08-04,2026-08-05
ECX,active,listed_common_stock_with_current_price,NASDAQ,ECARX Holdings Inc. - Class A Ordinary shares,2026-08-04,2026-08-05
ECXWW,inactive,non_common_stock:nasdaq_non_common_suffix,NASDAQ,ECARX Holdings Inc. - Warrants,2026-08-04,2026-08-05
ED,active,listed_common_stock_with_current_price,NYSE,"Consolidated Edison, Inc. Common Stock",2026-08-04,2026-08-05
EDAP,inactive,not_in_current_exchange_directories,,,2026-07-17,2026-08-05
EDBL,active,listed_common_stock_with_current_price,NASDAQ,Edible Garden AG Incorporated - Common Stock,2026-08-04,2026-08-05
EDBLW,inactive,non_common_stock:nasdaq_non_common_suffix,NASDAQ,Edible Garden AG Incorporated - Warrant,2026-08-04,2026-08-05
EDIT,active,listed_common_stock_with_current_price,NASDAQ,"Editas Medicine, Inc. - Common Stock",2026-08-04,2026-08-05
EDN,active,listed_common_stock_with_current_price,NYSE,Empresa Distribuidora Y Comercializadora Norte S.A. (Edenor) American Depositary Shares,2026-08-04,2026-08-05
EDRY,active,listed_common_stock_with_current_price,NASDAQ,EuroDry Ltd. - Common Shares,2026-08-04,2026-08-05
EDSA,active,listed_common_stock_with_current_price,NASDAQ,"Edesa Biotech, Inc. - Common Shares",2026-08-04,2026-08-05
EDTK,active,listed_common_stock_with_current_price,NASDAQ,Skillful Craftsman Education Technology Limited - Ordinary Share,2026-08-04,2026-08-05
EDU,active,listed_common_stock_with_current_price,NYSE,"New Oriental Education & Technology Group, Inc. Sponsored ADR representing 10 Ordinary Share (Cayman Islands)",2026-08-04,2026-08-05
EDUC,active,listed_common_stock_with_current_price,NASDAQ,Educational Development Corporation - Common Stock,2026-08-04,2026-08-05
EE,active,listed_common_stock_with_current_price,NYSE,"Excelerate Energy, Inc. Class A Common Stock",2026-08-04,2026-08-05
EEFT,active,listed_common_stock_with_current_price,NASDAQ,"Euronet Worldwide, Inc. - Common Stock",2026-08-04,2026-08-05
EEIQ,active,listed_common_stock_with_current_price,NASDAQ,EpicQuest Education Group International Limited - Common Stock,2026-08-04,2026-08-05
EEX,inactive,not_in_current_exchange_directories,,,2026-07-14,2026-08-05
EFC,active,listed_common_stock_with_current_price,NYSE,Ellington Financial Inc. Common Stock,2026-08-04,2026-08-05
EFOI,active,listed_common_stock_with_current_price,NASDAQ,"Energy Focus, Inc. - Common Stock",2026-08-04,2026-08-05
EFSC,active,listed_common_stock_with_current_price,NASDAQ,Enterprise Financial Services Corporation - Common Stock,2026-08-04,2026-08-05
EFSCP,inactive,non_common_stock:nasdaq_non_common_suffix,NASDAQ,"Enterprise Financial Services Corporation - Depositary Shares Each Representing a 1/40th Interest in a Share of 5% Fixed Rate Non-Cumulative Perpetual Preferred Stock, Series A",2026-08-04,2026-08-05
EFX,active,listed_common_stock_with_current_price,NYSE,"Equifax, Inc. Common Stock",2026-08-04,2026-08-05
EFXT,active,listed_common_stock_with_current_price,NYSE,Enerflex Ltd Common Shares,2026-08-04,2026-08-05
EG,active,listed_common_stock_with_current_price,NYSE,"Everest Group, Ltd. Common Stock",2026-08-04,2026-08-05
EGAN,active,listed_common_stock_with_current_price,NASDAQ,eGain Corporation - Common Stock,2026-08-04,2026-08-05
EGBN,active,listed_common_stock_with_current_price,NASDAQ,"Eagle Bancorp, Inc. - Common Stock",2026-08-04,2026-08-05
EGHT,active,listed_common_stock_with_current_price,NASDAQ,8x8 Inc - Common stock,2026-08-04,2026-08-05
EGO,active,listed_common_stock_with_current_price,NYSE,Eldorado Gold Corporation Ordinary Shares,2026-08-04,2026-08-05
EGP,active,listed_common_stock_with_current_price,NYSE,"EastGroup Properties, Inc. Common Stock",2026-08-04,2026-08-05
EGY,active,listed_common_stock_with_current_price,NYSE,"VAALCO Energy, Inc.  Common Stock",2026-08-04,2026-08-05
EH,active,listed_common_stock_with_current_price,NASDAQ,EHang Holdings Limited - ADS,2026-08-04,2026-08-05
EHAB,inactive,not_in_current_exchange_directories,,,2026-05-14,2026-08-05
EHC,active,listed_common_stock_with_current_price,NYSE,Encompass Health Corporation Common Stock,2026-08-04,2026-08-05
EHTH,active,listed_common_stock_with_current_price,NASDAQ,"eHealth, Inc. - Common Stock",2026-08-04,2026-08-05
EIC,active,listed_common_stock_with_current_price,NYSE,Eagle Point Income Company Inc. Common Stock,2026-08-04,2026-08-05
EICA,inactive,non_common_stock:obvious_non_common_title,NYSE,Eagle Point Income Company Inc. 5.00% Series A Term Preferred Stock due 2026,2026-08-04,2026-08-05
EIG,active,listed_common_stock_with_current_price,NYSE,Employers Holdings Inc Common Stock,2026-08-04,2026-08-05
EIX,active,listed_common_stock_with_current_price,NYSE,Edison International Common Stock,2026-08-04,2026-08-05
EJH,active,listed_common_stock_with_current_price,NASDAQ,E-Home Household Service Holdings Limited - Ordinary shares,2026-08-04,2026-08-05
EKSO,inactive,not_in_current_exchange_directories,,,2026-05-04,2026-08-05
EL,active,listed_common_stock_with_current_price,NYSE,"Estee Lauder Companies, Inc. (The) Common Stock",2026-08-04,2026-08-05
ELA,active,listed_common_stock_with_current_price,NYSE American,Envela Corporation Common Stock,2026-08-04,2026-08-05
ELAN,active,listed_common_stock_with_current_price,NYSE,Elanco Animal Health Incorporated Common Stock,2026-08-04,2026-08-05
ELBM,active,listed_common_stock_with_current_price,NASDAQ,Electra Battery Materials Corporation - Common Stock,2026-08-04,2026-08-05
ELC,inactive,non_common_stock:obvious_non_common_title,NYSE,"Entergy Louisiana, Inc. Collateral Trust Mortgage Bonds, 4.875 % Series due September 1, 2066",2026-08-04,2026-08-05
ELDN,active,listed_common_stock_with_current_price,NASDAQ,"Eledon Pharmaceuticals, Inc. - Common Stock",2026-08-04,2026-08-05
ELF,active,listed_common_stock_with_current_price,NYSE,"e.l.f. Beauty, Inc. Common Stock",2026-08-04,2026-08-05
ELLO,active,listed_common_stock_with_current_price,NYSE American,Ellomay Capital Ltd Ordinary Shares (Israel),2026-08-04,2026-08-05
ELMD,active,listed_common_stock_with_current_price,NYSE American,"Electromed, Inc. Common Stock",2026-08-04,2026-08-05
ELME,active,listed_common_stock_with_current_price,NYSE,Elme Communities Common Stock,2026-08-04,2026-08-05
ELS,active,listed_common_stock_with_current_price,NYSE,"Equity Lifestyle Properties, Inc. Common Stock",2026-08-04,2026-08-05
ELSE,inactive,not_in_current_exchange_directories,,,2026-08-03,2026-08-05
ELTK,active,listed_common_stock_with_current_price,NASDAQ,Eltek Ltd. - Ordinary Shares,2026-08-04,2026-08-05
ELTX,active,listed_common_stock_with_current_price,NASDAQ,"Elicio Therapeutics, Inc. - Common Stock",2026-08-04,2026-08-05
ELUT,active,listed_common_stock_with_current_price,NASDAQ,"Elutia, Inc. - Class A Common Stock",2026-08-04,2026-08-05
ELV,active,listed_common_stock_with_current_price,NYSE,"Elevance Health, Inc. Common Stock",2026-08-04,2026-08-05
ELVA,active,listed_common_stock_with_current_price,NASDAQ,Electrovaya Inc. - Common Shares,2026-08-04,2026-08-05
ELVN,active,listed_common_stock_with_current_price,NASDAQ,"Enliven Therapeutics, Inc.  - Common Stock",2026-08-04,2026-08-05
EM,inactive,not_in_current_exchange_directories,,,2026-04-29,2026-08-05
EMBC,active,listed_common_stock_with_current_price,NASDAQ,Embecta Corp. - Common Stock,2026-08-04,2026-08-05
EMBJ,active,listed_common_stock_with_current_price,NYSE,Embraer S.A. Common Stock,2026-08-04,2026-08-05
EME,active,listed_common_stock_with_current_price,NYSE,"EMCOR Group, Inc. Common Stock",2026-08-04,2026-08-05
EML,active,listed_common_stock_with_current_price,NASDAQ,Eastern Company (The) - Common Stock,2026-08-04,2026-08-05
EMN,active,listed_common_stock_with_current_price,NYSE,Eastman Chemical Company Common Stock,2026-08-04,2026-08-05
EMP,inactive,non_common_stock:obvious_non_common_title,NYSE,"Entergy Mississippi, LLC First Mortgage Bonds, 4.90% Series Due October 1, 2066",2026-08-04,2026-08-05
EMR,active,listed_common_stock_with_current_price,NYSE,Emerson Electric Company Common Stock,2026-08-04,2026-08-05
ENB,active,listed_common_stock_with_current_price,NYSE,Enbridge Inc Common Stock,2026-08-04,2026-08-05
ENIC,active,listed_common_stock_with_current_price,NYSE,Enel Chile S.A. American Depositary Shares (Each representing 50 shares of Common Stock),2026-08-04,2026-08-05
ENJ,inactive,non_common_stock:obvious_non_common_title,NYSE,"Entergy New Orleans, LLC First Mortgage Bonds, 5.0% Series due December 1, 2052",2026-08-04,2026-08-05
ENLV,active,listed_common_stock_with_current_price,NASDAQ,Enlivex Ltd. - Ordinary Shares,2026-08-04,2026-08-05
ENO,inactive,non_common_stock:obvious_non_common_title,NYSE,"Entergy New Orleans, LLC First Mortgage Bonds, 5.50% Series due April 1, 2066",2026-08-04,2026-08-05
ENOV,active,listed_common_stock_with_current_price,NYSE,Enovis Corporation Common Stock,2026-08-04,2026-08-05
ENPH,active,listed_common_stock_with_current_price,NASDAQ,"Enphase Energy, Inc. - Common Stock",2026-08-04,2026-08-05
ENR,active,listed_common_stock_with_current_price,NYSE,"Energizer Holdings, Inc. Common Stock",2026-08-04,2026-08-05
ENS,active,listed_common_stock_with_current_price,NYSE,EnerSys Common Stock,2026-08-04,2026-08-05
ENSC,active,listed_common_stock_with_current_price,NASDAQ,"Ensysce Biosciences, Inc. - Common Stock",2026-08-04,2026-08-05
ENSCW,inactive,not_in_current_exchange_directories,,,2025-10-22,2026-08-05
ENSG,active,listed_common_stock_with_current_price,NASDAQ,"The Ensign Group, Inc. - Common Stock",2026-08-04,2026-08-05
ENTA,active,listed_common_stock_with_current_price,NASDAQ,"Enanta Pharmaceuticals, Inc. - Common Stock",2026-08-04,2026-08-05
ENTG,active,listed_common_stock_with_current_price,NASDAQ,"Entegris, Inc. - Common Stock",2026-08-04,2026-08-05
ENTX,active,listed_common_stock_with_current_price,NASDAQ,Entera Bio Ltd. - Ordinary Shares,2026-08-04,2026-08-05
ENVA,active,listed_common_stock_with_current_price,NYSE,"Enova International, Inc. Common Stock",2026-08-04,2026-08-05
ENVB,active,listed_common_stock_with_current_price,NASDAQ,"Enveric Biosciences, Inc.  - Common Stock",2026-08-04,2026-08-05
ENVX,active,listed_common_stock_with_current_price,NASDAQ,Enovix Corporation - Common Stock,2026-08-04,2026-08-05
EOG,active,listed_common_stock_with_current_price,NYSE,"EOG Resources, Inc. Common Stock",2026-08-04,2026-08-05
EOLS,active,listed_common_stock_with_current_price,NASDAQ,"Evolus, Inc. - Common Stock",2026-08-04,2026-08-05
EONR,active,listed_common_stock_with_current_price,NYSE American,EON Resources Inc. Class A Common Stock,2026-08-04,2026-08-05
EOSE,active,listed_common_stock_with_current_price,NASDAQ,"Eos Energy Enterprises, Inc. - Common Stock",2026-08-04,2026-08-05
EP,active,listed_common_stock_with_current_price,NYSE American,Empire Petroleum Corporation Common Stock,2026-08-04,2026-08-05
EPAC,active,listed_common_stock_with_current_price,NYSE,Enerpac Tool Group Corp. Common Stock,2026-08-04,2026-08-05
EPAM,active,listed_common_stock_with_current_price,NYSE,"EPAM Systems, Inc. Common Stock",2026-08-04,2026-08-05
EPC,active,listed_common_stock_with_current_price,NYSE,Edgewell Personal Care Company Common Stock,2026-08-04,2026-08-05
EPD,active,listed_common_stock_with_current_price,NYSE,Enterprise Products Partners L.P. Common Stock,2026-08-04,2026-08-05
EPM,active,listed_common_stock_with_current_price,NYSE American,"Evolution Petroleum Corporation, Inc. Common Stock",2026-08-04,2026-08-05
EPOW,active,listed_common_stock_with_current_price,NASDAQ,E-Power Inc. - Class A Ordinary Shares,2026-08-04,2026-08-05
EPR,active,listed_common_stock_with_current_price,NYSE,EPR Properties Common Stock,2026-08-04,2026-08-05
EPRT,active,listed_common_stock_with_current_price,NYSE,"Essential Properties Realty Trust, Inc. Common Stock",2026-08-04,2026-08-05
EPSN,active,listed_common_stock_with_current_price,NASDAQ,Epsilon Energy Ltd. - Common Shares,2026-08-04,2026-08-05
EQ,active,listed_common_stock_with_current_price,NASDAQ,"Equillium, Inc. - Common Stock",2026-08-04,2026-08-05
EQBK,active,listed_common_stock_with_current_price,NYSE,"Equity Bancshares, Inc. Class A Common Stock",2026-08-04,2026-08-05
EQH,active,listed_common_stock_with_current_price,NYSE,"Equitable Holdings, Inc. Common Stock",2026-08-04,2026-08-05
EQIX,active,listed_common_stock_with_current_price,NASDAQ,"Equinix, Inc. - Common Stock",2026-08-04,2026-08-05
EQNR,active,listed_common_stock_with_current_price,NYSE,Equinor ASA,2026-08-04,2026-08-05
EQR,active,listed_common_stock_with_current_price,NYSE,Equity Residential Common Shares of Beneficial Interest,2026-08-04,2026-08-05
EQS,active,listed_common_stock_with_current_price,NYSE,"Equus Total Return, Inc. Common Stock",2026-08-04,2026-08-05
EQT,active,listed_common_stock_with_current_price,NYSE,EQT Corporation Common Stock,2026-08-04,2026-08-05
EQX,active,listed_common_stock_with_current_price,NYSE American,Equinox Gold Corp. Common Shares,2026-08-04,2026-08-05
ERAS,active,listed_common_stock_with_current_price,NASDAQ,"Erasca, Inc. - Common Stock",2026-08-04,2026-08-05
ERIC,active,listed_common_stock_with_current_price,NASDAQ,Ericsson - American Depositary Shares each representing 1 underlying Class B share,2026-08-04,2026-08-05
ERIE,active,listed_common_stock_with_current_price,NASDAQ,Erie Indemnity Company - Class A Common Stock,2026-08-04,2026-08-05
ERII,active,listed_common_stock_with_current_price,NASDAQ,"Energy Recovery, Inc. - Common Stock",2026-08-04,2026-08-05
ERNA,active,listed_common_stock_with_current_price,NASDAQ,Ernexa Therapeutics Inc. - Common Stock,2026-08-04,2026-08-05
ERO,active,listed_common_stock_with_current_price,NYSE,Ero Copper Corp. Common Shares,2026-08-04,2026-08-05
ES,active,listed_common_stock_with_current_price,NYSE,Eversource Energy (D/B/A) Common Stock,2026-08-04,2026-08-05
ESAB,active,listed_common_stock_with_current_price,NYSE,ESAB Corporation Common Stock,2026-08-04,2026-08-05
ESBA,inactive,non_common_stock:obvious_non_common_title,NYSE Arca,"Empire State Realty OP, L.P. Series ES Operating Partnership Units Representing Limited Partnership Interests",2026-08-04,2026-08-05
ESCA,active,listed_common_stock_with_current_price,NASDAQ,"Escalade, Incorporated - Common Stock",2026-08-04,2026-08-05
ESE,active,listed_common_stock_with_current_price,NYSE,ESCO Technologies Inc. Common Stock,2026-08-04,2026-08-05
ESEA,active,listed_common_stock_with_current_price,NASDAQ,Euroseas Ltd. - Common Stock,2026-08-04,2026-08-05
ESI,active,listed_common_stock_with_current_price,NYSE,Element Solutions Inc. Common Stock,2026-08-04,2026-08-05
ESLA,active,listed_common_stock_with_current_price,NASDAQ,"Estrella Immunopharma, Inc. - Common Stock",2026-08-04,2026-08-05
ESLAW,inactive,non_common_stock:nasdaq_non_common_suffix,NASDAQ,"Estrella Immunopharma, Inc. - Warrant",2026-08-04,2026-08-05
ESLT,active,listed_common_stock_with_current_price,NASDAQ,Elbit Systems Ltd. - Ordinary Shares,2026-08-04,2026-08-05
ESNT,active,listed_common_stock_with_current_price,NYSE,Essent Group Ltd. Common Shares,2026-08-04,2026-08-05
ESOA,active,listed_common_stock_with_current_price,NASDAQ,Energy Services of America Corporation - Common Stock,2026-08-04,2026-08-05
ESP,active,listed_common_stock_with_current_price,NYSE American,Espey Mfg. & Electronics Corp. Common Stock,2026-08-04,2026-08-05
ESPR,inactive,not_in_current_exchange_directories,,,2026-07-13,2026-08-05
ESQ,active,listed_common_stock_with_current_price,NASDAQ,"Esquire Financial Holdings, Inc. - Common Stock",2026-08-04,2026-08-05
ESRT,active,listed_common_stock_with_current_price,NYSE,"Empire State Realty Trust, Inc. Class A Common Stock",2026-08-04,2026-08-05
ESS,active,listed_common_stock_with_current_price,NYSE,"Essex Property Trust, Inc. Common Stock",2026-08-04,2026-08-05
ESTA,active,listed_common_stock_with_current_price,NASDAQ,Establishment Labs Holdings Inc. - Common Shares,2026-08-04,2026-08-05
ESTC,active,listed_common_stock_with_current_price,NYSE,Elastic N.V. Ordinary Shares,2026-08-04,2026-08-05
ET,inactive,non_common_stock:obvious_non_common_title,NYSE,Energy Transfer LP Common Units,2026-08-04,2026-08-05
ETD,active,listed_common_stock_with_current_price,NYSE,Ethan Allen Interiors Inc. Common Stock,2026-08-04,2026-08-05
ETN,active,listed_common_stock_with_current_price,NYSE,"Eaton Corporation, PLC Ordinary Shares",2026-08-04,2026-08-05
ETON,active,listed_common_stock_with_current_price,NASDAQ,"Eton Pharmaceuticals, Inc. - Common Stock",2026-08-04,2026-08-05
ETR,active,listed_common_stock_with_current_price,NYSE,Entergy Corporation Common Stock,2026-08-04,2026-08-05
ETSY,active,listed_common_stock_with_current_price,NYSE,"Etsy, Inc. Common Stock",2026-08-04,2026-08-05
EU,active,listed_common_stock_with_current_price,NASDAQ,enCore Energy Corp. - Common Stock,2026-08-04,2026-08-05
EUDA,active,listed_common_stock_with_current_price,NASDAQ,Euda Health Holdings Limited - Ordinary Shares,2026-08-04,2026-08-05
EUDAW,inactive,non_common_stock:nasdaq_non_common_suffix,NASDAQ,Euda Health Holdings Limited - Warrant,2026-08-04,2026-08-05
EVAX,active,listed_common_stock_with_current_price,NASDAQ,Evaxion A/S - American Depositary Share,2026-08-04,2026-08-05
EVC,active,listed_common_stock_with_current_price,NYSE,Entravision Communications Corporation Common Stock,2026-08-04,2026-08-05
EVCM,active,listed_common_stock_with_current_price,NASDAQ,EverCommerce Inc. - Common Stock,2026-08-04,2026-08-05
EVER,active,listed_common_stock_with_current_price,NASDAQ,"EverQuote, Inc. - Class A Common Stock",2026-08-04,2026-08-05
EVEX,active,listed_common_stock_with_current_price,NYSE,"Eve Holding, Inc. Common Stock",2026-08-04,2026-08-05
EVGN,active,listed_common_stock_with_current_price,NASDAQ,Evogene Ltd. - Ordinary Shares,2026-08-04,2026-08-05
EVGO,active,listed_common_stock_with_current_price,NASDAQ,EVgo Inc. - Common Stock,2026-08-04,2026-08-05
EVGOW,inactive,not_in_current_exchange_directories,,,2026-07-01,2026-08-05
EVH,active,listed_common_stock_with_current_price,NYSE,"Evolent Health, Inc Class A Common Stock",2026-08-04,2026-08-05
EVI,active,listed_common_stock_with_current_price,NYSE American,"EVI Industries, Inc.  Common Stock",2026-08-04,2026-08-05
EVLV,active,listed_common_stock_with_current_price,NASDAQ,"Evolv Technologies Holdings, Inc. - Class A Common Stock",2026-08-04,2026-08-05
EVO,active,listed_common_stock_with_current_price,NASDAQ,Evotec SE - American Depositary Shares each representing 1/2 of one ordinary share,2026-08-04,2026-08-05
EVR,active,listed_common_stock_with_current_price,NYSE,Evercore Inc. Class A Common Stock,2026-08-04,2026-08-05
EVRG,active,listed_common_stock_with_current_price,NASDAQ,"Evergy, Inc. - Common Stock",2026-08-04,2026-08-05
EVTC,active,listed_common_stock_with_current_price,NYSE,"Evertec, Inc. Common Stock",2026-08-04,2026-08-05
EVTL,active,listed_common_stock_with_current_price,NYSE,Vertical Aerospace Ltd. Ordinary Shares,2026-08-04,2026-08-05
EVTV,inactive,not_in_current_exchange_directories,,,2026-07-20,2026-08-05
EW,active,listed_common_stock_with_current_price,NYSE,Edwards Lifesciences Corporation Common Stock,2026-08-04,2026-08-05
EWBC,active,listed_common_stock_with_current_price,NASDAQ,"East West Bancorp, Inc. - Common Stock",2026-08-04,2026-08-05
EWCZ,inactive,not_in_current_exchange_directories,,,2026-05-15,2026-08-05
EWTX,active,listed_common_stock_with_current_price,NASDAQ,"Edgewise Therapeutics, Inc. - Common Stock",2026-08-04,2026-08-05
EXAS,inactive,not_in_current_exchange_directories,,,2026-03-23,2026-08-05
EXC,active,listed_common_stock_with_current_price,NASDAQ,Exelon Corporation - Common Stock,2026-08-04,2026-08-05
EXE,active,listed_common_stock_with_current_price,NASDAQ,Expand Energy Corporation - Common Stock,2026-08-04,2026-08-05
EXEL,active,listed_common_stock_with_current_price,NASDAQ,"Exelixis, Inc. - Common Stock",2026-08-04,2026-08-05
EXFY,active,listed_common_stock_with_current_price,NASDAQ,"Expensify, Inc. - Class A Common Stock",2026-08-04,2026-08-05
EXK,active,listed_common_stock_with_current_price,NYSE,Endeavour Silver Corporation Ordinary Shares (Canada),2026-08-04,2026-08-05
EXLS,active,listed_common_stock_with_current_price,NASDAQ,"ExlService Holdings, Inc. - Common Stock",2026-08-04,2026-08-05
EXP,active,listed_common_stock_with_current_price,NYSE,Eagle Materials Inc Common Stock,2026-08-04,2026-08-05
EXPD,active,listed_common_stock_with_current_price,NYSE,"Expeditors International of Washington, Inc. Common Stock",2026-08-04,2026-08-05
EXPE,active,listed_common_stock_with_current_price,NASDAQ,"Expedia Group, Inc. - Common Stock",2026-08-04,2026-08-05
EXPI,inactive,not_in_current_exchange_directories,,,2026-07-10,2026-08-05
EXPO,active,listed_common_stock_with_current_price,NASDAQ,"Exponent, Inc. - Common Stock",2026-08-04,2026-08-05
EXR,active,listed_common_stock_with_current_price,NYSE,Extra Space Storage Inc Common Stock,2026-08-04,2026-08-05
EXTR,active,listed_common_stock_with_current_price,NASDAQ,"Extreme Networks, Inc. - Common Stock",2026-08-04,2026-08-05
EYE,active,listed_common_stock_with_current_price,NASDAQ,"National Vision Holdings, Inc. - Common Stock",2026-08-04,2026-08-05
EYPT,active,listed_common_stock_with_current_price,NASDAQ,"EyePoint, Inc. - Common Stock",2026-08-04,2026-08-05
EZGO,active,listed_common_stock_with_current_price,NASDAQ,EZGO Technologies Ltd. - Ordinary Shares,2026-08-04,2026-08-05
EZPW,active,listed_common_stock_with_current_price,NASDAQ,"EZCORP, Inc. - Class A Non-Voting Common Stock",2026-08-04,2026-08-05
F,active,listed_common_stock_with_current_price,NYSE,Ford Motor Company Common Stock,2026-08-04,2026-08-05
FA,active,listed_common_stock_with_current_price,NASDAQ,First Advantage Corporation - Common Stock,2026-08-04,2026-08-05
FAF,active,listed_common_stock_with_current_price,NYSE,First American Corporation (New) Common Stock,2026-08-04,2026-08-05
FAMI,active,listed_common_stock_with_current_price,NASDAQ,"Farmmi, Inc. - Class A Ordinary Shares",2026-08-04,2026-08-05
FANG,active,listed_common_stock_with_current_price,NASDAQ,"Diamondback Energy, Inc. - Common Stock",2026-08-04,2026-08-05
FARM,inactive,not_in_current_exchange_directories,,,2026-05-07,2026-08-05
FAST,active,listed_common_stock_with_current_price,NASDAQ,Fastenal Company - Common Stock,2026-08-04,2026-08-05
FATE,active,listed_common_stock_with_current_price,NASDAQ,"Fate Therapeutics, Inc. - Common Stock",2026-08-04,2026-08-05
FBIN,active,listed_common_stock_with_current_price,NYSE,"Fortune Brands Innovations, Inc. Common Stock",2026-08-04,2026-08-05
FBIO,active,listed_common_stock_with_current_price,NASDAQ,"Fortress Biotech, Inc. - Common Stock",2026-08-04,2026-08-05
FBIOP,inactive,non_common_stock:nasdaq_non_common_suffix,NASDAQ,"Fortress Biotech, Inc. - 9.375% Series A Cumulative Redeemable Perpetual Preferred Stock",2026-08-04,2026-08-05
FBIZ,active,listed_common_stock_with_current_price,NASDAQ,"First Business Financial Services, Inc. - Common Stock",2026-08-04,2026-08-05
FBK,active,listed_common_stock_with_current_price,NYSE,FB Financial Corporation Common Stock,2026-08-04,2026-08-05
FBNC,active,listed_common_stock_with_current_price,NASDAQ,First Bancorp - Common Stock,2026-08-04,2026-08-05
FBP,active,listed_common_stock_with_current_price,NYSE,First BanCorp. New Common Stock,2026-08-04,2026-08-05
FBRT,active,listed_common_stock_with_current_price,NYSE,"Franklin BSP Realty Trust, Inc. Common Stock",2026-08-04,2026-08-05
FBRX,active,listed_common_stock_with_current_price,NASDAQ,"Forte Biosciences, Inc.  - Common Stock",2026-08-04,2026-08-05
FC,active,listed_common_stock_with_current_price,NYSE,Franklin Covey Company Common Stock,2026-08-04,2026-08-05
FCAP,active,listed_common_stock_with_current_price,NASDAQ,"First Capital, Inc. - Common Stock",2026-08-04,2026-08-05
FCBC,active,listed_common_stock_with_current_price,NASDAQ,"First Community Bankshares, Inc. - Common Stock",2026-08-04,2026-08-05
FCCO,active,listed_common_stock_with_current_price,NASDAQ,First Community Corporation - Common Stock,2026-08-04,2026-08-05
FCEL,active,listed_common_stock_with_current_price,NASDAQ,"FuelCell Energy, Inc. - Common Stock",2026-08-04,2026-08-05
FCF,active,listed_common_stock_with_current_price,NYSE,First Commonwealth Financial Corporation Common Stock,2026-08-04,2026-08-05
FCFS,active,listed_common_stock_with_current_price,NASDAQ,"FirstCash Holdings, Inc. - Common Stock",2026-08-04,2026-08-05
FCN,active,listed_common_stock_with_current_price,NYSE,"FTI Consulting, Inc. Common Stock",2026-08-04,2026-08-05
FCNCA,active,listed_common_stock_with_current_price,NASDAQ,"First Citizens BancShares, Inc. - Class A Common Stock",2026-08-04,2026-08-05
FCNCO,inactive,non_common_stock:obvious_non_common_title,NASDAQ,"First Citizens BancShares, Inc. - 5.625% Non-Cumulative Perpetual Preferred Stock, Series C",2026-08-04,2026-08-05
FCNCP,inactive,non_common_stock:nasdaq_non_common_suffix,NASDAQ,"First Citizens BancShares, Inc. - Depositary Shares Each Representing a 1/40th Interest in a Share of 5.375% Non-Cumulative Perpetual Preferred Stock, Series A",2026-08-04,2026-08-05
FCPT,active,listed_common_stock_with_current_price,NYSE,"Four Corners Property Trust, Inc. Common Stock",2026-08-04,2026-08-05
FCRX,inactive,not_in_current_exchange_directories,,,2026-05-22,2026-08-05
FCUV,active,listed_common_stock_with_current_price,NASDAQ,Focus Universal Inc. - Common Stock,2026-08-04,2026-08-05
FCX,active,listed_common_stock_with_current_price,NYSE,"Freeport-McMoRan, Inc. Common Stock",2026-08-04,2026-08-05
FDBC,active,listed_common_stock_with_current_price,NASDAQ,"Fidelity D & D Bancorp, Inc. - Common Stock",2026-08-04,2026-08-05
FDMT,active,listed_common_stock_with_current_price,NASDAQ,"4D Molecular Therapeutics, Inc. - Common Stock",2026-08-04,2026-08-05
FDP,inactive,not_in_current_exchange_directories,,,2026-07-17,2026-08-05
FDS,active,listed_common_stock_with_current_price,NYSE,FactSet Research Systems Inc. Common Stock,2026-08-04,2026-08-05
FDUS,active,listed_common_stock_with_current_price,NASDAQ,Fidus Investment Corporation - Closed End Fund,2026-08-04,2026-08-05
FDX,active,listed_common_stock_with_current_price,NYSE,FedEx Corporation Common Stock,2026-08-04,2026-08-05
FE,active,listed_common_stock_with_current_price,NYSE,FirstEnergy Corp. Common Stock,2026-08-04,2026-08-05
FEAM,active,listed_common_stock_with_current_price,NASDAQ,"5E Advanced Materials, Inc. - Common Stock",2026-08-04,2026-08-05
FEDU,active,listed_common_stock_with_current_price,NYSE,"Four Seasons Education (Cayman) Inc. American Depositary Shares, each ADS representing 10 ordinary shares",2026-08-04,2026-08-05
FEED,active,listed_common_stock_with_current_price,NASDAQ,"ENvue Medical, Inc. - Common Stock",2026-08-04,2026-08-05
FEIM,active,listed_common_stock_with_current_price,NASDAQ,"Frequency Electronics, Inc. - Common Stock",2026-08-04,2026-08-05
FELE,active,listed_common_stock_with_current_price,NASDAQ,"Franklin Electric Co., Inc. - Common Stock",2026-08-04,2026-08-05
FEMY,active,listed_common_stock_with_current_price,NASDAQ,Femasys Inc. - Common Stock,2026-08-04,2026-08-05
FENC,active,listed_common_stock_with_current_price,NASDAQ,Fennec Pharmaceuticals Inc. - Common Stock,2026-08-04,2026-08-05
FENG,active,listed_common_stock_with_current_price,NYSE,"Phoenix New Media Limited American Depositary Shares, each representing 48 Class A ordinary shares.",2026-08-04,2026-08-05
FERG,active,listed_common_stock_with_current_price,NYSE,Ferguson Enterprises Inc. Common Stock,2026-08-04,2026-08-05
FET,active,listed_common_stock_with_current_price,NYSE,"Forum Energy Technologies, Inc. Common Stock",2026-08-04,2026-08-05
FF,active,listed_common_stock_with_current_price,NYSE,FutureFuel Corp.  Common shares,2026-08-04,2026-08-05
FFAI,active,listed_common_stock_with_current_price,NASDAQ,Faraday Future Intelligent Electric Inc. - Class A Common Stock,2026-08-04,2026-08-05
FFAIW,inactive,not_in_current_exchange_directories,,,2026-07-17,2026-08-05
FFBC,active,listed_common_stock_with_current_price,NASDAQ,First Financial Bancorp. - Common Stock,2026-08-04,2026-08-05
FFIC,inactive,not_in_current_exchange_directories,,,2026-06-01,2026-08-05
FFIN,active,listed_common_stock_with_current_price,NASDAQ,"First Financial Bankshares, Inc. - Common Stock",2026-08-04,2026-08-05
FFIV,active,listed_common_stock_with_current_price,NASDAQ,"F5, Inc. - Common Stock",2026-08-04,2026-08-05
FFWM,inactive,not_in_current_exchange_directories,,,2026-03-31,2026-08-05
FG,active,listed_common_stock_with_current_price,NYSE,"F&G Annuities & Life, Inc. Common Stock",2026-08-04,2026-08-05
FGBI,active,listed_common_stock_with_current_price,NASDAQ,"First Guaranty Bancshares, Inc. - Common Stock",2026-08-04,2026-08-05
FGBIP,inactive,non_common_stock:nasdaq_non_common_suffix,NASDAQ,"First Guaranty Bancshares, Inc. - 6.75% Series A Fixed-Rate Non-Cumulative Perpetual Preferred Stock",2026-08-04,2026-08-05
FGI,active,listed_common_stock_with_current_price,NASDAQ,FGI Industries Ltd. - Ordinary Shares,2026-08-04,2026-08-05
FGIWW,inactive,non_common_stock:nasdaq_non_common_suffix,NASDAQ,FGI Industries Ltd. - warrant,2026-08-04,2026-08-05
FGL,active,listed_common_stock_with_current_price,NASDAQ,Founder Group Limited - Class A Ordinary Shares,2026-08-04,2026-08-05
FGNX,active,listed_common_stock_with_current_price,NASDAQ,FG Nexus Inc. - Common Stock,2026-08-04,2026-08-05
FGNXP,inactive,non_common_stock:nasdaq_non_common_suffix,NASDAQ,FG Nexus Inc. - 8.00% Cumulative Series A Preferred Stock,2026-08-04,2026-08-05
FHB,active,listed_common_stock_with_current_price,NASDAQ,"First Hawaiian, Inc. - Common Stock",2026-08-04,2026-08-05
FHI,active,listed_common_stock_with_current_price,NYSE,"Federated Hermes, Inc. Common Stock",2026-08-04,2026-08-05
FHN,active,listed_common_stock_with_current_price,NYSE,First Horizon Corporation Common Stock,2026-08-04,2026-08-05
FHTX,active,listed_common_stock_with_current_price,NASDAQ,Foghorn Therapeutics Inc. - Common Stock,2026-08-04,2026-08-05
FIBK,active,listed_common_stock_with_current_price,NASDAQ,"First Interstate BancSystem, Inc. - Common Stock",2026-08-04,2026-08-05
FICO,active,listed_common_stock_with_current_price,NYSE,Fair Isaac Corporation Common Stock,2026-08-04,2026-08-05
FIG,active,listed_common_stock_with_current_price,NYSE,"Figma, Inc. Class A Common Stock",2026-08-04,2026-08-05
FIGS,active,listed_common_stock_with_current_price,NYSE,"FIGS, Inc. Class A Common Stock",2026-08-04,2026-08-05
FINS,active,listed_common_stock_with_current_price,NYSE,Angel Oak Financial Strategies Income Term Trust Common Shares of Beneficial Interest,2026-08-04,2026-08-05
FINV,active,listed_common_stock_with_current_price,NYSE,FinVolution Group American Depositary Shares,2026-08-04,2026-08-05
FINW,active,listed_common_stock_with_current_price,NASDAQ,FinWise Bancorp - Common Stock,2026-08-04,2026-08-05
FIP,active,listed_common_stock_with_current_price,NASDAQ,FTAI Infrastructure Inc. - Common Stock,2026-08-04,2026-08-05
FIS,active,listed_common_stock_with_current_price,NYSE,"Fidelity National Information Services, Inc. Common Stock",2026-08-04,2026-08-05
FISI,active,listed_common_stock_with_current_price,NASDAQ,"Financial Institutions, Inc. - Common Stock",2026-08-04,2026-08-05
FISK,inactive,non_common_stock:obvious_non_common_title,NYSE Arca,"Empire State Realty OP, L.P. Series 250 Operating Partnership Units Representing Limited Partnership Interests",2026-08-04,2026-08-05
FISV,active,listed_common_stock_with_current_price,NASDAQ,"Fiserv, Inc. - Common Stock",2026-08-04,2026-08-05
FITB,active,listed_common_stock_with_current_price,NYSE,Fifth Third Bancorp Common Stock,2026-08-04,2026-08-05
FITBI,inactive,not_in_current_exchange_directories,,,2026-08-03,2026-08-05
FITBO,inactive,not_in_current_exchange_directories,,,2026-08-03,2026-08-05
FITBP,inactive,not_in_current_exchange_directories,,,2026-08-03,2026-08-05
FIVE,active,listed_common_stock_with_current_price,NASDAQ,"Five Below, Inc. - Common Stock",2026-08-04,2026-08-05
FIVN,active,listed_common_stock_with_current_price,NASDAQ,"Five9, Inc. - Common Stock",2026-08-04,2026-08-05
FIX,active,listed_common_stock_with_current_price,NYSE,"Comfort Systems USA, Inc. Common Stock",2026-08-04,2026-08-05
FIZZ,active,listed_common_stock_with_current_price,NASDAQ,National Beverage Corp. - Common Stock,2026-08-04,2026-08-05
FKWL,active,listed_common_stock_with_current_price,NASDAQ,Franklin Wireless Corp. - common stock,2026-08-04,2026-08-05
FLEX,active,listed_common_stock_with_current_price,NASDAQ,Flex Ltd. - Ordinary Shares,2026-08-04,2026-08-05
FLG,active,listed_common_stock_with_current_price,NYSE,"Flagstar Bank, N.A. Common Stock",2026-08-04,2026-08-05
FLGT,active,listed_common_stock_with_current_price,NASDAQ,"Fulgent Genetics, Inc. - Common Stock",2026-08-04,2026-08-05
FLL,active,listed_common_stock_with_current_price,NASDAQ,"Full House Resorts, Inc. - Common Stock",2026-08-04,2026-08-05
FLNA,active,listed_common_stock_with_current_price,NASDAQ,"Filana Therapeutics, Inc. - Common Stock",2026-08-04,2026-08-05
FLNC,active,listed_common_stock_with_current_price,NASDAQ,"Fluence Energy, Inc. - Class A Common Stock",2026-08-04,2026-08-05
FLNG,active,listed_common_stock_with_current_price,NYSE,FLEX LNG Ltd. Ordinary Shares,2026-08-04,2026-08-05
FLNT,active,listed_common_stock_with_current_price,NASDAQ,"Fluent, Inc. - Common Stock",2026-08-04,2026-08-05
FLO,active,listed_common_stock_with_current_price,NYSE,"Flowers Foods, Inc. Common Stock",2026-08-04,2026-08-05
FLR,active,listed_common_stock_with_current_price,NYSE,Fluor Corporation Common Stock,2026-08-04,2026-08-05
FLS,active,listed_common_stock_with_current_price,NYSE,Flowserve Corporation Common Stock,2026-08-04,2026-08-05
FLUT,active,listed_common_stock_with_current_price,NYSE,Flutter Entertainment plc Ordinary Shares,2026-08-04,2026-08-05
FLUX,active,listed_common_stock_with_current_price,NASDAQ,"Flux Power Holdings, Inc. - Common Stock",2026-08-04,2026-08-05
FLWS,active,listed_common_stock_with_current_price,NASDAQ,"1-800-FLOWERS.COM, Inc. - Class A Common Stock",2026-08-04,2026-08-05
FLXS,active,listed_common_stock_with_current_price,NASDAQ,"Flexsteel Industries, Inc. - Common Stock",2026-08-04,2026-08-05
FLY,active,listed_common_stock_with_current_price,NASDAQ,Firefly Aerospace Inc. - Common Stock,2026-08-04,2026-08-05
FLYD,inactive,exchange_directory_etf,NYSE Arca,MicroSectors Travel -3x Inverse Leveraged ETN,2026-08-04,2026-08-05
FLYU,inactive,exchange_directory_etf,NYSE Arca,MicroSectors Travel 3x Leveraged ETN,2026-08-04,2026-08-05
FLYW,active,listed_common_stock_with_current_price,NASDAQ,Flywire Corporation - Voting Common Stock,2026-08-04,2026-08-05
FLYX,active,listed_common_stock_with_current_price,NYSE American,"flyExclusive, Inc. Class A Common Stock",2026-08-04,2026-08-05
FMAO,active,listed_common_stock_with_current_price,NASDAQ,"Farmers & Merchants Bancorp, Inc. - Common Stock",2026-08-04,2026-08-05
FMBH,active,listed_common_stock_with_current_price,NASDAQ,"First Mid Bancshares, Inc. - Common Stock",2026-08-04,2026-08-05
FMC,active,listed_common_stock_with_current_price,NYSE,FMC Corporation Common Stock,2026-08-04,2026-08-05
FMFC,active,listed_common_stock_with_current_price,NASDAQ,Kandal M Venture Limited - Class A ordinary Shares,2026-08-04,2026-08-05
FMNB,active,listed_common_stock_with_current_price,NASDAQ,Farmers National Banc Corp. - Common Stock,2026-08-04,2026-08-05
FMS,active,listed_common_stock_with_current_price,NYSE,Fresenius Medical Care AG American Depositary Shares (Each representing 1/2 of an Ordinary Share),2026-08-04,2026-08-05
FMX,active,listed_common_stock_with_current_price,NYSE,Fomento Economico Mexicano S.A.B. de C.V. Common Stock,2026-08-04,2026-08-05
FN,active,listed_common_stock_with_current_price,NYSE,Fabrinet Ordinary Shares,2026-08-04,2026-08-05
FNB,active,listed_common_stock_with_current_price,NYSE,F.N.B. Corporation Common Stock,2026-08-04,2026-08-05
FND,active,listed_common_stock_with_current_price,NYSE,"Floor & Decor Holdings, Inc. Common Stock",2026-08-04,2026-08-05
FNF,active,listed_common_stock_with_current_price,NYSE,"Fidelity National Financial, Inc. Common Stock",2026-08-04,2026-08-05
FNGR,active,listed_common_stock_with_current_price,NASDAQ,"FingerMotion, Inc. - common stock",2026-08-04,2026-08-05
FNGS,inactive,exchange_directory_etf,NYSE Arca,"MicroSectors FANG  ETNs due January 8, 2038",2026-08-04,2026-08-05
FNKO,active,listed_common_stock_with_current_price,NASDAQ,"Funko, Inc. - Class A Common Stock",2026-08-04,2026-08-05
FNLC,active,listed_common_stock_with_current_price,NASDAQ,"First Bancorp, Inc (ME) - Common Stock",2026-08-04,2026-08-05
FNUC,active,listed_common_stock_with_current_price,NASDAQ,Frontier Nuclear and Minerals Inc. - Common Shares,2026-08-04,2026-08-05
FNV,active,listed_common_stock_with_current_price,NYSE,Franco-Nevada Corporation,2026-08-04,2026-08-05
FNWB,active,listed_common_stock_with_current_price,NASDAQ,First Northwest Bancorp - Common Stock,2026-08-04,2026-08-05
FNWD,active,listed_common_stock_with_current_price,NASDAQ,Finward Bancorp - common stock,2026-08-04,2026-08-05
FOA,active,listed_common_stock_with_current_price,NYSE,Finance of America Companies Inc. Class A Common Stock,2026-08-04,2026-08-05
FOLD,inactive,not_in_current_exchange_directories,,,2026-04-27,2026-08-05
FONR,inactive,not_in_current_exchange_directories,,,2026-06-03,2026-08-05
FOR,active,listed_common_stock_with_current_price,NYSE,Forestar Group Inc Common Stock,2026-08-04,2026-08-05
FORA,inactive,not_in_current_exchange_directories,,,2026-05-15,2026-08-05
FORM,active,listed_common_stock_with_current_price,NASDAQ,"FormFactor, Inc. - Common Stock",2026-08-04,2026-08-05
FORR,active,listed_common_stock_with_current_price,NASDAQ,"Forrester Research, Inc. - Common Stock",2026-08-04,2026-08-05
FORTY,active,listed_common_stock_with_current_price,NASDAQ,Formula Systems (1985) Ltd. - American Depositary Shares,2026-08-04,2026-08-05
FOSL,active,listed_common_stock_with_current_price,NASDAQ,"Fossil Group, Inc. - Common Stock",2026-08-04,2026-08-05
FOUR,active,listed_common_stock_with_current_price,NYSE,"Shift4 Payments, Inc. Class A Common Stock",2026-08-04,2026-08-05
FOX,active,listed_common_stock_with_current_price,NASDAQ,Fox Corporation - Class B Common Stock,2026-08-04,2026-08-05
FOXA,active,listed_common_stock_with_current_price,NASDAQ,Fox Corporation - Class A Common Stock,2026-08-04,2026-08-05
FOXF,active,listed_common_stock_with_current_price,NASDAQ,Fox Factory Holding Corp. - Common Stock,2026-08-04,2026-08-05
FPH,active,listed_common_stock_with_current_price,NYSE,"Five Point Holdings, LLC Class A Common Shares",2026-08-04,2026-08-05
FPI,active,listed_common_stock_with_current_price,NYSE,Farmland Partners Inc. Common Stock,2026-08-04,2026-08-05
FR,active,listed_common_stock_with_current_price,NYSE,"First Industrial Realty Trust, Inc. Common Stock",2026-08-04,2026-08-05
FRAF,active,listed_common_stock_with_current_price,NASDAQ,Franklin Financial Services Corporation - Common Stock,2026-08-04,2026-08-05
FRD,active,listed_common_stock_with_current_price,NASDAQ,Friedman Industries Inc. - Common Stock,2026-08-04,2026-08-05
FRGT,active,listed_common_stock_with_current_price,NASDAQ,"Freight Technologies, Inc. - Ordinary Shares",2026-08-04,2026-08-05
FRHC,active,listed_common_stock_with_current_price,NASDAQ,Freedom Holding Corp. - Common Stock,2026-08-04,2026-08-05
FRME,active,listed_common_stock_with_current_price,NASDAQ,First Merchants Corporation - Common Stock,2026-08-04,2026-08-05
FRMEP,inactive,non_common_stock:nasdaq_non_common_suffix,NASDAQ,"First Merchants Corporation - Depository Shares, each representing a 1/100th interest in a share of 7.50% Non-Cumulative Perpetual Preferred Stock, A",2026-08-04,2026-08-05
FRMM,active,listed_common_stock_with_current_price,NASDAQ,"Forum Markets, Incorporated - Common Stock",2026-08-04,2026-08-05
FRO,active,listed_common_stock_with_current_price,NYSE,Frontline Plc Ordinary Shares,2026-08-04,2026-08-05
FROG,active,listed_common_stock_with_current_price,NASDAQ,JFrog Ltd. - Ordinary shares,2026-08-04,2026-08-05
FRPH,active,listed_common_stock_with_current_price,NASDAQ,"FRP Holdings, Inc. - Common Stock",2026-08-04,2026-08-05
FRPT,active,listed_common_stock_with_current_price,NASDAQ,"Freshpet, Inc. - Common Stock",2026-08-04,2026-08-05
FRSH,active,listed_common_stock_with_current_price,NASDAQ,Freshworks Inc. - Class A Common Stock,2026-08-04,2026-08-05
FRST,active,listed_common_stock_with_current_price,NASDAQ,Primis Financial Corp. - Common Stock,2026-08-04,2026-08-05
FRSX,active,listed_common_stock_with_current_price,NASDAQ,Foresight Autonomous Holdings Ltd. - American Depositary Shares,2026-08-04,2026-08-05
FRT,active,listed_common_stock_with_current_price,NYSE,Federal Realty Investment Trust Common Stock,2026-08-04,2026-08-05
FSBC,active,listed_common_stock_with_current_price,NASDAQ,Five Star Bancorp - Common Stock,2026-08-04,2026-08-05
FSBW,active,listed_common_stock_with_current_price,NASDAQ,"FS Bancorp, Inc. - Common Stock",2026-08-04,2026-08-05
FSCO,active,listed_common_stock_with_current_price,NYSE,FS Credit Opportunities Corp. Common Stock,2026-08-04,2026-08-05
FSEA,active,listed_common_stock_with_current_price,NASDAQ,"First Seacoast Bancorp, Inc. - Common Stock",2026-08-04,2026-08-05
FSI,active,listed_common_stock_with_current_price,NYSE American,Flexible Solutions International Inc. Common Stock (CDA),2026-08-04,2026-08-05
FSK,active,listed_common_stock_with_current_price,NYSE,FS KKR Capital Corp. Common Stock,2026-08-04,2026-08-05
FSLR,active,listed_common_stock_with_current_price,NASDAQ,"First Solar, Inc. - Common Stock",2026-08-04,2026-08-05
FSLY,active,listed_common_stock_with_current_price,NASDAQ,"Fastly, Inc. - Class A Common Stock",2026-08-04,2026-08-05
FSM,active,listed_common_stock_with_current_price,NYSE,Fortuna Mining Corp. Common Shares,2026-08-04,2026-08-05
FSP,active,listed_common_stock_with_current_price,NYSE American,Franklin Street Properties Corp. Common Stock,2026-08-04,2026-08-05
FSS,active,listed_common_stock_with_current_price,NYSE,Federal Signal Corporation Common Stock,2026-08-04,2026-08-05
FSTR,active,listed_common_stock_with_current_price,NASDAQ,L.B. Foster Company - Common Stock,2026-08-04,2026-08-05
FSV,active,listed_common_stock_with_current_price,NASDAQ,FirstService Corporation - Common Shares,2026-08-04,2026-08-05
FTAI,active,listed_common_stock_with_current_price,NASDAQ,FTAI Aviation Ltd. - Common Stock,2026-08-04,2026-08-05
FTAIN,inactive,not_in_current_exchange_directories,,,2026-06-18,2026-08-05
FTCI,active,listed_common_stock_with_current_price,NASDAQ,"FTC Solar, Inc. - Common Stock",2026-08-04,2026-08-05
FTDR,active,listed_common_stock_with_current_price,NASDAQ,"Frontdoor, Inc. - Common Stock",2026-08-04,2026-08-05
FTEK,active,listed_common_stock_with_current_price,NASDAQ,"Fuel Tech, Inc. - Common Stock",2026-08-04,2026-08-05
FTFT,active,listed_common_stock_with_current_price,NASDAQ,Future FinTech Group Inc. - Common Stock,2026-08-04,2026-08-05
FTHM,active,listed_common_stock_with_current_price,NASDAQ,Fathom Holdings Inc. - Common Stock,2026-08-04,2026-08-05
FTHY,active,listed_common_stock_with_current_price,NYSE,First Trust High Yield Opportunities 2027 Term Fund Common Stock,2026-08-04,2026-08-05
FTI,active,listed_common_stock_with_current_price,NYSE,TechnipFMC plc Ordinary Share,2026-08-04,2026-08-05
FTK,active,listed_common_stock_with_current_price,NYSE,"Flotek Industries, Inc. Common Stock",2026-08-04,2026-08-05
FTLF,active,listed_common_stock_with_current_price,NASDAQ,"FitLife Brands, Inc. - Common Stock",2026-08-04,2026-08-05
FTNT,active,listed_common_stock_with_current_price,NASDAQ,"Fortinet, Inc. - Common Stock",2026-08-04,2026-08-05
FTS,active,listed_common_stock_with_current_price,NYSE,Fortis Inc. Common Shares,2026-08-04,2026-08-05
FTV,active,listed_common_stock_with_current_price,NYSE,Fortive Corporation Common Stock,2026-08-04,2026-08-05
FUBO,active,listed_common_stock_with_current_price,NYSE,FuboTV Inc. Class A Common Stock,2026-08-04,2026-08-05
FUL,active,listed_common_stock_with_current_price,NYSE,H. B. Fuller Company Common Stock,2026-08-04,2026-08-05
FULC,active,listed_common_stock_with_current_price,NASDAQ,"Fulcrum Therapeutics, Inc. - Common Stock",2026-08-04,2026-08-05
FULT,active,listed_common_stock_with_current_price,NASDAQ,Fulton Financial Corporation - Common Stock,2026-08-04,2026-08-05
FULTP,inactive,non_common_stock:nasdaq_non_common_suffix,NASDAQ,"Fulton Financial Corporation - Depositary Shares Each Representing a 1/40th Interest in a Share of Fixed Rate Non-Cumulative Perpetual Preferred Stock, Series A",2026-08-04,2026-08-05
FUN,active,listed_common_stock_with_current_price,NYSE,Six Flags Entertainment Corporation Common Stock New,2026-08-04,2026-08-05
FUNC,active,listed_common_stock_with_current_price,NASDAQ,First United Corporation - Common Stock,2026-08-04,2026-08-05
FUND,active,listed_common_stock_with_current_price,NASDAQ,"Sprott Focus Trust, Inc. - Closed End Fund",2026-08-04,2026-08-05
FURY,active,listed_common_stock_with_current_price,NYSE American,Fury Gold Mines Limited Common Shares,2026-08-04,2026-08-05
FUSB,active,listed_common_stock_with_current_price,NASDAQ,"First US Bancshares, Inc. - Common Stock",2026-08-04,2026-08-05
FUTU,active,listed_common_stock_with_current_price,NASDAQ,Futu Holdings Limited - American Depositary Shares,2026-08-04,2026-08-05
FVCB,active,listed_common_stock_with_current_price,NASDAQ,"FVCBankcorp, Inc. - Common Stock",2026-08-04,2026-08-05
FVRR,active,listed_common_stock_with_current_price,NYSE,"Fiverr International Ltd. Ordinary Shares, no par value",2026-08-04,2026-08-05
FWDI,active,listed_common_stock_with_current_price,NASDAQ,"Forward Industries, Inc. - Common Stock",2026-08-04,2026-08-05
FWONA,active,listed_common_stock_with_current_price,NASDAQ,Liberty Media Corporation - Series A Liberty Formula One Common Stock,2026-08-04,2026-08-05
FWONK,active,listed_common_stock_with_current_price,NASDAQ,Liberty Media Corporation - Series C Liberty Formula One Common Stock,2026-08-04,2026-08-05
FWRD,active,listed_common_stock_with_current_price,NASDAQ,Forward Air Corporation - Common Stock,2026-08-04,2026-08-05
FWRG,active,listed_common_stock_with_current_price,NASDAQ,"First Watch Restaurant Group, Inc. - Common Stock",2026-08-04,2026-08-05
FXNC,active,listed_common_stock_with_current_price,NASDAQ,First National Corporation - Common Stock,2026-08-04,2026-08-05
G,active,listed_common_stock_with_current_price,NYSE,Genpact Limited Common Stock,2026-08-04,2026-08-05
GABC,active,listed_common_stock_with_current_price,NASDAQ,"German American Bancorp, Inc. - Common Stock",2026-08-04,2026-08-05
GAIA,active,listed_common_stock_with_current_price,NASDAQ,"Gaia, Inc. - Class A Common Stock",2026-08-04,2026-08-05
GAIN,active,listed_common_stock_with_current_price,NASDAQ,Gladstone Investment Corporation - Business Development Company,2026-08-04,2026-08-05
GAINN,inactive,not_in_current_exchange_directories,,,2026-05-04,2026-08-05
GAINZ,inactive,non_common_stock:obvious_non_common_title,NASDAQ,Gladstone Investment Corporation - 4.875% Notes due 2028,2026-08-04,2026-08-05
GALT,active,listed_common_stock_with_current_price,NASDAQ,Galectin Therapeutics Inc. - Common Stock,2026-08-04,2026-08-05
GAMB,inactive,not_in_current_exchange_directories,,,2026-07-29,2026-08-05
GAME,active,listed_common_stock_with_current_price,NASDAQ,"GameSquare Holdings, Inc. - Common stock",2026-08-04,2026-08-05
GANX,active,listed_common_stock_with_current_price,NASDAQ,"Gain Therapeutics, Inc. - Common Stock",2026-08-04,2026-08-05
GAP,active,listed_common_stock_with_current_price,NYSE,"Gap, Inc. (The) Common Stock",2026-08-04,2026-08-05
GASS,active,listed_common_stock_with_current_price,NASDAQ,"StealthGas, Inc. - common stock",2026-08-04,2026-08-05
GATX,active,listed_common_stock_with_current_price,NYSE,GATX Corporation Common Stock,2026-08-04,2026-08-05
GAU,active,listed_common_stock_with_current_price,NYSE American,Galiano Gold Inc.,2026-08-04,2026-08-05
GBCI,active,listed_common_stock_with_current_price,NYSE,"Glacier Bancorp, Inc. Common Stock",2026-08-04,2026-08-05
GBDC,active,listed_common_stock_with_current_price,NASDAQ,"Golub Capital BDC, Inc. - Closed End Fund",2026-08-04,2026-08-05
GBLI,active,listed_common_stock_with_current_price,NASDAQ,"Global Indemnity Group, LLC - Class A Common Shares",2026-08-04,2026-08-05
GBR,active,listed_common_stock_with_current_price,NYSE American,"New Concept Energy, Inc Common Stock",2026-08-04,2026-08-05
GBTG,active,listed_common_stock_with_current_price,NYSE,"Global Business Travel Group, Inc. Class A Common Stock",2026-08-04,2026-08-05
GBUG,inactive,exchange_directory_etf,NASDAQ,Sprott Active Gold & Silver Miners ETF,2026-08-04,2026-08-05
GBX,active,listed_common_stock_with_current_price,NYSE,"Greenbrier Companies, Inc. (The) Common Stock",2026-08-04,2026-08-05
GCBC,active,listed_common_stock_with_current_price,NASDAQ,"Greene County Bancorp, Inc. - Common Stock",2026-08-04,2026-08-05
GCMG,active,listed_common_stock_with_current_price,NASDAQ,GCM Grosvenor Inc. - Class A Common Stock,2026-08-04,2026-08-05
GCO,active,listed_common_stock_with_current_price,NYSE,Genesco Inc. Common Stock,2026-08-04,2026-08-05
GCT,active,listed_common_stock_with_current_price,NASDAQ,GigaCloud Technology Inc - Class A Ordinary Shares,2026-08-04,2026-08-05
GCTK,active,listed_common_stock_with_current_price,NASDAQ,"GlucoTrack, Inc. - Common Stock",2026-08-04,2026-08-05
GCTS,active,listed_common_stock_with_current_price,NYSE,"GCT Semiconductor Holding, Inc. Common Stock",2026-08-04,2026-08-05
GD,active,listed_common_stock_with_current_price,NYSE,General Dynamics Corporation Common Stock,2026-08-04,2026-08-05
GDC,active,listed_common_stock_with_current_price,NASDAQ,GD Culture Group Limited - Common Stock,2026-08-04,2026-08-05
GDDY,active,listed_common_stock_with_current_price,NYSE,GoDaddy Inc. Class A Common Stock,2026-08-04,2026-08-05
GDEN,inactive,not_in_current_exchange_directories,,,2026-05-07,2026-08-05
GDEV,active,listed_common_stock_with_current_price,NASDAQ,GDEV Inc. - Ordinary Shares,2026-08-04,2026-08-05
GDEVW,inactive,non_common_stock:nasdaq_non_common_suffix,NASDAQ,GDEV Inc. - Warrant,2026-08-04,2026-08-05
GDOT,active,listed_common_stock_with_current_price,NYSE,"Green Dot Corporation Class A Common Stock, $0.001 par value",2026-08-04,2026-08-05
GDRX,active,listed_common_stock_with_current_price,NASDAQ,"GoodRx Holdings, Inc. - Class A Common Stock",2026-08-04,2026-08-05
GDS,active,listed_common_stock_with_current_price,NASDAQ,GDS Holdings Limited - American Depositary Shares,2026-08-04,2026-08-05
GDSTR,inactive,not_in_current_exchange_directories,,,2026-05-21,2026-08-05
GDSTW,inactive,not_in_current_exchange_directories,,,2026-07-14,2026-08-05
GDXD,inactive,exchange_directory_etf,NYSE Arca,MicroSectors Gold Miners -3X Inverse Leveraged ETNs,2026-08-04,2026-08-05
GDXU,inactive,exchange_directory_etf,NYSE Arca,MicroSectors Gold Miners 3X Leveraged ETN,2026-08-04,2026-08-05
GDYN,active,listed_common_stock_with_current_price,NASDAQ,"Grid Dynamics Holdings, Inc. - Class A Common Stock",2026-08-04,2026-08-05
GE,active,listed_common_stock_with_current_price,NYSE,GE Aerospace Common Stock,2026-08-04,2026-08-05
GECC,active,listed_common_stock_with_current_price,NASDAQ,Great Elm Capital Corp. - Closed End Fund,2026-08-04,2026-08-05
GECCO,inactive,not_in_current_exchange_directories,,,2026-05-27,2026-08-05
GEF,active,listed_common_stock_with_current_price,NYSE,Greif Inc. Class A Common Stock,2026-08-04,2026-08-05
GEF-B,active,listed_common_stock_with_current_price,NYSE,"Greif, Inc. Corporation Class B Common Stock",2026-08-04,2026-08-05
GEG,active,listed_common_stock_with_current_price,NASDAQ,"Great Elm Group, Inc.  - Common Stock",2026-08-04,2026-08-05
GEGGL,inactive,non_common_stock:obvious_non_common_title,NASDAQ,"Great Elm Group, Inc.  - 7.25% Notes due 2027",2026-08-04,2026-08-05
GEL,inactive,non_common_stock:obvious_non_common_title,NYSE,"Genesis Energy, L.P. Common Units",2026-08-04,2026-08-05
GEN,active,listed_common_stock_with_current_price,NASDAQ,Gen Digital Inc. - Common Stock,2026-08-04,2026-08-05
GENC,active,listed_common_stock_with_current_price,NYSE American,"Gencor Industries, Inc. Common Stock",2026-08-04,2026-08-05
GENI,active,listed_common_stock_with_current_price,NYSE,Genius Sports Limited Ordinary Shares,2026-08-04,2026-08-05
GEO,active,listed_common_stock_with_current_price,NYSE,Geo Group Inc (The) REIT,2026-08-04,2026-08-05
GEOS,active,listed_common_stock_with_current_price,NASDAQ,Geospace Technologies Corporation - Common Stock,2026-08-04,2026-08-05
GERN,active,listed_common_stock_with_current_price,NASDAQ,Geron Corporation - Common Stock,2026-08-04,2026-08-05
GETY,active,listed_common_stock_with_current_price,NYSE,"Getty Images Holdings, Inc. Class A Common Stock",2026-08-04,2026-08-05
GEVO,active,listed_common_stock_with_current_price,NASDAQ,"Gevo, Inc. - Common Stock",2026-08-04,2026-08-05
GFAI,active,listed_common_stock_with_current_price,NASDAQ,"Guardforce AI Co., Limited - Ordinary Shares",2026-08-04,2026-08-05
GFAIW,inactive,non_common_stock:nasdaq_non_common_suffix,NASDAQ,"Guardforce AI Co., Limited - Warrant",2026-07-17,2026-08-05
GFF,active,listed_common_stock_with_current_price,NYSE,Griffon Corporation Common Stock,2026-08-04,2026-08-05
GFI,active,listed_common_stock_with_current_price,NYSE,Gold Fields Limited American Depositary Shares,2026-08-04,2026-08-05
GFL,active,listed_common_stock_with_current_price,NYSE,"GFL Environmental Inc. Subordinate voting shares, no par value",2026-08-04,2026-08-05
GFS,active,listed_common_stock_with_current_price,NASDAQ,GlobalFoundries Inc. - Ordinary Share,2026-08-04,2026-08-05
GGAL,active,listed_common_stock_with_current_price,NASDAQ,"Grupo Financiero Galicia S.A. - American Depositary Shares, Class B Shares underlying",2026-08-04,2026-08-05
GGB,active,listed_common_stock_with_current_price,NYSE,Gerdau S.A. Common Stock,2026-08-04,2026-08-05
GGG,active,listed_common_stock_with_current_price,NYSE,Graco Inc. Common Stock,2026-08-04,2026-08-05
GGR,active,listed_common_stock_with_current_price,NASDAQ,Gogoro Inc. - Ordinary Shares,2026-08-04,2026-08-05
GGROW,inactive,non_common_stock:nasdaq_non_common_suffix,NASDAQ,Gogoro Inc. - Warrant,2026-08-04,2026-08-05
GGRP,active,listed_common_stock_with_current_price,NASDAQ,"The Glimpse Group, Inc. - Common Stock",2026-08-04,2026-08-05
GH,active,listed_common_stock_with_current_price,NASDAQ,"Guardant Health, Inc. - Common Stock",2026-08-04,2026-08-05
GHC,active,listed_common_stock_with_current_price,NYSE,Graham Holdings Company Common Stock,2026-08-04,2026-08-05
GHG,active,listed_common_stock_with_current_price,NYSE,"GreenTree Hospitality Group Ltd. American depositary shares, each representing one Class A ordinary share",2026-08-04,2026-08-05
GHI,inactive,non_common_stock:obvious_non_common_title,NYSE,Greystone Housing Impact Investors LP Beneficial Unit Certificates representing assignments of limited partnership interests,2026-08-04,2026-08-05
GHM,active,listed_common_stock_with_current_price,NYSE,Graham Corporation Common Stock,2026-08-04,2026-08-05
GHRS,active,listed_common_stock_with_current_price,NASDAQ,GH Research PLC - Ordinary Shares,2026-08-04,2026-08-05
GIB,active,listed_common_stock_with_current_price,NYSE,CGI Inc. Common Stock,2026-08-04,2026-08-05
GIC,active,listed_common_stock_with_current_price,NYSE,Global Industrial Company Common Stock,2026-08-04,2026-08-05
GIFT,active,listed_common_stock_with_current_price,NASDAQ,"Giftify, Inc. - Common Stock",2026-08-04,2026-08-05
GIGM,active,listed_common_stock_with_current_price,NASDAQ,GigaMedia Limited - Ordinary Shares,2026-08-04,2026-08-05
GIII,active,listed_common_stock_with_current_price,NASDAQ,"G-III Apparel Group, LTD. - Common Stock",2026-08-04,2026-08-05
GIL,active,listed_common_stock_with_current_price,NYSE,"Gildan Activewear, Inc. Class A Sub. Vot. Common Stock",2026-08-04,2026-08-05
GILD,active,listed_common_stock_with_current_price,NASDAQ,"Gilead Sciences, Inc. - Common Stock",2026-08-04,2026-08-05
GILT,active,listed_common_stock_with_current_price,NASDAQ,Gilat Satellite Networks Ltd. - Ordinary Shares,2026-08-04,2026-08-05
GIPR,active,listed_common_stock_with_current_price,NASDAQ,Generation Income Properties Inc. - Common stock,2026-08-04,2026-08-05
GIPRW,inactive,non_common_stock:nasdaq_non_common_suffix,NASDAQ,Generation Income Properties Inc. - Warrant,2026-07-17,2026-08-05
GIS,active,listed_common_stock_with_current_price,NYSE,"General Mills, Inc. Common Stock",2026-08-04,2026-08-05
GIW,active,listed_common_stock_with_current_price,NASDAQ,GigCapital8 Corp. - Class A Ordinary Shares,2026-08-04,2026-08-05
GIWWU,inactive,non_common_stock:nasdaq_non_common_suffix,NASDAQ,GigCapital8 Corp. - Units,2026-08-04,2026-08-05
GJH,active,listed_common_stock_with_current_price,NYSE,Synthetic Fixed-Income Securities Inc 6.375% (STRATS) Cl A-1,2026-08-04,2026-08-05
GJO,active,listed_common_stock_with_current_price,NYSE,"Synthetic Fixed-Income Securities, Inc. on behalf of STRATS(SM) Trust for Wal-Mart Stores, Inc. Securities, Series 2004-5",2026-08-04,2026-08-05
GJP,active,listed_common_stock_with_current_price,NYSE,"Synthetic Fixed-Income Securities, Inc. on behalf of STRATS (SM) Trust for Dominion Resources, Inc. Securities, Series 2005-6, Floating Rate Structured Repackaged Asset-Backed Trust Securities (STRATS) Certificates",2026-08-04,2026-08-05
GJR,active,listed_common_stock_with_current_price,NYSE,"Synthetic Fixed-Income Securities, Inc. STRATS Trust for Procter&Gamble Securities, Series 2006-1",2026-08-04,2026-08-05
GJS,active,listed_common_stock_with_current_price,NYSE,"Goldman Sachs Group Securities STRATS Trust for Goldman Sachs Group Securities, Series 2006-2",2026-08-04,2026-08-05
GJT,active,listed_common_stock_with_current_price,NYSE,"Synthetic Fixed-Income Securities, Inc. Floating Rate Structured Repackaged Asset-Backed Trust Securities Certificates, Series 2006-3",2026-08-04,2026-08-05
GKOS,active,listed_common_stock_with_current_price,NYSE,Glaukos Corporation Common Stock,2026-08-04,2026-08-05
GL,active,listed_common_stock_with_current_price,NYSE,Globe Life Inc. Common Stock,2026-08-04,2026-08-05
GLAD,active,listed_common_stock_with_current_price,NASDAQ,Gladstone Capital Corporation - Closed End Fund,2026-08-04,2026-08-05
GLBE,active,listed_common_stock_with_current_price,NASDAQ,Global-E Online Ltd. - ordinary shares,2026-08-04,2026-08-05
GLBS,active,listed_common_stock_with_current_price,NASDAQ,Globus Maritime Limited - Common Stock,2026-08-04,2026-08-05
GLBZ,inactive,not_in_current_exchange_directories,,,2026-08-04,2026-08-05
GLDD,inactive,not_in_current_exchange_directories,,,2026-04-01,2026-08-05
GLDG,active,listed_common_stock_with_current_price,NYSE American,GoldMining Inc. Common Shares,2026-08-04,2026-08-05
GLIBA,active,listed_common_stock_with_current_price,NASDAQ,Liberty Capital Corporation - Series A GCI Group Common Stock,2026-08-04,2026-08-05
GLMD,active,listed_common_stock_with_current_price,NASDAQ,Galmed Pharmaceuticals Ltd. - Ordinary Shares,2026-08-04,2026-08-05
GLNG,active,listed_common_stock_with_current_price,NASDAQ,Golar LNG Limited - Common Shares,2026-08-04,2026-08-05
GLOB,active,listed_common_stock_with_current_price,NYSE,Globant S.A. Common Shares,2026-08-04,2026-08-05
GLP,inactive,non_common_stock:obvious_non_common_title,NYSE,Global Partners LP Common Units representing Limited Partner Interests,2026-08-04,2026-08-05
GLPG,inactive,not_in_current_exchange_directories,,,2026-07-02,2026-08-05
GLPI,active,listed_common_stock_with_current_price,NASDAQ,"Gaming and Leisure Properties, Inc. - Common Stock",2026-08-04,2026-08-05
GLRE,active,listed_common_stock_with_current_price,NASDAQ,"Greenlight Reinsurance, Ltd. - Class A Ordinary Shares",2026-08-04,2026-08-05
GLSI,active,listed_common_stock_with_current_price,NASDAQ,"Greenwich LifeSciences, Inc. - Common stock",2026-08-04,2026-08-05
GLUE,active,listed_common_stock_with_current_price,NASDAQ,"Monte Rosa Therapeutics, Inc. - Common Stock",2026-08-04,2026-08-05
GLW,active,listed_common_stock_with_current_price,NYSE,Corning Incorporated Common Stock,2026-08-04,2026-08-05
GM,active,listed_common_stock_with_current_price,NYSE,General Motors Company Common Stock,2026-08-04,2026-08-05
GMAB,active,listed_common_stock_with_current_price,NASDAQ,Genmab A/S - American Depositary Shares,2026-08-04,2026-08-05
GME,active,listed_common_stock_with_current_price,NYSE,GameStop Corporation Common Stock,2026-08-04,2026-08-05
GMED,active,listed_common_stock_with_current_price,NYSE,"Globus Medical, Inc. Class A Common Stock",2026-08-04,2026-08-05
GNE,active,listed_common_stock_with_current_price,NYSE,Genie Energy Ltd. Class B Common Stock Stock,2026-08-04,2026-08-05
GNK,active,listed_common_stock_with_current_price,NYSE,Genco Shipping & Trading Limited Ordinary Shares New (Marshall Islands),2026-08-04,2026-08-05
GNL,active,listed_common_stock_with_current_price,NYSE,"Global Net Lease, Inc. Common Stock",2026-08-04,2026-08-05
GNLN,active,listed_common_stock_with_current_price,NASDAQ,"Greenlane Holdings, Inc. - Class A Common Stock",2026-08-04,2026-08-05
GNPX,active,listed_common_stock_with_current_price,NASDAQ,"Genprex, Inc. - Common Stock",2026-08-04,2026-08-05
GNRC,active,listed_common_stock_with_current_price,NYSE,Generac Holdlings Inc. Common Stock,2026-08-04,2026-08-05
GNS,active,listed_common_stock_with_current_price,NYSE American,Genius Group Limited Ordinary Shares,2026-08-04,2026-08-05
GNSS,active,listed_common_stock_with_current_price,NASDAQ,Genasys Inc. - Common Stock,2026-08-04,2026-08-05
GNTA,active,listed_common_stock_with_current_price,NASDAQ,Genenta Science S.p.A. - American Depositary Shares,2026-08-04,2026-08-05
GNTX,active,listed_common_stock_with_current_price,NASDAQ,Gentex Corporation - Common Stock,2026-08-04,2026-08-05
GNW,active,listed_common_stock_with_current_price,NYSE,Genworth Financial Inc Common Stock,2026-08-04,2026-08-05
GO,active,listed_common_stock_with_current_price,NASDAQ,Grocery Outlet Holding Corp. - Common Stock,2026-08-04,2026-08-05
GOCO,inactive,not_in_current_exchange_directories,,,2026-07-28,2026-08-05
GOGO,active,listed_common_stock_with_current_price,NASDAQ,Gogo Inc. - Common Stock,2026-08-04,2026-08-05
GOLD,active,listed_common_stock_with_current_price,NYSE,"Gold.com, Inc. Common Stock",2026-08-04,2026-08-05
GOLF,active,listed_common_stock_with_current_price,NYSE,Acushnet Holdings Corp. Common Stock,2026-08-04,2026-08-05
GOOD,active,listed_common_stock_with_current_price,NASDAQ,Gladstone Commercial Corporation - Real Estate Investment Trust,2026-08-04,2026-08-05
GOODN,inactive,non_common_stock:obvious_non_common_title,NASDAQ,Gladstone Commercial Corporation - 6.625% Series E Cumulative Redeemable Preferred Stock,2026-08-04,2026-08-05
GOODO,inactive,non_common_stock:obvious_non_common_title,NASDAQ,"Gladstone Commercial Corporation - 6.00% Series G Cumulative Redeemable Preferred Stock, par value $0.001 per share",2026-08-04,2026-08-05
GOOG,active,listed_common_stock_with_current_price,NASDAQ,Alphabet Inc. - Class C Capital Stock,2026-08-04,2026-08-05
GOOGL,active,listed_common_stock_with_current_price,NASDAQ,Alphabet Inc. - Class A Common Stock,2026-08-04,2026-08-05
GOOS,active,listed_common_stock_with_current_price,NYSE,Canada Goose Holdings Inc. Subordinate Voting Shares,2026-08-04,2026-08-05
GORO,active,listed_common_stock_with_current_price,NYSE American,Goldgroup Mining Inc. Common Shares,2026-08-04,2026-08-05
GOSS,active,listed_common_stock_with_current_price,NASDAQ,"Gossamer Bio, Inc. - Common Stock",2026-08-04,2026-08-05
GOTU,active,listed_common_stock_with_current_price,NYSE,Gaotu Techedu Inc. American Depositary Shares,2026-08-04,2026-08-05
GOVX,active,listed_common_stock_with_current_price,NASDAQ,"GeoVax Labs, Inc. - Common Stock",2026-08-04,2026-08-05
GP,active,listed_common_stock_with_current_price,NASDAQ,GreenPower Motor Company Inc. - Common Shares,2026-08-04,2026-08-05
GPC,active,listed_common_stock_with_current_price,NYSE,Genuine Parts Company Common Stock,2026-08-04,2026-08-05
GPGI,active,listed_common_stock_with_current_price,NYSE,"GPGI, Inc. Class A Common Stock",2026-08-04,2026-08-05
GPI,active,listed_common_stock_with_current_price,NYSE,"Group 1 Automotive, Inc. Common Stock",2026-08-04,2026-08-05
GPJA,inactive,non_common_stock:obvious_non_common_title,NYSE,"Georgia Power Company Series 2017A 5.00% Junior Subordinated Notes due October 1, 2077",2026-08-04,2026-08-05
GPK,active,listed_common_stock_with_current_price,NYSE,Graphic Packaging Holding Company,2026-08-04,2026-08-05
GPMT,active,listed_common_stock_with_current_price,NYSE,Granite Point Mortgage Trust Inc. Common Stock,2026-08-04,2026-08-05
GPN,active,listed_common_stock_with_current_price,NYSE,Global Payments Inc. Common Stock,2026-08-04,2026-08-05
GPOR,active,listed_common_stock_with_current_price,NYSE,Gulfport Energy Corporation Common Shares,2026-08-04,2026-08-05
GPRE,active,listed_common_stock_with_current_price,NASDAQ,"Green Plains, Inc. - Common Stock",2026-08-04,2026-08-05
GPRK,active,listed_common_stock_with_current_price,NYSE,Geopark Ltd Common Shares,2026-08-04,2026-08-05
GPRO,active,listed_common_stock_with_current_price,NASDAQ,"GoPro, Inc. - Class A Common Stock",2026-08-04,2026-08-05
GRAB,active,listed_common_stock_with_current_price,NASDAQ,Grab Holdings Limited - Class A Ordinary Shares,2026-08-04,2026-08-05
GRABW,inactive,non_common_stock:nasdaq_non_common_suffix,NASDAQ,Grab Holdings Limited - Warrant,2026-08-04,2026-08-05
GRBK,active,listed_common_stock_with_current_price,NYSE,"Green Brick Partners, Inc. Common Stock",2026-08-04,2026-08-05
GRC,active,listed_common_stock_with_current_price,NYSE,Gorman-Rupp Company (The) Common Stock,2026-08-04,2026-08-05
GRDX,active,listed_common_stock_with_current_price,NASDAQ,GridAI Technologies Corp.  - Common Stock,2026-08-04,2026-08-05
GREE,inactive,not_in_current_exchange_directories,,,2026-07-30,2026-08-05
GREEL,inactive,non_common_stock:obvious_non_common_title,NASDAQ,Vulcan Infrastructure and Power Inc. - 8.50% Senior Notes due 2026,2026-08-04,2026-08-05
GRFS,active,listed_common_stock_with_current_price,NASDAQ,"Grifols, S.A. - American Depositary Shares",2026-08-04,2026-08-05
GRI,active,listed_common_stock_with_current_price,NASDAQ,"GRI Bio, Inc. - Common Stock",2026-08-04,2026-08-05
GRML,active,listed_common_stock_with_current_price,NASDAQ,Greenland Mines Ltd - Common Stock,2026-08-04,2026-08-05
GRMLW,inactive,non_common_stock:nasdaq_non_common_suffix,NASDAQ,Greenland Mines Ltd - Warrants,2026-08-04,2026-08-05
GRMN,active,listed_common_stock_with_current_price,NYSE,Garmin Ltd. Common Stock (Switzerland),2026-08-04,2026-08-05
GRND,active,listed_common_stock_with_current_price,NYSE,Grindr Inc. Common Stock,2026-08-04,2026-08-05
GRNQ,active,listed_common_stock_with_current_price,NASDAQ,Greenpro Capital Corp. - Common Stock,2026-08-04,2026-08-05
GRNT,active,listed_common_stock_with_current_price,NYSE,"Granite Ridge Resources, Inc. Common Stock",2026-08-04,2026-08-05
GRO,active,listed_common_stock_with_current_price,NYSE American,Brazil Potash Corp. Common Shares,2026-08-04,2026-08-05
GROV,active,listed_common_stock_with_current_price,NYSE,"Grove Collaborative Holdings, Inc. Class A Common Stock",2026-08-04,2026-08-05
GROW,active,listed_common_stock_with_current_price,NASDAQ,"U.S. Global Investors, Inc. - Class A Common Stock",2026-08-04,2026-08-05
GROY,active,listed_common_stock_with_current_price,NYSE American,Gold Royalty Corp. Common Shares,2026-08-04,2026-08-05
GRPN,active,listed_common_stock_with_current_price,NASDAQ,"Groupon, Inc. - Common Stock",2026-08-04,2026-08-05
GRRR,active,listed_common_stock_with_current_price,NASDAQ,Gorilla Technology Group Inc. - Ordinary shares,2026-08-04,2026-08-05
GRRRW,inactive,non_common_stock:nasdaq_non_common_suffix,NASDAQ,Gorilla Technology Group Inc. - Warrant,2026-08-04,2026-08-05
GRVY,active,listed_common_stock_with_current_price,NASDAQ,"GRAVITY Co., Ltd. - American depositary shares, each representing one common share.",2026-08-04,2026-08-05
GRWG,active,listed_common_stock_with_current_price,NASDAQ,GrowGeneration Corp. - Common Stock,2026-08-04,2026-08-05
GS,active,listed_common_stock_with_current_price,NYSE,"Goldman Sachs Group, Inc. (The) Common Stock",2026-08-04,2026-08-05
GSAT,active,listed_common_stock_with_current_price,NASDAQ,"Globalstar, Inc. - Common Stock",2026-08-04,2026-08-05
GSBC,active,listed_common_stock_with_current_price,NASDAQ,"Great Southern Bancorp, Inc. - Common Stock",2026-08-04,2026-08-05
GSBD,active,listed_common_stock_with_current_price,NYSE,"Goldman Sachs BDC, Inc. Common Stock",2026-08-04,2026-08-05
GSHD,active,listed_common_stock_with_current_price,NASDAQ,"Goosehead Insurance, Inc. - Class A Common Stock",2026-08-04,2026-08-05
GSIT,active,listed_common_stock_with_current_price,NASDAQ,"GSI Technology, Inc. - Common Stock",2026-08-04,2026-08-05
GSK,active,listed_common_stock_with_current_price,NYSE,GSK plc American Depositary Shares (Each representing two Ordinary Shares),2026-08-04,2026-08-05
GSL,active,listed_common_stock_with_current_price,NYSE,Global Ship Lease Inc New Class A Common Shares,2026-08-04,2026-08-05
GSM,active,listed_common_stock_with_current_price,NASDAQ,Ferroglobe PLC - Ordinary Shares,2026-08-04,2026-08-05
GSUN,active,listed_common_stock_with_current_price,NASDAQ,Golden Sun Technology Group Limited - Class A Ordinary Shares,2026-08-04,2026-08-05
GT,active,listed_common_stock_with_current_price,NASDAQ,The Goodyear Tire & Rubber Company - Common Stock,2026-08-04,2026-08-05
GTBP,active,listed_common_stock_with_current_price,NASDAQ,"GT Biopharma, Inc. - Common Stock",2026-08-04,2026-08-05
GTE,active,listed_common_stock_with_current_price,NYSE American,Gran Tierra Energy Inc. Common Stock,2026-08-04,2026-08-05
GTEC,active,listed_common_stock_with_current_price,NASDAQ,Greenland Technologies Holding Corporation - Class A Ordinary Shares,2026-08-04,2026-08-05
GTES,active,listed_common_stock_with_current_price,NYSE,Gates Industrial Corporation Ltd. Common Shares,2026-08-04,2026-08-05
GTIM,active,listed_common_stock_with_current_price,NASDAQ,Good Times Restaurants Inc. - Common Stock,2026-08-04,2026-08-05
GTLB,active,listed_common_stock_with_current_price,NASDAQ,GitLab Inc. - Class A Common Stock,2026-08-04,2026-08-05
GTLS,inactive,not_in_current_exchange_directories,,,2026-07-16,2026-08-05
GTM,active,listed_common_stock_with_current_price,NASDAQ,ZoomInfo Technologies Inc. - Common Stock,2026-08-04,2026-08-05
GTN,active,listed_common_stock_with_current_price,NYSE,"Gray Media, Inc. Common Stock",2026-08-04,2026-08-05
GTN-A,active,listed_common_stock_with_current_price,NYSE,"Gray Media, Inc. Class A Common Stock",2026-08-04,2026-08-05
GTX,active,listed_common_stock_with_current_price,NASDAQ,Garrett Motion Inc. - Common Stock,2026-08-04,2026-08-05
GTY,active,listed_common_stock_with_current_price,NYSE,Getty Realty Corporation Common Stock,2026-08-04,2026-08-05
GUG,active,listed_common_stock_with_current_price,NYSE,Guggenheim Active Allocation Fund Common Shares of Beneficial Interest,2026-08-04,2026-08-05
GV,inactive,not_in_current_exchange_directories,,,2026-08-04,2026-08-05
GVA,active,listed_common_stock_with_current_price,NYSE,Granite Construction Incorporated Common Stock,2026-08-04,2026-08-05
GWAV,active,listed_common_stock_with_current_price,NASDAQ,"Greenwave Technology Solutions, Inc. - Common Stock",2026-08-04,2026-08-05
GWH,active,listed_common_stock_with_current_price,NYSE,"ESS Tech, Inc. Common Stock",2026-08-04,2026-08-05
GWRE,active,listed_common_stock_with_current_price,NYSE,"Guidewire Software, Inc. Common Stock",2026-08-04,2026-08-05
GWRS,active,listed_common_stock_with_current_price,NASDAQ,"Global Water Resources, Inc. - common stock",2026-08-04,2026-08-05
GWW,active,listed_common_stock_with_current_price,NYSE,"W.W. Grainger, Inc. Common Stock",2026-08-04,2026-08-05
GXO,active,listed_common_stock_with_current_price,NYSE,"GXO Logistics, Inc. Common Stock",2026-08-04,2026-08-05
GYRE,active,listed_common_stock_with_current_price,NASDAQ,"Gyre Therapeutics, Inc. - Common Stock",2026-08-04,2026-08-05
GYRO,active,listed_common_stock_with_current_price,NASDAQ,"Gyrodyne , LLC - Common Stock",2026-08-04,2026-08-05
H,active,listed_common_stock_with_current_price,NYSE,Hyatt Hotels Corporation Class A Common Stock,2026-08-04,2026-08-05
HAE,active,listed_common_stock_with_current_price,NYSE,Haemonetics Corporation Common Stock,2026-08-04,2026-08-05
HAFC,active,listed_common_stock_with_current_price,NASDAQ,Hanmi Financial Corporation - Common Stock,2026-08-04,2026-08-05
HAFN,active,listed_common_stock_with_current_price,NYSE,Hafnia Limited Common Shares,2026-08-04,2026-08-05
HAIN,active,listed_common_stock_with_current_price,NASDAQ,"The Hain Celestial Group, Inc. - Common Stock",2026-08-04,2026-08-05
HAL,active,listed_common_stock_with_current_price,NYSE,Halliburton Company Common Stock,2026-08-04,2026-08-05
HALO,active,listed_common_stock_with_current_price,NASDAQ,"Halozyme Therapeutics, Inc. - Common Stock",2026-08-04,2026-08-05
HAS,active,listed_common_stock_with_current_price,NASDAQ,"Hasbro, Inc. - Common Stock",2026-08-04,2026-08-05
HASI,active,listed_common_stock_with_current_price,NYSE,"HA Sustainable Infrastructure Capital, Inc. Common Stock",2026-08-04,2026-08-05
HAYW,active,listed_common_stock_with_current_price,NYSE,"Hayward Holdings, Inc. Common Stock",2026-08-04,2026-08-05
HBAN,active,listed_common_stock_with_current_price,NASDAQ,Huntington Bancshares Incorporated - Common Stock,2026-08-04,2026-08-05
HBANM,inactive,non_common_stock:obvious_non_common_title,NASDAQ,Huntington Bancshares Incorporated - Depositary Shares each representing a 1/1000th interest in a share of Huntington Series I Preferred Stock,2026-08-04,2026-08-05
HBANP,inactive,non_common_stock:nasdaq_non_common_suffix,NASDAQ,Huntington Bancshares Incorporated - Depositary Shares 4.500% Series H Non-Cumulative Perpetual Preferred Stock,2026-08-04,2026-08-05
HBB,active,listed_common_stock_with_current_price,NYSE,Hamilton Beach Brands Holding Company Class A Common Stock,2026-08-04,2026-08-05
HBCP,active,listed_common_stock_with_current_price,NASDAQ,"Home Bancorp, Inc. - Common Stock",2026-08-04,2026-08-05
HBIO,active,listed_common_stock_with_current_price,NASDAQ,"Harvard Bioscience, Inc. - Common Stock",2026-08-04,2026-08-05
HBM,active,listed_common_stock_with_current_price,NYSE,Hudbay Minerals Inc. Ordinary Shares (Canada),2026-08-04,2026-08-05
HBNC,active,listed_common_stock_with_current_price,NASDAQ,"Horizon Bancorp, Inc. - Common Stock",2026-08-04,2026-08-05
HBT,active,listed_common_stock_with_current_price,NASDAQ,"HBT Financial, Inc. - Common Stock",2026-08-04,2026-08-05
HCA,active,listed_common_stock_with_current_price,NYSE,"HCA Healthcare, Inc. Common Stock",2026-08-04,2026-08-05
HCAT,active,listed_common_stock_with_current_price,NASDAQ,"Health Catalyst, Inc - Common stock",2026-08-04,2026-08-05
HCC,active,listed_common_stock_with_current_price,NYSE,"Warrior Met Coal, Inc. Common Stock",2026-08-04,2026-08-05
HCI,active,listed_common_stock_with_current_price,NYSE,"HCI Group, Inc. Common Stock",2026-08-04,2026-08-05
HCKT,active,listed_common_stock_with_current_price,NASDAQ,"The Hackett Group, Inc. - Common Stock",2026-08-04,2026-08-05
HCM,active,listed_common_stock_with_current_price,NASDAQ,HUTCHMED (China) Limited - American Depositary Shares,2026-08-04,2026-08-05
HCSG,active,listed_common_stock_with_current_price,NASDAQ,"Healthcare Services Group, Inc. - Common Stock",2026-08-04,2026-08-05
HCTI,active,listed_common_stock_with_current_price,NASDAQ,"Healthcare Triangle, Inc. - Common Stock",2026-08-04,2026-08-05
HCWB,active,listed_common_stock_with_current_price,NASDAQ,HCW Biologics Inc. - Common Stock,2026-08-04,2026-08-05
HCXY,inactive,non_common_stock:obvious_non_common_title,NYSE,"Hercules Capital, Inc. 6.25% Notes due 2033",2026-08-04,2026-08-05
HD,active,listed_common_stock_with_current_price,NYSE,"Home Depot, Inc. (The) Common Stock",2026-08-04,2026-08-05
HDB,active,listed_common_stock_with_current_price,NYSE,HDFC Bank Limited Common Stock,2026-08-04,2026-08-05
HDSN,active,listed_common_stock_with_current_price,NASDAQ,"Hudson Technologies, Inc. - Common Stock",2026-08-04,2026-08-05
HE,active,listed_common_stock_with_current_price,NYSE,"Hawaiian Electric Industries, Inc. Common Stock",2026-08-04,2026-08-05
HEI,active,listed_common_stock_with_current_price,NYSE,Heico Corporation Common Stock,2026-08-04,2026-08-05
HEI-A,active,listed_common_stock_with_current_price,NYSE,Heico Corporation Common Stock,2026-08-04,2026-08-05
HELE,active,listed_common_stock_with_current_price,NASDAQ,Helen of Troy Limited - Common Stock,2026-08-04,2026-08-05
HELP,active,listed_common_stock_with_current_price,NASDAQ,Cybin Inc. - Common Stock,2026-08-04,2026-08-05
HEPA,inactive,not_in_current_exchange_directories,,,2026-08-04,2026-08-05
HEPS,active,listed_common_stock_with_current_price,NASDAQ,D-Market Electronic Services & Trading - American Depositary Shares,2026-08-04,2026-08-05
HESM,active,listed_common_stock_with_current_price,NYSE,Hess Midstream LP Class A Representing Limited Partner Interests,2026-08-04,2026-08-05
HFBL,active,listed_common_stock_with_current_price,NASDAQ,"Home Federal Bancorp, Inc. of Louisiana - Common Stock",2026-08-04,2026-08-05
HFFG,active,listed_common_stock_with_current_price,NASDAQ,HF Foods Group Inc. - Common Stock,2026-08-04,2026-08-05
HFWA,active,listed_common_stock_with_current_price,NASDAQ,Heritage Financial Corporation - Common Stock,2026-08-04,2026-08-05
HGAS,inactive,not_in_current_exchange_directories,,,2026-08-03,2026-08-05
HGBL,active,listed_common_stock_with_current_price,NASDAQ,Heritage Global Inc. - Common Stock,2026-08-04,2026-08-05
HGLB,active,listed_common_stock_with_current_price,NYSE,Highland Global Allocation Fund Common Stock,2026-08-04,2026-08-05
HGTY,active,listed_common_stock_with_current_price,NYSE,"Hagerty, Inc. Class A Common Stock",2026-08-04,2026-08-05
HGV,active,listed_common_stock_with_current_price,NYSE,Hilton Grand Vacations Inc. Common Stock,2026-08-04,2026-08-05
HHH,active,listed_common_stock_with_current_price,NYSE,Howard Hughes Holdings Inc. Common Stock,2026-08-04,2026-08-05
HHS,active,listed_common_stock_with_current_price,NASDAQ,"Harte Hanks, Inc. - Common Stock",2026-08-04,2026-08-05
HIG,active,listed_common_stock_with_current_price,NYSE,"The Hartford Insurance Group, Inc. Common Stock",2026-08-04,2026-08-05
HIHO,active,listed_common_stock_with_current_price,NASDAQ,Highway Holdings Limited - Common Stock,2026-08-04,2026-08-05
HII,active,listed_common_stock_with_current_price,NYSE,"Huntington Ingalls Industries, Inc. Common Stock",2026-08-04,2026-08-05
HIMS,active,listed_common_stock_with_current_price,NYSE,"Hims & Hers Health, Inc. Class A Common Stock",2026-08-04,2026-08-05
HIMX,active,listed_common_stock_with_current_price,NASDAQ,"Himax Technologies, Inc. - American depositary shares, each of which represents two ordinary shares.",2026-08-04,2026-08-05
HIND,active,listed_common_stock_with_current_price,NASDAQ,"Vyome Holdings, Inc. - Common Stock",2026-08-04,2026-08-05
HIPO,active,listed_common_stock_with_current_price,NYSE,Hippo Holdings Inc. Common Stock,2026-08-04,2026-08-05
HITI,active,listed_common_stock_with_current_price,NASDAQ,High Tide Inc. - Common Shares,2026-08-04,2026-08-05
HIVE,active,listed_common_stock_with_current_price,NASDAQ,HIVE Digital Technologies Ltd - Common Shares,2026-08-04,2026-08-05
HIW,active,listed_common_stock_with_current_price,NYSE,"Highwoods Properties, Inc. Common Stock",2026-08-04,2026-08-05
HKD,active,listed_common_stock_with_current_price,NYSE,AMTD Digital Inc. American Depositary Shares (every five of which represent two Class A Ordinary Shares),2026-08-04,2026-08-05
HL,active,listed_common_stock_with_current_price,NYSE,Hecla Mining Company Common Stock,2026-08-04,2026-08-05
HLF,active,listed_common_stock_with_current_price,NYSE,Herbalife Ltd. Common Shares,2026-08-04,2026-08-05
HLI,active,listed_common_stock_with_current_price,NYSE,"Houlihan Lokey, Inc. Class A Common Stock",2026-08-04,2026-08-05
HLIO,active,listed_common_stock_with_current_price,NYSE,"Helios Technologies, Inc. Common Stock",2026-08-04,2026-08-05
HLIT,active,listed_common_stock_with_current_price,NASDAQ,Harmonic Inc. - Common Stock,2026-08-04,2026-08-05
HLLY,active,listed_common_stock_with_current_price,NYSE,Holley Inc. Common Stock,2026-08-04,2026-08-05
HLMN,active,listed_common_stock_with_current_price,NASDAQ,Hillman Solutions Corp. - Common Stock,2026-08-04,2026-08-05
HLN,active,listed_common_stock_with_current_price,NYSE,Haleon plc American Depositary Shares (Each representing two Ordinary Shares),2026-08-04,2026-08-05
HLNE,active,listed_common_stock_with_current_price,NASDAQ,Hamilton Lane Incorporated - Class A Common Stock,2026-08-04,2026-08-05
HLT,active,listed_common_stock_with_current_price,NYSE,Hilton Worldwide Holdings Inc. Common Stock,2026-08-04,2026-08-05
HLX,active,listed_common_stock_with_current_price,NYSE,"Helix Energy Solutions Group, Inc. Common Stock",2026-08-04,2026-08-05
HMC,active,listed_common_stock_with_current_price,NYSE,"Honda Motor Company, Ltd. Common Stock",2026-08-04,2026-08-05
HMN,active,listed_common_stock_with_current_price,NYSE,Horace Mann Educators Corporation Common Stock,2026-08-04,2026-08-05
HMR,active,listed_common_stock_with_current_price,NASDAQ,Heidmar Maritime Holdings Corp. - Common Stock,2026-08-04,2026-08-05
HMY,active,listed_common_stock_with_current_price,NYSE,Harmony Gold Mining Company Limited,2026-08-04,2026-08-05
HNI,active,listed_common_stock_with_current_price,NYSE,HNI Corporation Common Stock,2026-08-04,2026-08-05
HNNA,active,listed_common_stock_with_current_price,NASDAQ,"Hennessy Advisors, Inc. - Common Stock",2026-08-04,2026-08-05
HNNAZ,inactive,not_in_current_exchange_directories,,,2026-06-29,2026-08-05
HNRG,active,listed_common_stock_with_current_price,NASDAQ,Hallador Energy Company - Common Stock,2026-08-04,2026-08-05
HNST,active,listed_common_stock_with_current_price,NASDAQ,"The Honest Company, Inc. - Common Stock",2026-08-04,2026-08-05
HNVR,active,listed_common_stock_with_current_price,NASDAQ,"Hanover Bancorp, Inc. - Common Stock",2026-08-04,2026-08-05
HOFT,active,listed_common_stock_with_current_price,NASDAQ,Hooker Furnishings Corporation - Common Stock,2026-08-04,2026-08-05
HOG,active,listed_common_stock_with_current_price,NYSE,"Harley-Davidson, Inc. Common Stock",2026-08-04,2026-08-05
HOLO,active,listed_common_stock_with_current_price,NASDAQ,MicroCloud Hologram Inc. - Ordinary Shares,2026-08-04,2026-08-05
HOLOW,inactive,non_common_stock:nasdaq_non_common_suffix,NASDAQ,MicroCloud Hologram Inc. - Warrant,2026-08-04,2026-08-05
HOLX,inactive,not_in_current_exchange_directories,,,2026-04-07,2026-08-05
HOMB,active,listed_common_stock_with_current_price,NYSE,"Home BancShares, Inc. Common Stock",2026-08-04,2026-08-05
HON,active,listed_common_stock_with_current_price,NASDAQ,Honeywell International Inc. - Common Stock,2026-08-04,2026-08-05
HOOD,active,listed_common_stock_with_current_price,NASDAQ,"Robinhood Markets, Inc. - Class A Common Stock",2026-08-04,2026-08-05
HOPE,active,listed_common_stock_with_current_price,NASDAQ,"Hope Bancorp, Inc. - Common Stock",2026-08-04,2026-08-05
HOTH,inactive,not_in_current_exchange_directories,,,2026-07-17,2026-08-05
HOUR,active,listed_common_stock_with_current_price,NASDAQ,"Hour Loop, Inc. - common stock",2026-08-04,2026-08-05
HOV,active,listed_common_stock_with_current_price,NYSE,"Hovnanian Enterprises, Inc. Class A Common Stock",2026-08-04,2026-08-05
HOVNP,inactive,non_common_stock:nasdaq_non_common_suffix,NASDAQ,Hovnanian Enterprises Inc - Depositary Share representing 1/1000th of 7.625% Series A Preferred Stock,2026-08-04,2026-08-05
HOWL,active,listed_common_stock_with_current_price,NASDAQ,"Werewolf Therapeutics, Inc. - Common Stock",2026-08-04,2026-08-05
HP,active,listed_common_stock_with_current_price,NYSE,"Helmerich & Payne, Inc. Common Stock",2026-08-04,2026-08-05
HPE,active,listed_common_stock_with_current_price,NYSE,Hewlett Packard Enterprise Company Common Stock,2026-08-04,2026-08-05
HPK,active,listed_common_stock_with_current_price,NASDAQ,"HighPeak Energy, Inc. - Common Stock",2026-08-04,2026-08-05
HPP,active,listed_common_stock_with_current_price,NYSE,"Hudson Pacific Properties, Inc. Common Stock",2026-08-04,2026-08-05
HPQ,active,listed_common_stock_with_current_price,NYSE,HP Inc. Common Stock,2026-08-04,2026-08-05
HQI,active,listed_common_stock_with_current_price,NASDAQ,"HireQuest, Inc. - Common Stock",2026-08-04,2026-08-05
HQY,active,listed_common_stock_with_current_price,NASDAQ,"HealthEquity, Inc. - Common Stock",2026-08-04,2026-08-05
HR,active,listed_common_stock_with_current_price,NYSE,Healthcare Realty Trust Incorporated Common Stock,2026-08-04,2026-08-05
HRB,active,listed_common_stock_with_current_price,NYSE,"H&R Block, Inc. Common Stock",2026-08-04,2026-08-05
HRI,active,listed_common_stock_with_current_price,NYSE,Herc Holdings Inc. Common Stock,2026-08-04,2026-08-05
HRL,active,listed_common_stock_with_current_price,NYSE,Hormel Foods Corporation Common Stock,2026-08-04,2026-08-05
HRMY,active,listed_common_stock_with_current_price,NASDAQ,"Harmony Biosciences Holdings, Inc. - Common Stock",2026-08-04,2026-08-05
HROW,active,listed_common_stock_with_current_price,NASDAQ,"Harrow, Inc. - Common Stock",2026-08-04,2026-08-05
HRTG,active,listed_common_stock_with_current_price,NYSE,"Heritage Insurance Holdings, Inc. Common Stock",2026-08-04,2026-08-05
HRTX,active,listed_common_stock_with_current_price,NASDAQ,"Heron Therapeutics, Inc.   - Common Stock",2026-08-04,2026-08-05
HRZN,active,listed_common_stock_with_current_price,NASDAQ,Horizon Technology Finance Corporation - Common Stock,2026-08-04,2026-08-05
HSBC,active,listed_common_stock_with_current_price,NYSE,"HSBC Holdings, plc. Common Stock",2026-08-04,2026-08-05
HSCS,active,listed_common_stock_with_current_price,NASDAQ,HeartSciences Inc. - Common Stock,2026-08-04,2026-08-05
HSCSW,inactive,non_common_stock:nasdaq_non_common_suffix,NASDAQ,HeartSciences Inc. - Warrant,2026-07-17,2026-08-05
HSDT,active,listed_common_stock_with_current_price,NASDAQ,Solana Company - Class A Common Stock,2026-08-04,2026-08-05
HSHP,active,listed_common_stock_with_current_price,NYSE,Himalaya Shipping Ltd. Common Shares,2026-08-04,2026-08-05
HSIC,active,listed_common_stock_with_current_price,NASDAQ,"Henry Schein, Inc. - Common Stock",2026-08-04,2026-08-05
HST,active,listed_common_stock_with_current_price,NASDAQ,"Host Hotels & Resorts, Inc. - Common Stock",2026-08-04,2026-08-05
HSTM,active,listed_common_stock_with_current_price,NASDAQ,"HealthStream, Inc. - Common Stock",2026-08-04,2026-08-05
HSY,active,listed_common_stock_with_current_price,NYSE,The Hershey Company Common Stock,2026-08-04,2026-08-05
HTB,active,listed_common_stock_with_current_price,NYSE,"HomeTrust Bancshares, Inc. Common Stock",2026-08-04,2026-08-05
HTBK,inactive,not_in_current_exchange_directories,,,2026-04-21,2026-08-05
HTCO,active,listed_common_stock_with_current_price,NASDAQ,High-Trend International Group - Class A Ordinary Shares,2026-08-04,2026-08-05
HTCR,active,listed_common_stock_with_current_price,NASDAQ,"Heartcore Enterprises, Inc. - Common Stock",2026-08-04,2026-08-05
HTFC,inactive,non_common_stock:obvious_non_common_title,NYSE,Horizon Technology Finance Corporation 6.25% Notes due 2027,2026-08-04,2026-08-05
HTGC,active,listed_common_stock_with_current_price,NYSE,"Hercules Capital, Inc. Common Stock",2026-08-04,2026-08-05
HTH,active,listed_common_stock_with_current_price,NYSE,Hilltop Holdings Inc.,2026-08-04,2026-08-05
HTHT,active,listed_common_stock_with_current_price,NASDAQ,H World Group Limited - American Depositary Shares,2026-08-04,2026-08-05
HTLD,active,listed_common_stock_with_current_price,NASDAQ,"Heartland Express, Inc. - Common Stock",2026-08-04,2026-08-05
HTO,active,listed_common_stock_with_current_price,NASDAQ,H2O America  - Common Stock,2026-08-04,2026-08-05
HTOO,active,listed_common_stock_with_current_price,NASDAQ,Fusion Fuel Green PLC - Ordinary Shares,2026-08-04,2026-08-05
HTT,active,listed_common_stock_with_current_price,NYSE,"High Templar Tech Limited American depositary shares, each representing one Class A ordinary share",2026-08-04,2026-08-05
HTZ,active,listed_common_stock_with_current_price,NASDAQ,"Hertz Global Holdings, Inc - Common Stock",2026-08-04,2026-08-05
HTZWW,inactive,non_common_stock:nasdaq_non_common_suffix,NASDAQ,"Hertz Global Holdings, Inc - Warrant",2026-08-04,2026-08-05
HUBB,active,listed_common_stock_with_current_price,NYSE,Hubbell Inc Common Stock,2026-08-04,2026-08-05
HUBG,active,listed_common_stock_with_current_price,NASDAQ,"Hub Group, Inc. - Class A Common Stock",2026-08-04,2026-08-05
HUBS,active,listed_common_stock_with_current_price,NYSE,"HubSpot, Inc. Common Stock",2026-08-04,2026-08-05
HUDI,active,listed_common_stock_with_current_price,NASDAQ,"Huadi International Group Co., Ltd. - Ordinary Shares",2026-08-04,2026-08-05
HUIZ,active,listed_common_stock_with_current_price,NASDAQ,Huize Holding Limited - American Depositary Shares,2026-08-04,2026-08-05
HUM,active,listed_common_stock_with_current_price,NYSE,Humana Inc. Common Stock,2026-08-04,2026-08-05
HUMA,active,listed_common_stock_with_current_price,NASDAQ,"Humacyte, Inc. - Common Stock",2026-08-04,2026-08-05
HUMAW,inactive,non_common_stock:nasdaq_non_common_suffix,NASDAQ,"Humacyte, Inc. - Warrant",2026-08-04,2026-08-05
HUN,active,listed_common_stock_with_current_price,NYSE,Huntsman Corporation Common Stock,2026-08-04,2026-08-05
HURA,active,listed_common_stock_with_current_price,NASDAQ,"TuHURA Biosciences, Inc. - Common Stock",2026-08-04,2026-08-05
HURC,active,listed_common_stock_with_current_price,NASDAQ,"Hurco Companies, Inc. - Common Stock",2026-08-04,2026-08-05
HURN,active,listed_common_stock_with_current_price,NASDAQ,Huron Consulting Group Inc. - Common Stock,2026-08-04,2026-08-05
HUT,active,listed_common_stock_with_current_price,NASDAQ,Hut 8 Corp. - Common Stock,2026-08-04,2026-08-05
HUYA,active,listed_common_stock_with_current_price,NYSE,"HUYA Inc. American depositary shares, each  representing one Class A ordinary share",2026-08-04,2026-08-05
HVT,active,listed_common_stock_with_current_price,NYSE,"Haverty Furniture Companies, Inc. Common Stock",2026-08-04,2026-08-05
HVT-A,active,listed_common_stock_with_current_price,NYSE,"Haverty Furniture Companies, Inc. Common Stock",2026-08-04,2026-08-05
HWBK,active,listed_common_stock_with_current_price,NASDAQ,"Hawthorn Bancshares, Inc. - Common Stock",2026-08-04,2026-08-05
HWC,active,listed_common_stock_with_current_price,NASDAQ,Hancock Whitney Corporation - Common Stock,2026-08-04,2026-08-05
HWCPZ,inactive,non_common_stock:obvious_non_common_title,NASDAQ,Hancock Whitney Corporation - 6.25% Subordinated Notes due 2060,2026-08-04,2026-08-05
HWKN,active,listed_common_stock_with_current_price,NASDAQ,"Hawkins, Inc. - Common Stock",2026-08-04,2026-08-05
HWM,active,listed_common_stock_with_current_price,NYSE,Howmet Aerospace Inc. Common Stock,2026-08-04,2026-08-05
HXL,active,listed_common_stock_with_current_price,NYSE,Hexcel Corporation Common Stock,2026-08-04,2026-08-05
HY,active,listed_common_stock_with_current_price,NYSE,"Hyster-Yale, Inc. Class A common stock",2026-08-04,2026-08-05
HYFM,active,listed_common_stock_with_current_price,NASDAQ,"Hydrofarm Holdings Group, Inc. - Common Stock",2026-08-04,2026-08-05
HYFT,active,listed_common_stock_with_current_price,NASDAQ,MindWalk Holdings Corp. - Common Stock,2026-08-04,2026-08-05
HYLN,active,listed_common_stock_with_current_price,NYSE American,Hyliion Holdings Corp. Class A Common Stock,2026-08-04,2026-08-05
HYMC,active,listed_common_stock_with_current_price,NASDAQ,Hycroft Mining Holding Corporation - Class A Common Stock,2026-08-04,2026-08-05
HYMCW,inactive,not_in_current_exchange_directories,,,,2026-08-05
HYPD,active,listed_common_stock_with_current_price,NASDAQ,"Hyperion DeFi, Inc. - Common Stock",2026-08-04,2026-08-05
HYPR,active,listed_common_stock_with_current_price,NASDAQ,"Hyperfine, Inc.  - Class A Common Stock",2026-08-04,2026-08-05
HZO,active,listed_common_stock_with_current_price,NYSE,"MarineMax, Inc.  (FL) Common Stock",2026-08-04,2026-08-05
IAC,inactive,not_in_current_exchange_directories,,,2026-07-17,2026-08-05
IAG,active,listed_common_stock_with_current_price,NYSE,Iamgold Corporation Ordinary Shares,2026-08-04,2026-08-05
IART,active,listed_common_stock_with_current_price,NASDAQ,Integra LifeSciences Holdings Corporation - Common Stock,2026-08-04,2026-08-05
IAUX,active,listed_common_stock_with_current_price,NYSE American,i-80 Gold Corp. Common Shares,2026-08-04,2026-08-05
IBCP,active,listed_common_stock_with_current_price,NASDAQ,Independent Bank Corporation - Common Stock,2026-08-04,2026-08-05
IBEX,active,listed_common_stock_with_current_price,NASDAQ,IBEX Limited - Common Share,2026-08-04,2026-08-05
IBIO,active,listed_common_stock_with_current_price,NASDAQ,"iBio, Inc. - Common Stock",2026-08-04,2026-08-05
IBKR,active,listed_common_stock_with_current_price,NASDAQ,"Interactive Brokers Group, Inc. - Class A Common Stock",2026-08-04,2026-08-05
IBM,active,listed_common_stock_with_current_price,NYSE,International Business Machines Corporation Common Stock,2026-08-04,2026-08-05
IBN,active,listed_common_stock_with_current_price,NYSE,ICICI Bank Limited Common Stock,2026-08-04,2026-08-05
IBOC,active,listed_common_stock_with_current_price,NASDAQ,International Bancshares Corporation - Common Stock,2026-08-04,2026-08-05
IBP,active,listed_common_stock_with_current_price,NYSE,"Installed Building Products, Inc. Common Stock",2026-08-04,2026-08-05
IBRX,active,listed_common_stock_with_current_price,NASDAQ,"ImmunityBio, Inc. - Common Stock",2026-08-04,2026-08-05
ICCC,active,listed_common_stock_with_current_price,NASDAQ,ImmuCell Corporation - Common Stock,2026-08-04,2026-08-05
ICCM,active,listed_common_stock_with_current_price,NASDAQ,IceCure Medical Ltd. - Ordinary Shares,2026-08-04,2026-08-05
ICE,active,listed_common_stock_with_current_price,NYSE,Intercontinental Exchange Inc. Common Stock,2026-08-04,2026-08-05
ICFI,active,listed_common_stock_with_current_price,NASDAQ,"ICF International, Inc. - Common Stock",2026-08-04,2026-08-05
ICHR,active,listed_common_stock_with_current_price,NASDAQ,Ichor Holdings - Ordinary Shares,2026-08-04,2026-08-05
ICL,active,listed_common_stock_with_current_price,NYSE,ICL Group Ltd. Ordinary Shares,2026-08-04,2026-08-05
ICLR,active,listed_common_stock_with_current_price,NASDAQ,ICON plc - Ordinary Shares,2026-08-04,2026-08-05
ICMB,active,listed_common_stock_with_current_price,NASDAQ,"Investcorp Credit Management BDC, Inc. - Common Stock",2026-08-04,2026-08-05
ICON,active,listed_common_stock_with_current_price,NASDAQ,Icon Energy Corp. - Common stock,2026-08-04,2026-08-05
ICU,active,listed_common_stock_with_current_price,NASDAQ,SeaStar Medical Holding Corporation - Common Stock,2026-08-04,2026-08-05
ICUCW,inactive,non_common_stock:nasdaq_non_common_suffix,NASDAQ,SeaStar Medical Holding Corporation - Warrant,2026-08-04,2026-08-05
ICUI,active,listed_common_stock_with_current_price,NASDAQ,"ICU Medical, Inc. - Common Stock",2026-08-04,2026-08-05
IDA,active,listed_common_stock_with_current_price,NYSE,"IDACORP, Inc. Common Stock",2026-08-04,2026-08-05
IDAI,active,listed_common_stock_with_current_price,NASDAQ,T Stamp Inc. - Class A Common Stock,2026-08-04,2026-08-05
IDCC,active,listed_common_stock_with_current_price,NASDAQ,"InterDigital, Inc. - Common Stock",2026-08-04,2026-08-05
IDN,active,listed_common_stock_with_current_price,NASDAQ,"Intellicheck, Inc. - Common Stock",2026-08-04,2026-08-05
IDR,active,listed_common_stock_with_current_price,NYSE American,"Idaho Strategic Resources, Inc. Common Stock",2026-08-04,2026-08-05
IDT,active,listed_common_stock_with_current_price,NYSE,IDT Corporation Class B Common Stock,2026-08-04,2026-08-05
IDXX,active,listed_common_stock_with_current_price,NASDAQ,"IDEXX Laboratories, Inc. - Common Stock",2026-08-04,2026-08-05
IDYA,active,listed_common_stock_with_current_price,NASDAQ,"IDEAYA Biosciences, Inc. - Common Stock",2026-08-04,2026-08-05
IE,active,listed_common_stock_with_current_price,NYSE American,Ivanhoe Electric Inc. Common Stock,2026-08-04,2026-08-05
IEP,inactive,non_common_stock:obvious_non_common_title,NASDAQ,Icahn Enterprises L.P. - Depositary Units representing Limited Partner Interests,2026-08-04,2026-08-05
IESC,active,listed_common_stock_with_current_price,NASDAQ,"IES Holdings, Inc. - Common Stock",2026-08-04,2026-08-05
IEX,active,listed_common_stock_with_current_price,NYSE,IDEX Corporation Common Stock,2026-08-04,2026-08-05
IFBD,active,listed_common_stock_with_current_price,NASDAQ,"Infobird Co., Ltd - Ordinary Shares",2026-08-04,2026-08-05
IFED,inactive,exchange_directory_etf,NYSE Arca,ETRACS IFED Invest with the Fed TR Index ETN,2026-08-04,2026-08-05
IFF,active,listed_common_stock_with_current_price,NYSE,"International Flavors & Fragrances, Inc. Common Stock",2026-08-04,2026-08-05
IFRX,active,listed_common_stock_with_current_price,NASDAQ,InflaRx N.V. - Common Stock,2026-08-04,2026-08-05
IFS,active,listed_common_stock_with_current_price,NYSE,Intercorp Financial Services Inc. Common Shares,2026-08-04,2026-08-05
IGAC,active,listed_common_stock_with_current_price,NASDAQ,Invest Green Acquisition Corporation - Class A Ordinary Shares,2026-08-04,2026-08-05
IGACU,inactive,non_common_stock:nasdaq_non_common_suffix,NASDAQ,Invest Green Acquisition Corporation - Units,2026-08-04,2026-08-05
IGC,active,listed_common_stock_with_current_price,NYSE American,"IGC Pharma, Inc. Common Stock",2026-08-04,2026-08-05
IGIC,active,listed_common_stock_with_current_price,NASDAQ,International General Insurance Holdings Ltd. - Ordinary Shares,2026-08-04,2026-08-05
IH,active,listed_common_stock_with_current_price,NYSE,"iHuman Inc. American depositary shares, each representing five Class A ordinary shares",2026-08-04,2026-08-05
IHG,active,listed_common_stock_with_current_price,NYSE,Intercontinental Hotels Group American Depositary Shares (Each representing one Ordinary Share),2026-08-04,2026-08-05
IHRT,active,listed_common_stock_with_current_price,NASDAQ,"iHeartMedia, Inc. - Class A Common Stock",2026-08-04,2026-08-05
IHS,active,listed_common_stock_with_current_price,NYSE,IHS Holding Limited Ordinary Shares,2026-08-04,2026-08-05
IHT,active,listed_common_stock_with_current_price,NYSE American,InnSuites Hospitality Trust Shares of Beneficial Interest,2026-08-04,2026-08-05
III,active,listed_common_stock_with_current_price,NASDAQ,"Information Services Group, Inc. - Common Stock",2026-08-04,2026-08-05
IIIN,active,listed_common_stock_with_current_price,NYSE,"Insteel Industries, Inc. Common Stock",2026-08-04,2026-08-05
IIIV,active,listed_common_stock_with_current_price,NASDAQ,"i3 Verticals, Inc. - Common Stock",2026-08-04,2026-08-05
IINN,inactive,not_in_current_exchange_directories,,,2026-07-17,2026-08-05
IINNW,inactive,not_in_current_exchange_directories,,,2026-07-15,2026-08-05
IIPR,active,listed_common_stock_with_current_price,NYSE,"Innovative Industrial Properties, Inc. Common Stock",2026-08-04,2026-08-05
IKT,active,listed_common_stock_with_current_price,NASDAQ,"Inhibikase Therapeutics, Inc. - Common Stock",2026-08-04,2026-08-05
ILAG,active,listed_common_stock_with_current_price,NASDAQ,Intelligent Living Application Group Inc. - Ordinary Shares,2026-08-04,2026-08-05
ILMN,active,listed_common_stock_with_current_price,NASDAQ,"Illumina, Inc. - Common Stock",2026-08-04,2026-08-05
ILPT,active,listed_common_stock_with_current_price,NASDAQ,Industrial Logistics Properties Trust - Common Shares of Beneficial Interest,2026-08-04,2026-08-05
IMA,active,listed_common_stock_with_current_price,NASDAQ,"ImageneBio, Inc. - Common Stock",2026-08-04,2026-08-05
IMAQ,inactive,not_in_current_exchange_directories,,,2026-08-04,2026-08-05
IMAQR,inactive,not_in_current_exchange_directories,,,2026-07-29,2026-08-05
IMAQU,inactive,not_in_current_exchange_directories,,,2026-08-03,2026-08-05
IMAQW,inactive,not_in_current_exchange_directories,,,2025-10-24,2026-08-05
IMAX,active,listed_common_stock_with_current_price,NYSE,Imax Corporation Common Stock,2026-08-04,2026-08-05
IMCC,active,listed_common_stock_with_current_price,NASDAQ,IM Cannabis Corp. - Common Shares,2026-08-04,2026-08-05
IMCR,active,listed_common_stock_with_current_price,NASDAQ,Immunocore Holdings plc - American Depositary Shares,2026-08-04,2026-08-05
IMDX,active,listed_common_stock_with_current_price,NASDAQ,Insight Molecular Diagnostics Inc. - Common Stock,2026-08-04,2026-08-05
IMKTA,active,listed_common_stock_with_current_price,NASDAQ,"Ingles Markets, Incorporated - Class A Common Stock",2026-08-04,2026-08-05
IMMP,active,listed_common_stock_with_current_price,NASDAQ,Immutep Limited - American Depositary Shares,2026-08-04,2026-08-05
IMMR,active,listed_common_stock_with_current_price,NASDAQ,Immersion Corporation - Common Stock,2026-08-04,2026-08-05
IMMX,active,listed_common_stock_with_current_price,NASDAQ,"Immix Biopharma, Inc. - Common Stock",2026-08-04,2026-08-05
IMNM,active,listed_common_stock_with_current_price,NASDAQ,"Immunome, Inc. - Common Stock",2026-08-04,2026-08-05
IMNN,active,listed_common_stock_with_current_price,NASDAQ,"Imunon, Inc. - Common Stock",2026-08-04,2026-08-05
IMO,active,listed_common_stock_with_current_price,NYSE American,Imperial Oil Limited Common Stock,2026-08-04,2026-08-05
IMOS,active,listed_common_stock_with_current_price,NASDAQ,ChipMOS TECHNOLOGIES INC. - American Depositary Shares,2026-08-04,2026-08-05
IMPP,active,listed_common_stock_with_current_price,NASDAQ,Imperial Petroleum Inc. - Common Shares,2026-08-04,2026-08-05
IMPPP,inactive,non_common_stock:nasdaq_non_common_suffix,NASDAQ,Imperial Petroleum Inc. - 8.75% Series A Cumulative Redeemable Perpetual Preferred Shares,2026-08-04,2026-08-05
IMRN,active,listed_common_stock_with_current_price,NASDAQ,Immuron Limited - American Depositary Shares,2026-08-04,2026-08-05
IMRX,active,listed_common_stock_with_current_price,NASDAQ,Immuneering Corporation - Class A Common Stock,2026-08-04,2026-08-05
IMTE,active,listed_common_stock_with_current_price,NASDAQ,Integrated Media Technology Limited - Ordinary Shares,2026-08-04,2026-08-05
IMTX,active,listed_common_stock_with_current_price,NASDAQ,Immatics N.V. - Ordinary Shares,2026-08-04,2026-08-05
IMUX,active,listed_common_stock_with_current_price,NASDAQ,"Immunic, Inc.  - Common Stock",2026-08-04,2026-08-05
IMVT,active,listed_common_stock_with_current_price,NASDAQ,"Immunovant, Inc.  - Common Stock",2026-08-04,2026-08-05
IMXI,active,listed_common_stock_with_current_price,NASDAQ,"International Money Express, Inc. - Common Stock",2026-08-04,2026-08-05
INAB,active,listed_common_stock_with_current_price,NASDAQ,"IN8bio, Inc. - Common Stock",2026-08-04,2026-08-05
INBK,active,listed_common_stock_with_current_price,NASDAQ,First Internet Bancorp - Common Stock,2026-08-04,2026-08-05
INBKZ,inactive,non_common_stock:obvious_non_common_title,NASDAQ,First Internet Bancorp - Fixed-to-Floating Rate Subordinated Notes Due 2029,2026-08-04,2026-08-05
INBS,active,listed_common_stock_with_current_price,NASDAQ,Intelligent Bio Solutions Inc.  - Common Stock,2026-08-04,2026-08-05
INBX,active,listed_common_stock_with_current_price,NASDAQ,"Inhibrx Biosciences, Inc. - Common Stock",2026-08-04,2026-08-05
INCR,active,listed_common_stock_with_current_price,NASDAQ,Intercure Ltd. - ordinary shares,2026-08-04,2026-08-05
INCY,active,listed_common_stock_with_current_price,NASDAQ,Incyte Corporation - Common Stock,2026-08-04,2026-08-05
INDB,active,listed_common_stock_with_current_price,NASDAQ,Independent Bank Corp. - Common Stock,2026-08-04,2026-08-05
INDI,active,listed_common_stock_with_current_price,NASDAQ,"indie Semiconductor, Inc. - Class A Common Stock",2026-08-04,2026-08-05
INDO,active,listed_common_stock_with_current_price,NYSE American,Indonesia Energy Corporation Limited Ordinary Shares,2026-08-04,2026-08-05
INDP,active,listed_common_stock_with_current_price,NASDAQ,"Indaptus Therapeutics, Inc. - Common Stock",2026-08-04,2026-08-05
INDV,active,listed_common_stock_with_current_price,NASDAQ,"Indivior Pharmaceuticals, Inc.  - Common Stock",2026-08-04,2026-08-05
INFU,active,listed_common_stock_with_current_price,NYSE American,"InfuSystems Holdings, Inc. Common Stock",2026-08-04,2026-08-05
INFY,active,listed_common_stock_with_current_price,NYSE,Infosys Limited American Depositary Shares,2026-08-04,2026-08-05
ING,active,listed_common_stock_with_current_price,NYSE,"ING Group, N.V. Common Stock",2026-08-04,2026-08-05
INGN,active,listed_common_stock_with_current_price,NASDAQ,"Inogen, Inc - Common Stock",2026-08-04,2026-08-05
INGR,active,listed_common_stock_with_current_price,NYSE,Ingredion Incorporated Common Stock,2026-08-04,2026-08-05
INKT,active,listed_common_stock_with_current_price,NASDAQ,"MiNK Therapeutics, Inc. - Common Stock",2026-08-04,2026-08-05
INLX,active,listed_common_stock_with_current_price,NYSE American,"Intellinetics, Inc. Common Stock",2026-08-04,2026-08-05
INM,active,listed_common_stock_with_current_price,NASDAQ,InMed Pharmaceuticals Inc. - Common Shares,2026-08-04,2026-08-05
INMB,active,listed_common_stock_with_current_price,NASDAQ,INmune Bio Inc. - Common stock,2026-08-04,2026-08-05
INMD,active,listed_common_stock_with_current_price,NASDAQ,InMode Ltd.  - Ordinary Shares,2026-08-04,2026-08-05
INN,active,listed_common_stock_with_current_price,NYSE,"Summit Hotel Properties, Inc. Common Stock",2026-08-04,2026-08-05
INNV,active,listed_common_stock_with_current_price,NASDAQ,InnovAge Holding Corp. - Common Stock,2026-08-04,2026-08-05
INO,active,listed_common_stock_with_current_price,NASDAQ,"Inovio Pharmaceuticals, Inc. - Common Stock",2026-08-04,2026-08-05
INOD,active,listed_common_stock_with_current_price,NASDAQ,Innodata Inc. - Common Stock,2026-08-04,2026-08-05
INSE,active,listed_common_stock_with_current_price,NASDAQ,"Inspired Entertainment, Inc. - Common Stock",2026-08-04,2026-08-05
INSG,active,listed_common_stock_with_current_price,NASDAQ,Inseego Corp. - Common Stock,2026-08-04,2026-08-05
INSM,active,listed_common_stock_with_current_price,NASDAQ,Insmed Incorporated - Common Stock,2026-08-04,2026-08-05
INSP,active,listed_common_stock_with_current_price,NYSE,"Inspire Medical Systems, Inc. Common Stock",2026-08-04,2026-08-05
INSW,active,listed_common_stock_with_current_price,NYSE,"International Seaways, Inc. Common Stock",2026-08-04,2026-08-05
INTA,active,listed_common_stock_with_current_price,NASDAQ,"Intapp, Inc. - Common Stock",2026-08-04,2026-08-05
INTC,active,listed_common_stock_with_current_price,NASDAQ,Intel Corporation - Common Stock,2026-08-04,2026-08-05
INTG,active,listed_common_stock_with_current_price,NASDAQ,The Intergroup Corporation - Common Stock,2026-08-04,2026-08-05
INTR,active,listed_common_stock_with_current_price,NASDAQ,Inter & Co. Inc. - Class A Common Shares,2026-08-04,2026-08-05
INTT,active,listed_common_stock_with_current_price,NYSE American,inTest Corporation Common Stock,2026-08-04,2026-08-05
INTU,active,listed_common_stock_with_current_price,NASDAQ,Intuit Inc. - Common Stock,2026-08-04,2026-08-05
INTZ,active,listed_common_stock_with_current_price,NASDAQ,Intrusion Inc. - Common Stock,2026-08-04,2026-08-05
INUV,active,listed_common_stock_with_current_price,NYSE American,"Inuvo, Inc.",2026-08-04,2026-08-05
INVA,active,listed_common_stock_with_current_price,NASDAQ,"Innoviva, Inc. - Common Stock",2026-08-04,2026-08-05
INVE,active,listed_common_stock_with_current_price,NASDAQ,"Identiv, Inc. - Common Stock",2026-08-04,2026-08-05
INVH,active,listed_common_stock_with_current_price,NYSE,Invitation Homes Inc. Common Stock,2026-08-04,2026-08-05
INVX,active,listed_common_stock_with_current_price,NYSE,"Innovex International, Inc. Common Stock",2026-08-04,2026-08-05
INVZ,active,listed_common_stock_with_current_price,NASDAQ,Innoviz Technologies Ltd. - Ordinary shares,2026-08-04,2026-08-05
INVZW,inactive,not_in_current_exchange_directories,,,2026-04-15,2026-08-05
IONQ,active,listed_common_stock_with_current_price,NYSE,"IonQ, Inc. Common Stock",2026-08-04,2026-08-05
IONR,active,listed_common_stock_with_current_price,NASDAQ,ioneer Ltd - American Depositary Shares,2026-08-04,2026-08-05
IONS,active,listed_common_stock_with_current_price,NASDAQ,"Ionis Pharmaceuticals, Inc. - Common Stock",2026-08-04,2026-08-05
IOR,active,listed_common_stock_with_current_price,NYSE American,"Income Opportunity Realty Investors, Inc. Common Stock",2026-08-04,2026-08-05
IOSP,active,listed_common_stock_with_current_price,NASDAQ,Innospec Inc. - Common Stock,2026-08-04,2026-08-05
IOT,active,listed_common_stock_with_current_price,NYSE,Samsara Inc. Class A Common Stock,2026-08-04,2026-08-05
IOVA,active,listed_common_stock_with_current_price,NASDAQ,"Iovance Biotherapeutics, Inc. - Common Stock",2026-08-04,2026-08-05
IP,active,listed_common_stock_with_current_price,NYSE,International Paper Company Common Stock,2026-08-04,2026-08-05
IPAR,active,listed_common_stock_with_current_price,NASDAQ,"Interparfums, Inc. - Common Stock",2026-08-04,2026-08-05
IPB,inactive,exchange_directory_etf,NYSE,"Merrill Lynch & Co., Inc. 6.0518% Index Plus Trust Certificates Series 2003-1",2026-08-04,2026-08-05
IPDN,active,listed_common_stock_with_current_price,NASDAQ,"Professional Diversity Network, Inc. - Common Stock",2026-08-04,2026-08-05
IPGP,active,listed_common_stock_with_current_price,NASDAQ,IPG Photonics Corporation - Common Stock,2026-08-04,2026-08-05
IPHA,active,listed_common_stock_with_current_price,NASDAQ,Innate Pharma S.A. - American Depositary Shares,2026-08-04,2026-08-05
IPI,active,listed_common_stock_with_current_price,NYSE,"Intrepid Potash, Inc Common Stock",2026-08-04,2026-08-05
IPM,active,listed_common_stock_with_current_price,NASDAQ,Intelligent Protection Management Corp.  - Common Stock,2026-08-04,2026-08-05
IPSC,active,listed_common_stock_with_current_price,NASDAQ,"Century Therapeutics, Inc. - Common Stock",2026-08-04,2026-08-05
IPW,active,listed_common_stock_with_current_price,NASDAQ,iPower Inc. - Common Stock,2026-08-04,2026-08-05
IPWR,active,listed_common_stock_with_current_price,NASDAQ,Ideal Power Inc. - Common Stock,2026-08-04,2026-08-05
IPX,active,listed_common_stock_with_current_price,NASDAQ,IperionX Limited - American Depositary Share,2026-08-04,2026-08-05
IQ,active,listed_common_stock_with_current_price,NASDAQ,"iQIYI, Inc. - American Depositary Shares",2026-08-04,2026-08-05
IQV,active,listed_common_stock_with_current_price,NYSE,"IQVIA Holdings, Inc. Common Stock",2026-08-04,2026-08-05
IR,active,listed_common_stock_with_current_price,NYSE,Ingersoll Rand Inc. Common Stock,2026-08-04,2026-08-05
IRD,active,listed_common_stock_with_current_price,NASDAQ,"Opus Genetics, Inc. - Common Stock",2026-08-04,2026-08-05
IRDM,active,listed_common_stock_with_current_price,NASDAQ,Iridium Communications Inc - Common Stock,2026-08-04,2026-08-05
IREN,active,listed_common_stock_with_current_price,NASDAQ,IREN Limited - Ordinary Shares,2026-08-04,2026-08-05
IRIX,active,listed_common_stock_with_current_price,NASDAQ,IRIDEX Corporation - Common Stock,2026-08-04,2026-08-05
IRM,active,listed_common_stock_with_current_price,NYSE,Iron Mountain Incorporated (Delaware)Common Stock REIT,2026-08-04,2026-08-05
IRMD,active,listed_common_stock_with_current_price,NASDAQ,iRadimed Corporation - Common Stock,2026-08-04,2026-08-05
IRON,active,listed_common_stock_with_current_price,NASDAQ,"Disc Medicine, Inc. - Common Stock",2026-08-04,2026-08-05
IRS,active,listed_common_stock_with_current_price,NYSE,IRSA Inversiones Y Representaciones S.A. Global Depositary Shares (Each representing ten shares of Common Stock),2026-08-04,2026-08-05
IRT,active,listed_common_stock_with_current_price,NYSE,"Independence Realty Trust, Inc. Common Stock",2026-08-04,2026-08-05
IRTC,active,listed_common_stock_with_current_price,NASDAQ,"iRhythm Holdings, Inc.  - Common Stock",2026-08-04,2026-08-05
IRWD,active,listed_common_stock_with_current_price,NASDAQ,"Ironwood Pharmaceuticals, Inc. - Class A Common Stock",2026-08-04,2026-08-05
ISPC,active,listed_common_stock_with_current_price,NASDAQ,iSpecimen Inc. - Common Stock,2026-08-04,2026-08-05
ISRG,active,listed_common_stock_with_current_price,NASDAQ,"Intuitive Surgical, Inc. - Common Stock",2026-08-04,2026-08-05
ISSC,active,listed_common_stock_with_current_price,NASDAQ,"Innovative Solutions and Support, Inc. - Common Stock",2026-08-04,2026-08-05
ISTR,active,listed_common_stock_with_current_price,NASDAQ,Investar Holding Corporation - Common Stock,2026-08-04,2026-08-05
IT,active,listed_common_stock_with_current_price,NYSE,"Gartner, Inc. Common Stock",2026-08-04,2026-08-05
ITGR,active,listed_common_stock_with_current_price,NYSE,Integer Holdings Corporation Common Stock,2026-08-04,2026-08-05
ITIC,active,listed_common_stock_with_current_price,NASDAQ,Investors Title Company - Common Stock,2026-08-04,2026-08-05
ITP,active,listed_common_stock_with_current_price,NYSE American,"IT Tech Packaging, Inc. Common Stock",2026-08-04,2026-08-05
ITRG,active,listed_common_stock_with_current_price,NYSE American,Integra Resources Corp. Common Shares,2026-08-04,2026-08-05
ITRI,active,listed_common_stock_with_current_price,NASDAQ,"Itron, Inc. - Common Stock",2026-08-04,2026-08-05
ITRN,active,listed_common_stock_with_current_price,NASDAQ,Ituran Location and Control Ltd. - Ordinary Shares,2026-08-04,2026-08-05
ITT,active,listed_common_stock_with_current_price,NYSE,ITT Inc. Common Stock,2026-08-04,2026-08-05
ITUB,inactive,non_common_stock:obvious_non_common_title,NYSE,Itau Unibanco Banco Holding SA American Depositary Shares (Each repstg 500 Preferred shares),2026-08-04,2026-08-05
ITW,active,listed_common_stock_with_current_price,NYSE,Illinois Tool Works Inc. Common Stock,2026-08-04,2026-08-05
IVA,active,listed_common_stock_with_current_price,NASDAQ,Inventiva S.A. - American Depository Shares,2026-08-04,2026-08-05
IVDA,active,listed_common_stock_with_current_price,NASDAQ,"Iveda Solutions, Inc. - Common Stock",2026-08-04,2026-08-05
IVDAW,inactive,non_common_stock:nasdaq_non_common_suffix,NASDAQ,"Iveda Solutions, Inc. - Warrant",2026-08-04,2026-08-05
IVF,active,listed_common_stock_with_current_price,NASDAQ,"INVO Fertility, Inc. - Common Stock",2026-08-04,2026-08-05
IVR,active,listed_common_stock_with_current_price,NYSE,INVESCO MORTGAGE CAPITAL INC Common Stock,2026-08-04,2026-08-05
IVT,active,listed_common_stock_with_current_price,NYSE,InvenTrust Properties Corp. Common Stock,2026-08-04,2026-08-05
IVVD,active,listed_common_stock_with_current_price,NASDAQ,"Invivyd, Inc. - Common Stock",2026-08-04,2026-08-05
IVZ,active,listed_common_stock_with_current_price,NYSE,Invesco Ltd Common Stock,2026-08-04,2026-08-05
IWFL,inactive,exchange_directory_etf,NYSE Arca,ETRACS 2x Leveraged US Growth Factor TR ETN,2026-08-04,2026-08-05
IWML,inactive,exchange_directory_etf,NYSE Arca,ETRACS 2x Leveraged US Size Factor TR ETN,2026-08-04,2026-08-05
IX,active,listed_common_stock_with_current_price,NYSE,ORIX Corporation American Depositary Shares,2026-08-04,2026-08-05
IXHL,active,listed_common_stock_with_current_price,NASDAQ,Incannex Healthcare Inc. - Common Stock,2026-08-04,2026-08-05
IZEA,active,listed_common_stock_with_current_price,NASDAQ,"IZEA Worldwide, Inc. - Common Stock",2026-08-04,2026-08-05
J,active,listed_common_stock_with_current_price,NYSE,Jacobs Solutions Inc. Common Stock,2026-08-04,2026-08-05
JACK,active,listed_common_stock_with_current_price,NASDAQ,Jack In The Box Inc. - Common Stock,2026-08-04,2026-08-05
JAGX,active,listed_common_stock_with_current_price,NASDAQ,"Jaguar Health, Inc. - Common Stock",2026-08-04,2026-08-05
JAKK,active,listed_common_stock_with_current_price,NASDAQ,"JAKKS Pacific, Inc. - Common Stock",2026-08-04,2026-08-05
JANX,active,listed_common_stock_with_current_price,NASDAQ,"Janux Therapeutics, Inc. - Common Stock",2026-08-04,2026-08-05
JAZZ,active,listed_common_stock_with_current_price,NASDAQ,Jazz Pharmaceuticals plc - Ordinary Shares,2026-08-04,2026-08-05
JBGS,active,listed_common_stock_with_current_price,NYSE,JBG SMITH Properties Common Shares,2026-08-04,2026-08-05
JBHT,active,listed_common_stock_with_current_price,NASDAQ,"J.B. Hunt Transport Services, Inc. - Common Stock",2026-08-04,2026-08-05
JBI,active,listed_common_stock_with_current_price,NYSE,"Janus International Group, Inc. Common Stock",2026-08-04,2026-08-05
JBIO,active,listed_common_stock_with_current_price,NASDAQ,"Jade Biosciences, Inc. - Common Stock",2026-08-04,2026-08-05
JBK,active,listed_common_stock_with_current_price,NYSE,Lehman ABS 3.50 3.50% Adjustable Corp Backed Tr Certs GS Cap I,2026-08-04,2026-08-05
JBL,active,listed_common_stock_with_current_price,NYSE,Jabil Inc. Common Stock,2026-08-04,2026-08-05
JBLU,active,listed_common_stock_with_current_price,NASDAQ,JetBlue Airways Corporation - Common Stock,2026-08-04,2026-08-05
JBSS,active,listed_common_stock_with_current_price,NASDAQ,"John B. Sanfilippo & Son, Inc. - Common Stock",2026-08-04,2026-08-05
JBTM,active,listed_common_stock_with_current_price,NYSE,JBT Marel Corporation Common Stock,2026-08-04,2026-08-05
JCAP,active,listed_common_stock_with_current_price,NASDAQ,"Jefferson Capital, Inc. - Common Stock",2026-08-04,2026-08-05
JCI,active,listed_common_stock_with_current_price,NYSE,Johnson Controls International plc Ordinary Share,2026-08-04,2026-08-05
JCSE,active,listed_common_stock_with_current_price,NASDAQ,JE Cleantech Holdings Limited - Ordinary Shares,2026-08-04,2026-08-05
JCTC,active,listed_common_stock_with_current_price,NASDAQ,Jewett-Cameron Trading Company - Common Shares,2026-08-04,2026-08-05
JD,active,listed_common_stock_with_current_price,NASDAQ,"JD.com, Inc. - American Depositary Shares",2026-08-04,2026-08-05
JEF,active,listed_common_stock_with_current_price,NYSE,Jefferies Financial Group Inc. Common Stock,2026-08-04,2026-08-05
JELD,active,listed_common_stock_with_current_price,NYSE,"JELD-WEN Holding, Inc. Common Stock",2026-08-04,2026-08-05
JF,active,listed_common_stock_with_current_price,NASDAQ,J and Friends Holdings Limited - American Depositary Shares,2026-08-04,2026-08-05
JFIN,active,listed_common_stock_with_current_price,NASDAQ,Jiayin Group Inc. - American Depositary Shares,2026-08-04,2026-08-05
JFU,active,listed_common_stock_with_current_price,NASDAQ,9F Inc. - American Depositary Shares,2026-08-04,2026-08-05
JG,active,listed_common_stock_with_current_price,NASDAQ,Aurora Mobile Limited - American Depositary Shares,2026-08-04,2026-08-05
JHG,inactive,not_in_current_exchange_directories,,,2026-07-02,2026-08-05
JHX,active,listed_common_stock_with_current_price,NYSE,James Hardie Industries plc. Ordinary Shares,2026-08-04,2026-08-05
JILL,active,listed_common_stock_with_current_price,NYSE,"J. Jill, Inc. Common Stock",2026-08-04,2026-08-05
JJSF,active,listed_common_stock_with_current_price,NASDAQ,J & J Snack Foods Corp. - Common Stock,2026-08-04,2026-08-05
JKHY,active,listed_common_stock_with_current_price,NASDAQ,"Jack Henry & Associates, Inc. - Common Stock",2026-08-04,2026-08-05
JKS,active,listed_common_stock_with_current_price,NYSE,JinkoSolar Holding Company Limited American Depositary Shares (each representing 4 Common Shares),2026-08-04,2026-08-05
JLL,active,listed_common_stock_with_current_price,NYSE,Jones Lang LaSalle Incorporated Common Stock,2026-08-04,2026-08-05
JMG,inactive,not_in_current_exchange_directories,,,2026-06-18,2026-08-05
JMIA,active,listed_common_stock_with_current_price,NYSE,"Jumia Technologies AG American Depositary Shares, each representing two Ordinary Shares",2026-08-04,2026-08-05
JMSB,active,listed_common_stock_with_current_price,NASDAQ,"John Marshall Bancorp, Inc. - Common Stock",2026-08-04,2026-08-05
JNJ,active,listed_common_stock_with_current_price,NYSE,Johnson & Johnson Common Stock,2026-08-04,2026-08-05
JOB,active,listed_common_stock_with_current_price,NYSE American,GEE Group Inc. Common Stock,2026-08-04,2026-08-05
JOBY,active,listed_common_stock_with_current_price,NYSE,"Joby Aviation, Inc. Common Stock",2026-08-04,2026-08-05
JOE,active,listed_common_stock_with_current_price,NYSE,St. Joe Company (The) Common Stock,2026-08-04,2026-08-05
JOUT,active,listed_common_stock_with_current_price,NASDAQ,Johnson Outdoors Inc. - Class A Common Stock,2026-08-04,2026-08-05
JOYY,active,listed_common_stock_with_current_price,NASDAQ,JOYY Inc. - American Depositary Shares,2026-08-04,2026-08-05
JPM,active,listed_common_stock_with_current_price,NYSE,JP Morgan Chase & Co. Common Stock,2026-08-04,2026-08-05
JRSH,active,listed_common_stock_with_current_price,NASDAQ,"Jerash Holdings (US), Inc. - Common Stock",2026-08-04,2026-08-05
JRVR,active,listed_common_stock_with_current_price,NASDAQ,"James River Group Holdings, Inc. - Common Stock",2026-08-04,2026-08-05
JSM,inactive,non_common_stock:obvious_non_common_title,NASDAQ,"Navient Corporation - 6% Senior Notes due December 15, 2043",2026-08-04,2026-08-05
JSPR,active,listed_common_stock_with_current_price,NASDAQ,"Jasper Therapeutics, Inc. - Class A Common Stock",2026-08-04,2026-08-05
JSPRW,inactive,non_common_stock:nasdaq_non_common_suffix,NASDAQ,"Jasper Therapeutics, Inc. - Warrant",2026-08-04,2026-08-05
JVA,active,listed_common_stock_with_current_price,NASDAQ,"Coffee Holding Co., Inc. - Common Stock",2026-08-04,2026-08-05
JWEL,active,listed_common_stock_with_current_price,NASDAQ,Jowell Global Ltd. - Ordinary Shares,2026-08-04,2026-08-05
JXG,active,listed_common_stock_with_current_price,NASDAQ,JX Luxventure Group Inc. - Common Stock,2026-08-04,2026-08-05
JXN,active,listed_common_stock_with_current_price,NYSE,Jackson Financial Inc. Class A Common Stock,2026-08-04,2026-08-05
JYNT,active,listed_common_stock_with_current_price,NASDAQ,The Joint Corp. - Common Stock,2026-08-04,2026-08-05
JZ,active,listed_common_stock_with_current_price,NASDAQ,Jianzhi Education Technology Group Company Limited - American Depositary Shares,2026-08-04,2026-08-05
JZXN,active,listed_common_stock_with_current_price,NASDAQ,"Jiuzi Holdings, Inc. - Ordinary Shares",2026-08-04,2026-08-05
KAI,active,listed_common_stock_with_current_price,NYSE,Kadant Inc Common Stock,2026-08-04,2026-08-05
KALA,active,listed_common_stock_with_current_price,NASDAQ,"KALA BIO, Inc. - Common Stock",2026-08-04,2026-08-05
KALU,active,listed_common_stock_with_current_price,NASDAQ,Kaiser Aluminum Corporation - Common Stock,2026-08-04,2026-08-05
KALV,inactive,not_in_current_exchange_directories,,,2026-06-12,2026-08-05
KARO,active,listed_common_stock_with_current_price,NASDAQ,Karooooo Ltd. - Ordinary shares,2026-08-04,2026-08-05
KB,active,listed_common_stock_with_current_price,NYSE,KB Financial Group Inc,2026-08-04,2026-08-05
KBH,active,listed_common_stock_with_current_price,NYSE,KB Home Common Stock,2026-08-04,2026-08-05
KBR,active,listed_common_stock_with_current_price,NYSE,"KBR, Inc. Common Stock",2026-08-04,2026-08-05
KC,active,listed_common_stock_with_current_price,NASDAQ,Kingsoft Cloud Holdings Limited - American Depositary Shares,2026-08-04,2026-08-05
KD,active,listed_common_stock_with_current_price,NYSE,"Kyndryl Holdings, Inc. Common Stock",2026-08-04,2026-08-05
KDP,active,listed_common_stock_with_current_price,NASDAQ,Keurig Dr Pepper Inc. - Common Stock,2026-08-04,2026-08-05
KE,active,listed_common_stock_with_current_price,NASDAQ,"Kimball Electronics, Inc. - Common Stock",2026-08-04,2026-08-05
KELYA,active,listed_common_stock_with_current_price,NASDAQ,"Kelly Services, Inc. - Class A Common Stock",2026-08-04,2026-08-05
KELYB,active,listed_common_stock_with_current_price,NASDAQ,"Kelly Services, Inc. - Class B Common Stock",2026-08-04,2026-08-05
KEN,active,listed_common_stock_with_current_price,NYSE,Kenon Holdings Ltd. Ordinary Shares,2026-08-04,2026-08-05
KEP,active,listed_common_stock_with_current_price,NYSE,Korea Electric Power Corporation Common Stock,2026-08-04,2026-08-05
KEQU,active,listed_common_stock_with_current_price,NASDAQ,Kewaunee Scientific Corporation - Common Stock,2026-08-04,2026-08-05
KEX,active,listed_common_stock_with_current_price,NYSE,Kirby Corporation Common Stock,2026-08-04,2026-08-05
KEY,active,listed_common_stock_with_current_price,NYSE,KeyCorp Common Stock,2026-08-04,2026-08-05
KEYS,active,listed_common_stock_with_current_price,NYSE,Keysight Technologies Inc. Common Stock,2026-08-04,2026-08-05
KFFB,active,listed_common_stock_with_current_price,NASDAQ,Kentucky First Federal Bancorp - Common Stock,2026-08-04,2026-08-05
KFRC,active,listed_common_stock_with_current_price,NYSE,"Kforce, Inc. Common Stock",2026-08-04,2026-08-05
KFS,inactive,not_in_current_exchange_directories,,,2026-07-17,2026-08-05
KFY,active,listed_common_stock_with_current_price,NYSE,Korn Ferry Common Stock,2026-08-04,2026-08-05
KG,active,listed_common_stock_with_current_price,NASDAQ,"Kestrel Group, Ltd. - Common Stock",2026-08-04,2026-08-05
KGC,active,listed_common_stock_with_current_price,NYSE,Kinross Gold Corporation Common Stock,2026-08-04,2026-08-05
KGEI,active,listed_common_stock_with_current_price,NASDAQ,Kolibri Global Energy Inc. - Common stock,2026-08-04,2026-08-05
KHC,active,listed_common_stock_with_current_price,NASDAQ,The Kraft Heinz Company - Common Stock,2026-08-04,2026-08-05
KIDS,active,listed_common_stock_with_current_price,NASDAQ,OrthoPediatrics Corp. - Common Stock,2026-08-04,2026-08-05
KIM,active,listed_common_stock_with_current_price,NYSE,Kimco Realty Corporation (HC) Common Stock,2026-08-04,2026-08-05
KINS,active,listed_common_stock_with_current_price,NASDAQ,"Kingstone Companies, Inc - Common Stock",2026-08-04,2026-08-05
KITT,active,listed_common_stock_with_current_price,NASDAQ,"Nauticus Robotics, Inc. - Common stock",2026-08-04,2026-08-05
KITTW,inactive,non_common_stock:nasdaq_non_common_suffix,NASDAQ,"Nauticus Robotics, Inc. - Warrant",2026-08-04,2026-08-05
KKR,active,listed_common_stock_with_current_price,NYSE,KKR & Co. Inc. Common Stock,2026-08-04,2026-08-05
KKRS,inactive,non_common_stock:obvious_non_common_title,NYSE,KKR Group Finance Co. IX LLC 4.625% Subordinated Notes due 2061,2026-08-04,2026-08-05
KLAC,active,listed_common_stock_with_current_price,NASDAQ,KLA Corporation  - Common Stock,2026-08-04,2026-08-05
KLIC,active,listed_common_stock_with_current_price,NASDAQ,"Kulicke and Soffa Industries, Inc. - Common Stock",2026-08-04,2026-08-05
KLRS,active,listed_common_stock_with_current_price,NASDAQ,"Kalaris Therapeutics, Inc.  - Common Stock",2026-08-04,2026-08-05
KLTR,active,listed_common_stock_with_current_price,NASDAQ,"Kaltura, Inc. - Common Stock",2026-08-04,2026-08-05
KLXE,active,listed_common_stock_with_current_price,NASDAQ,"KLX Energy Services Holdings, Inc.  - Common Stock",2026-08-04,2026-08-05
KMB,active,listed_common_stock_with_current_price,NASDAQ,Kimberly-Clark Corporation - Common Stock,2026-08-04,2026-08-05
KMDA,active,listed_common_stock_with_current_price,NASDAQ,Kamada Ltd. - Ordinary Shares,2026-08-04,2026-08-05
KMI,active,listed_common_stock_with_current_price,NYSE,"Kinder Morgan, Inc. Common Stock",2026-08-04,2026-08-05
KMPB,inactive,non_common_stock:obvious_non_common_title,NYSE,Kemper Corporation 5.875% Fixed-Rate Reset Junior Subordinated Debentures due 2062,2026-08-04,2026-08-05
KMPR,active,listed_common_stock_with_current_price,NYSE,Kemper Corporation,2026-08-04,2026-08-05
KMT,active,listed_common_stock_with_current_price,NYSE,Kennametal Inc. Common Stock,2026-08-04,2026-08-05
KMX,active,listed_common_stock_with_current_price,NYSE,CarMax Inc,2026-08-04,2026-08-05
KN,active,listed_common_stock_with_current_price,NYSE,Knowles Corporation Common Stock,2026-08-04,2026-08-05
KNDI,active,listed_common_stock_with_current_price,NASDAQ,"Kandi Technologies Group, Inc. - Ordinary Shares",2026-08-04,2026-08-05
KNOP,inactive,non_common_stock:obvious_non_common_title,NYSE,KNOT Offshore Partners LP Common Units representing Limited Partner Interests,2026-08-04,2026-08-05
KNSA,active,listed_common_stock_with_current_price,NASDAQ,"Kiniksa Pharmaceuticals International, plc - Class A Ordinary Shares",2026-08-04,2026-08-05
KNSL,active,listed_common_stock_with_current_price,NYSE,"Kinsale Capital Group, Inc. Common Stock",2026-08-04,2026-08-05
KNTK,active,listed_common_stock_with_current_price,NYSE,Kinetik Holdings Inc. Class A Common Stock,2026-08-04,2026-08-05
KNX,active,listed_common_stock_with_current_price,NYSE,Knight-Swift Transportation Holdings Inc.,2026-08-04,2026-08-05
KO,active,listed_common_stock_with_current_price,NYSE,Coca-Cola Company (The) Common Stock,2026-08-04,2026-08-05
KOD,active,listed_common_stock_with_current_price,NASDAQ,Kodiak Sciences Inc - Common Stock,2026-08-04,2026-08-05
KODK,active,listed_common_stock_with_current_price,NYSE,Eastman Kodak Company Common New,2026-08-04,2026-08-05
KOF,inactive,non_common_stock:obvious_non_common_title,NYSE,"Coca Cola Femsa S.A.B. de C.V.  American Depositary Shares, each representing 10 Units (each Unit consists of 3 Series B Shares and 5 Series L Shares)",2026-08-04,2026-08-05
KOP,active,listed_common_stock_with_current_price,NYSE,Koppers Holdings Inc. Common Stock,2026-08-04,2026-08-05
KOPN,active,listed_common_stock_with_current_price,NASDAQ,Kopin Corporation - Common Stock,2026-08-04,2026-08-05
KORE,inactive,not_in_current_exchange_directories,,,2026-07-17,2026-08-05
KOS,active,listed_common_stock_with_current_price,NYSE,Kosmos Energy Ltd. Common Shares (DE),2026-08-04,2026-08-05
KOSS,active,listed_common_stock_with_current_price,NASDAQ,Koss Corporation - Common Stock,2026-08-04,2026-08-05
KPLT,active,listed_common_stock_with_current_price,NASDAQ,"Katapult Holdings, Inc. - Common Stock",2026-08-04,2026-08-05
KPLTW,inactive,not_in_current_exchange_directories,,,2026-06-17,2026-08-05
KPRX,active,listed_common_stock_with_current_price,NASDAQ,"Kiora Pharmaceuticals, Inc.  - Common Stock",2026-08-04,2026-08-05
KPTI,active,listed_common_stock_with_current_price,NASDAQ,Karyopharm Therapeutics Inc. - Common Stock,2026-08-04,2026-08-05
KR,active,listed_common_stock_with_current_price,NYSE,Kroger Company (The) Common Stock,2026-08-04,2026-08-05
KRC,active,listed_common_stock_with_current_price,NYSE,Kilroy Realty Corporation Common Stock,2026-08-04,2026-08-05
KREF,active,listed_common_stock_with_current_price,NYSE,KKR Real Estate Finance Trust Inc. Common Stock,2026-08-04,2026-08-05
KRG,active,listed_common_stock_with_current_price,NYSE,Kite Realty Group Trust Common Stock,2026-08-04,2026-08-05
KRKR,active,listed_common_stock_with_current_price,NASDAQ,36Kr Holdings Inc. - American Depositary Shares,2026-08-04,2026-08-05
KRMD,active,listed_common_stock_with_current_price,NASDAQ,"KORU Medical Systems, Inc. - Common Stock",2026-08-04,2026-08-05
KRNT,active,listed_common_stock_with_current_price,NASDAQ,Kornit Digital Ltd. - Ordinary Shares,2026-08-04,2026-08-05
KRNY,active,listed_common_stock_with_current_price,NASDAQ,Kearny Financial - Common Stock,2026-08-04,2026-08-05
KRO,active,listed_common_stock_with_current_price,NYSE,Kronos Worldwide Inc Common Stock,2026-08-04,2026-08-05
KROS,active,listed_common_stock_with_current_price,NASDAQ,"Keros Therapeutics, Inc. - common stock",2026-08-04,2026-08-05
KRP,inactive,non_common_stock:obvious_non_common_title,NYSE,Kimbell Royalty Partners Common Units Representing Limited Partner Interests,2026-08-04,2026-08-05
KRT,active,listed_common_stock_with_current_price,NASDAQ,Karat Packaging Inc. - Common Stock,2026-08-04,2026-08-05
KRUS,active,listed_common_stock_with_current_price,NASDAQ,"Kura Sushi USA, Inc. - Class A Common Stock",2026-08-04,2026-08-05
KRYS,active,listed_common_stock_with_current_price,NASDAQ,"Krystal Biotech, Inc. - Common Stock",2026-08-04,2026-08-05
KSCP,active,listed_common_stock_with_current_price,NASDAQ,"Knightscope, Inc. - Class A Common Stock",2026-08-04,2026-08-05
KSS,active,listed_common_stock_with_current_price,NYSE,Kohl's Corporation Common Stock,2026-08-04,2026-08-05
KT,active,listed_common_stock_with_current_price,NYSE,KT Corporation Common Stock,2026-08-04,2026-08-05
KTB,active,listed_common_stock_with_current_price,NYSE,"Kontoor Brands, Inc. Common Stock",2026-08-04,2026-08-05
KTCC,active,listed_common_stock_with_current_price,NASDAQ,Key Tronic Corporation - Common Stock,2026-08-04,2026-08-05
KTH,inactive,non_common_stock:obvious_non_common_title,NYSE,Structures Products Cp 8% CorTS Issued by Peco Energy Cap Tr II Preferred Stock,2026-08-04,2026-08-05
KTN,active,listed_common_stock_with_current_price,NYSE,Structured Products Corp 8.205% CorTS 8.205% Corporate Backed Trust Securities (CorTS),2026-08-04,2026-08-05
KTOS,active,listed_common_stock_with_current_price,NASDAQ,"Kratos Defense & Security Solutions, Inc. - Common Stock",2026-08-04,2026-08-05
KTTA,active,listed_common_stock_with_current_price,NASDAQ,Pasithea Therapeutics Corp. - Common Stock,2026-08-04,2026-08-05
KTTAW,inactive,non_common_stock:nasdaq_non_common_suffix,NASDAQ,Pasithea Therapeutics Corp. - Warrant,2026-07-17,2026-08-05
KTWO,active,listed_common_stock_with_current_price,NASDAQ,K2 Capital Acquisition Corporation - Class A Ordinary Share,2026-08-04,2026-08-05
KULR,active,listed_common_stock_with_current_price,NYSE American,"KULR Technology Group, Inc. Common Stock",2026-08-04,2026-08-05
KURA,active,listed_common_stock_with_current_price,NASDAQ,"Kura Oncology, Inc. - Common Stock",2026-08-04,2026-08-05
KVHI,active,listed_common_stock_with_current_price,NASDAQ,"KVH Industries, Inc. - Common Stock",2026-08-04,2026-08-05
KW,inactive,not_in_current_exchange_directories,,,2026-06-15,2026-08-05
KWR,active,listed_common_stock_with_current_price,NYSE,Quaker Houghton Common Stock,2026-08-04,2026-08-05
KXIN,active,listed_common_stock_with_current_price,NASDAQ,Kaixin Holdings - Ordinary Shares,2026-08-04,2026-08-05
KYMR,active,listed_common_stock_with_current_price,NASDAQ,"Kymera Therapeutics, Inc. - Common Stock",2026-08-04,2026-08-05
KYNB,active,listed_common_stock_with_current_price,NASDAQ,"Kyntra Bio, Inc. - Common Stock",2026-08-04,2026-08-05
KZIA,active,listed_common_stock_with_current_price,NASDAQ,Kazia Therapeutics Limited - American Depositary Shares,2026-08-04,2026-08-05
KZR,inactive,not_in_current_exchange_directories,,,2026-05-11,2026-08-05
L,active,listed_common_stock_with_current_price,NYSE,Loews Corporation Common Stock,2026-08-04,2026-08-05
LAB,active,listed_common_stock_with_current_price,NASDAQ,Standard BioTools Inc. - Common Stock,2026-08-04,2026-08-05
LAC,active,listed_common_stock_with_current_price,NYSE,Lithium Americas Corp. Common Shares,2026-08-04,2026-08-05
LAD,active,listed_common_stock_with_current_price,NYSE,"Lithia Motors, Inc. Common Stock",2026-08-04,2026-08-05
LADR,active,listed_common_stock_with_current_price,NYSE,Ladder Capital Corp Class A Common Stock,2026-08-04,2026-08-05
LAKE,active,listed_common_stock_with_current_price,NASDAQ,"Lakeland Industries, Inc. - Common Stock",2026-08-04,2026-08-05
LAMR,active,listed_common_stock_with_current_price,NASDAQ,Lamar Advertising Company - Class A Common Stock,2026-08-04,2026-08-05
LAND,active,listed_common_stock_with_current_price,NASDAQ,Gladstone Land Corporation - Common Stock,2026-08-04,2026-08-05
LANDO,inactive,non_common_stock:obvious_non_common_title,NASDAQ,Gladstone Land Corporation - 6.00% Series B Cumulative Redeemable Preferred Stock,2026-08-04,2026-08-05
LANDP,inactive,non_common_stock:nasdaq_non_common_suffix,NASDAQ,Gladstone Land Corporation - 6.00% Series C Cumulative Redeemable Preferred Stock,2026-08-04,2026-08-05
LANV,active,listed_common_stock_with_current_price,NYSE,Lanvin Group Holdings Limited Ordinary Shares,2026-08-04,2026-08-05
LARK,active,listed_common_stock_with_current_price,NASDAQ,Landmark Bancorp Inc. - Common Stock,2026-08-04,2026-08-05
LASE,active,listed_common_stock_with_current_price,NASDAQ,Laser Photonics Corporation - Common Stock,2026-08-04,2026-08-05
LASR,active,listed_common_stock_with_current_price,NASDAQ,"nLIGHT, Inc. - Common Stock",2026-08-04,2026-08-05
LAUR,active,listed_common_stock_with_current_price,NASDAQ,"Laureate Education, Inc. - Common Stock",2026-08-04,2026-08-05
LAW,active,listed_common_stock_with_current_price,NYSE,"CS Disco, Inc. Common Stock",2026-08-04,2026-08-05
LAZ,active,listed_common_stock_with_current_price,NYSE,"Lazard, Inc. Common Stock",2026-08-04,2026-08-05
LBRDA,active,listed_common_stock_with_current_price,NASDAQ,Liberty Broadband Corporation - Class A Common Stock,2026-08-04,2026-08-05
LBRDK,active,listed_common_stock_with_current_price,NASDAQ,Liberty Broadband Corporation - Class C Common Stock,2026-08-04,2026-08-05
LBRDP,inactive,non_common_stock:nasdaq_non_common_suffix,NASDAQ,Liberty Broadband Corporation - Series A Cumulative Redeemable Preferred Stock,2026-08-04,2026-08-05
LBRT,active,listed_common_stock_with_current_price,NYSE,Liberty Energy Inc. Class A common stock,2026-08-04,2026-08-05
LBTYA,active,listed_common_stock_with_current_price,NASDAQ,Liberty Global Ltd. - Class A Common Shares,2026-08-04,2026-08-05
LBTYB,active,listed_common_stock_with_current_price,NASDAQ,Liberty Global Ltd. - Class B Common Shares,2026-08-04,2026-08-05
LBTYK,active,listed_common_stock_with_current_price,NASDAQ,Liberty Global Ltd. - Class C Common Shares,2026-08-04,2026-08-05
LC,inactive,not_in_current_exchange_directories,,,2026-08-04,2026-08-05
LCFY,active,listed_common_stock_with_current_price,NASDAQ,Locafy Limited - Ordinary Share,2026-08-04,2026-08-05
LCFYW,inactive,non_common_stock:nasdaq_non_common_suffix,NASDAQ,Locafy Limited - Warrant,2026-07-17,2026-08-05
LCID,active,listed_common_stock_with_current_price,NASDAQ,"Lucid Group, Inc. - Common Stock",2026-08-04,2026-08-05
LCII,active,listed_common_stock_with_current_price,NYSE,LCI Industries,2026-08-04,2026-08-05
LCNB,active,listed_common_stock_with_current_price,NASDAQ,LCNB Corporation - Common Stock,2026-08-04,2026-08-05
LCTX,active,listed_common_stock_with_current_price,NYSE American,"Lineage Cell Therapeutics, Inc. Common Stock",2026-08-04,2026-08-05
LCUT,active,listed_common_stock_with_current_price,NASDAQ,"Lifetime Brands, Inc. - Common Stock",2026-08-04,2026-08-05
LDI,active,listed_common_stock_with_current_price,NYSE,"loanDepot, Inc. Class A Common Stock",2026-08-04,2026-08-05
LDOS,active,listed_common_stock_with_current_price,NYSE,"Leidos Holdings, Inc. Common Stock",2026-08-04,2026-08-05
LE,active,listed_common_stock_with_current_price,NASDAQ,"Lands' End, Inc. - Common Stock",2026-08-04,2026-08-05
LEA,active,listed_common_stock_with_current_price,NYSE,Lear Corporation Common Stock,2026-08-04,2026-08-05
LECO,active,listed_common_stock_with_current_price,NASDAQ,"Lincoln Electric Holdings, Inc. - Common Shares",2026-08-04,2026-08-05
LEDS,active,listed_common_stock_with_current_price,NASDAQ,SemiLEDS Corporation - Common Stock,2026-08-04,2026-08-05
LEE,active,listed_common_stock_with_current_price,NASDAQ,"Lee Enterprises, Incorporated - Common Stock",2026-08-04,2026-08-05
LEG,active,listed_common_stock_with_current_price,NYSE,"Leggett & Platt, Incorporated Common Stock",2026-08-04,2026-08-05
LEGH,active,listed_common_stock_with_current_price,NASDAQ,Legacy Housing Corporation - Common Stock,2026-08-04,2026-08-05
LEGN,active,listed_common_stock_with_current_price,NASDAQ,Legend Biotech Corporation - American Depositary Shares,2026-08-04,2026-08-05
LEN,active,listed_common_stock_with_current_price,NYSE,Lennar Corporation Class A Common Stock,2026-08-04,2026-08-05
LEN-B,active,listed_common_stock_with_current_price,NYSE,Lennar Corporation Class B,2026-08-04,2026-08-05
LENZ,active,listed_common_stock_with_current_price,NASDAQ,"LENZ Therapeutics, Inc. - Common Stock",2026-08-04,2026-08-05
LESL,active,listed_common_stock_with_current_price,NASDAQ,"Leslie's, Inc. - Common Stock",2026-08-04,2026-08-05
LEU,active,listed_common_stock_with_current_price,NYSE,Centrus Energy Corp. Class A Common Stock,2026-08-04,2026-08-05
LEVI,active,listed_common_stock_with_current_price,NYSE,Levi Strauss & Co Class A Common Stock,2026-08-04,2026-08-05
LEXX,active,listed_common_stock_with_current_price,NASDAQ,Lexaria Bioscience Corp. - Common Stock,2026-08-04,2026-08-05
LFCR,active,listed_common_stock_with_current_price,NASDAQ,"Lifecore Biomedical, Inc. - Common Stock",2026-08-04,2026-08-05
LFMD,active,listed_common_stock_with_current_price,NASDAQ,"LifeMD, Inc. - Common Stock",2026-08-04,2026-08-05
LFMDP,inactive,non_common_stock:nasdaq_non_common_suffix,NASDAQ,"LifeMD, Inc. - 8.875% Series A Cumulative Perpetual Preferred Stock",2026-08-04,2026-08-05
LFST,active,listed_common_stock_with_current_price,NASDAQ,"LifeStance Health Group, Inc. - Common Stock",2026-08-04,2026-08-05
LFT,active,listed_common_stock_with_current_price,NYSE,"Lument Finance Trust, Inc. Common Stock",2026-08-04,2026-08-05
LFUS,active,listed_common_stock_with_current_price,NASDAQ,"Littelfuse, Inc. - Common Stock",2026-08-04,2026-08-05
LFVN,active,listed_common_stock_with_current_price,NASDAQ,Lifevantage Corporation - Common Stock,2026-08-04,2026-08-05
LFWD,active,listed_common_stock_with_current_price,NASDAQ,Lifeward Ltd. - Ordinary Shares,2026-08-04,2026-08-05
LGCY,active,listed_common_stock_with_current_price,NYSE American,Legacy Education Inc. Common Stock,2026-08-04,2026-08-05
LGHL,active,listed_common_stock_with_current_price,NASDAQ,Lion Group Holding Ltd. - American Depositary Share,2026-08-04,2026-08-05
LGIH,active,listed_common_stock_with_current_price,NASDAQ,"LGI Homes, Inc. - Common Stock",2026-08-04,2026-08-05
LGL,active,listed_common_stock_with_current_price,NYSE American,"LGL Group, Inc. (The) Common Stock",2026-08-04,2026-08-05
LGND,active,listed_common_stock_with_current_price,NASDAQ,Ligand Pharmaceuticals Incorporated - Common Stock,2026-08-04,2026-08-05
LGO,active,listed_common_stock_with_current_price,NASDAQ,Largo Inc. - Common Shares,2026-08-04,2026-08-05
LGVN,active,listed_common_stock_with_current_price,NASDAQ,Longeveron Inc. - Class A Common stock,2026-08-04,2026-08-05
LH,active,listed_common_stock_with_current_price,NYSE,Labcorp Holdings Inc. Common Stock,2026-08-04,2026-08-05
LHX,active,listed_common_stock_with_current_price,NYSE,"L3Harris Technologies, Inc. Common Stock",2026-08-04,2026-08-05
LI,active,listed_common_stock_with_current_price,NASDAQ,Li Auto Inc. - American Depositary Shares,2026-08-04,2026-08-05
LIDR,active,listed_common_stock_with_current_price,NASDAQ,"AEye, Inc. - Class A Common Stock",2026-08-04,2026-08-05
LIDRW,inactive,non_common_stock:nasdaq_non_common_suffix,NASDAQ,"AEye, Inc. - Warrant",2026-08-04,2026-08-05
LIEN,active,listed_common_stock_with_current_price,NASDAQ,"Chicago Atlantic BDC, Inc. - Common Stock",2026-08-04,2026-08-05
LII,active,listed_common_stock_with_current_price,NYSE,"Lennox International, Inc. Common Stock",2026-08-04,2026-08-05
LILA,active,listed_common_stock_with_current_price,NASDAQ,Liberty Latin America Ltd. - Class A Common Stock,2026-08-04,2026-08-05
LILAK,active,listed_common_stock_with_current_price,NASDAQ,Liberty Latin America Ltd. - Class C Common Stock,2026-08-04,2026-08-05
LIN,active,listed_common_stock_with_current_price,NASDAQ,Linde plc - Ordinary Shares,2026-08-04,2026-08-05
LINC,active,listed_common_stock_with_current_price,NASDAQ,Lincoln Educational Services Corporation - Common Stock,2026-08-04,2026-08-05
LIND,active,listed_common_stock_with_current_price,NASDAQ,Lindblad Expeditions Holdings Inc.  - Common Stock,2026-08-04,2026-08-05
LINK,active,listed_common_stock_with_current_price,NASDAQ,"Interlink Electronics, Inc. - Common Stock",2026-08-04,2026-08-05
LION,active,listed_common_stock_with_current_price,NYSE,Lionsgate Studios Corp Common Shares,2026-08-04,2026-08-05
LIQT,active,listed_common_stock_with_current_price,NASDAQ,"LiqTech International, Inc. - Common Stock",2026-08-04,2026-08-05
LITB,active,listed_common_stock_with_current_price,NYSE,"LightInTheBox Holding Co., Ltd. American Depositary Shares, each representing twelve ordinary shares",2026-08-04,2026-08-05
LITE,active,listed_common_stock_with_current_price,NASDAQ,Lumentum Holdings Inc. - Common Stock,2026-08-04,2026-08-05
LITS,active,listed_common_stock_with_current_price,NASDAQ,"Lite Strategy, Inc. - Common Stock",2026-08-04,2026-08-05
LIVE,active,listed_common_stock_with_current_price,NASDAQ,Live Ventures Incorporated - Common Stock,2026-08-04,2026-08-05
LIVN,active,listed_common_stock_with_current_price,NASDAQ,LivaNova PLC - Ordinary Shares,2026-08-04,2026-08-05
LIXT,inactive,not_in_current_exchange_directories,,,2026-08-04,2026-08-05
LKFN,active,listed_common_stock_with_current_price,NASDAQ,Lakeland Financial Corporation - Common Stock,2026-08-04,2026-08-05
LKQ,active,listed_common_stock_with_current_price,NASDAQ,LKQ Corporation - Common Stock,2026-08-04,2026-08-05
LLY,active,listed_common_stock_with_current_price,NYSE,Eli Lilly and Company Common Stock,2026-08-04,2026-08-05
LMAT,active,listed_common_stock_with_current_price,NASDAQ,"LeMaitre Vascular, Inc. - Common Stock",2026-08-04,2026-08-05
LMB,active,listed_common_stock_with_current_price,NASDAQ,"Limbach Holdings, Inc. - Common Stock",2026-08-04,2026-08-05
LMFA,inactive,not_in_current_exchange_directories,,,2026-07-29,2026-08-05
LMND,active,listed_common_stock_with_current_price,NYSE,"Lemonade, Inc. Common Stock",2026-08-04,2026-08-05
LMNR,active,listed_common_stock_with_current_price,NASDAQ,Limoneira Co - Common Stock,2026-08-04,2026-08-05
LMT,active,listed_common_stock_with_current_price,NYSE,Lockheed Martin Corporation Common Stock,2026-08-04,2026-08-05
LNAI,active,listed_common_stock_with_current_price,NASDAQ,Lunai Bioworks Inc. - Common Stock,2026-08-04,2026-08-05
LNC,active,listed_common_stock_with_current_price,NYSE,Lincoln National Corporation Common Stock,2026-08-04,2026-08-05
LND,active,listed_common_stock_with_current_price,NYSE,Brasilagro Brazilian Agric Real Estate Co Sponsored ADR (Brazil),2026-08-04,2026-08-05
LNG,active,listed_common_stock_with_current_price,NYSE,"Cheniere Energy, Inc. Common Stock",2026-08-04,2026-08-05
LNKB,inactive,not_in_current_exchange_directories,,,2026-05-04,2026-08-05
LNN,active,listed_common_stock_with_current_price,NYSE,Lindsay Corporation Common Stock,2026-08-04,2026-08-05
LNSR,active,listed_common_stock_with_current_price,NASDAQ,"LENSAR, Inc. - Common Stock",2026-08-04,2026-08-05
LNT,active,listed_common_stock_with_current_price,NASDAQ,Alliant Energy Corporation - Common Stock,2026-08-04,2026-08-05
LNTH,active,listed_common_stock_with_current_price,NASDAQ,"Lantheus Holdings, Inc. - Common Stock",2026-08-04,2026-08-05
LNZA,active,listed_common_stock_with_current_price,NASDAQ,"LanzaTech Global, Inc. - Common Stock",2026-08-04,2026-08-05
LOAN,active,listed_common_stock_with_current_price,NASDAQ,"Manhattan Bridge Capital, Inc - Common Stock",2026-08-04,2026-08-05
LOB,active,listed_common_stock_with_current_price,NYSE,"Live Oak Bancshares, Inc. Common Stock",2026-08-04,2026-08-05
LOCL,active,listed_common_stock_with_current_price,NYSE,Local Bounti Corporation Common Stock,2026-08-04,2026-08-05
LOCO,active,listed_common_stock_with_current_price,NASDAQ,"El Pollo Loco Holdings, Inc. - Common Stock",2026-08-04,2026-08-05
LODE,active,listed_common_stock_with_current_price,NYSE American,Comstock Inc. Common Stock,2026-08-04,2026-08-05
LOGC,inactive,not_in_current_exchange_directories,,,2026-08-04,2026-08-05
LOGI,active,listed_common_stock_with_current_price,NASDAQ,Logitech International S.A. - Registered Shares,2026-08-04,2026-08-05
LOMA,active,listed_common_stock_with_current_price,NYSE,Loma Negra Compania Industrial Argentina Sociedad Anonima ADS,2026-08-04,2026-08-05
LONA,active,listed_common_stock_with_current_price,NASDAQ,"LeonaBio, Inc. - Common Stock",2026-08-04,2026-08-05
LOOP,active,listed_common_stock_with_current_price,NASDAQ,"Loop Industries, Inc. - Common Stock",2026-08-04,2026-08-05
LOPE,active,listed_common_stock_with_current_price,NASDAQ,"Grand Canyon Education, Inc. - Common Stock",2026-08-04,2026-08-05
LOVE,active,listed_common_stock_with_current_price,NASDAQ,The Lovesac Company - Common Stock,2026-08-04,2026-08-05
LOW,active,listed_common_stock_with_current_price,NYSE,"Lowe's Companies, Inc. Common Stock",2026-08-04,2026-08-05
LPCN,active,listed_common_stock_with_current_price,NASDAQ,Lipocine Inc. - Common Stock,2026-08-04,2026-08-05
LPG,active,listed_common_stock_with_current_price,NYSE,Dorian LPG Ltd. Common Stock,2026-08-04,2026-08-05
LPL,active,listed_common_stock_with_current_price,NYSE,"LG Display Co, Ltd AMERICAN DEPOSITORY SHARES",2026-08-04,2026-08-05
LPLA,active,listed_common_stock_with_current_price,NASDAQ,LPL Financial Holdings Inc. - Common Stock,2026-08-04,2026-08-05
LPRO,inactive,not_in_current_exchange_directories,,,2026-08-03,2026-08-05
LPSN,active,listed_common_stock_with_current_price,NASDAQ,"LivePerson, Inc. - Common Stock",2026-08-04,2026-08-05
LPTH,active,listed_common_stock_with_current_price,NASDAQ,"LightPath Technologies, Inc. - Class A Common Stock",2026-08-04,2026-08-05
LPX,active,listed_common_stock_with_current_price,NYSE,Louisiana-Pacific Corporation Common Stock,2026-08-04,2026-08-05
LQDA,active,listed_common_stock_with_current_price,NASDAQ,Liquidia Corporation - Common Stock,2026-08-04,2026-08-05
LQDT,active,listed_common_stock_with_current_price,NASDAQ,"Liquidity Services, Inc. - Common Stock",2026-08-04,2026-08-05
LRCX,active,listed_common_stock_with_current_price,NASDAQ,Lam Research Corporation - Common Stock,2026-08-04,2026-08-05
LRE,active,listed_common_stock_with_current_price,NASDAQ,"Lead Real Estate Co., Ltd - American Depositary Shares",2026-08-04,2026-08-05
LRMR,active,listed_common_stock_with_current_price,NASDAQ,"Larimar Therapeutics, Inc. - Common Stock",2026-08-04,2026-08-05
LRN,active,listed_common_stock_with_current_price,NYSE,"Stride, Inc. Common Stock",2026-08-04,2026-08-05
LSAK,active,listed_common_stock_with_current_price,NASDAQ,"Lesaka Technologies, Inc. - Common Stock",2026-08-04,2026-08-05
LSBK,active,listed_common_stock_with_current_price,NASDAQ,"Lake Shore Bancorp, Inc. - Common Stock",2026-08-04,2026-08-05
LSCC,active,listed_common_stock_with_current_price,NASDAQ,Lattice Semiconductor Corporation - Common Stock,2026-08-04,2026-08-05
LSE,active,listed_common_stock_with_current_price,NASDAQ,"Leishen Energy Holding Co., Ltd. - Class A Ordinary Shares",2026-08-04,2026-08-05
LSF,active,listed_common_stock_with_current_price,NYSE American,"Laird Superfood, Inc. Common Stock",2026-08-04,2026-08-05
LSPD,active,listed_common_stock_with_current_price,NYSE,Lightspeed Commerce Inc. Subordinate Voting Shares,2026-08-04,2026-08-05
LSTA,active,listed_common_stock_with_current_price,NASDAQ,"Lisata Therapeutics, Inc. - Common Stock",2026-08-04,2026-08-05
LSTR,active,listed_common_stock_with_current_price,NASDAQ,"Landstar System, Inc. - Common Stock",2026-08-04,2026-08-05
LTBR,active,listed_common_stock_with_current_price,NASDAQ,Lightbridge Corporation - Common Stock,2026-08-04,2026-08-05
LTC,active,listed_common_stock_with_current_price,NYSE,"LTC Properties, Inc. Common Stock",2026-08-04,2026-08-05
LTH,active,listed_common_stock_with_current_price,NYSE,"Life Time Group Holdings, Inc. Common Stock",2026-08-04,2026-08-05
LTM,active,listed_common_stock_with_current_price,NYSE,"LATAM Airlines Group S.A. American Depositary Shares (each representing two thousand (2,000) shares of Common Stock)",2026-08-04,2026-08-05
LTRN,active,listed_common_stock_with_current_price,NASDAQ,Lantern Pharma Inc. - Common Stock,2026-08-04,2026-08-05
LTRX,active,listed_common_stock_with_current_price,NASDAQ,"Lantronix, Inc. - Common Stock",2026-08-04,2026-08-05
LTRYW,inactive,non_common_stock:nasdaq_non_common_suffix,NASDAQ,Sports Entertainment Gaming Global Corporation  - Warrant,2026-08-04,2026-08-05
LU,active,listed_common_stock_with_current_price,NYSE,"Lufax Holding Ltd American Depositary Shares, each representing two (2) Ordinary Shares",2026-08-04,2026-08-05
LUCD,active,listed_common_stock_with_current_price,NASDAQ,Lucid Diagnostics Inc. - Common Stock,2026-08-04,2026-08-05
LUCK,active,listed_common_stock_with_current_price,NYSE,Lucky Strike Entertainment Corporation Class A Common Stock,2026-08-04,2026-08-05
LUCY,active,listed_common_stock_with_current_price,NASDAQ,"Innovative Eyewear, Inc. - Common Stock",2026-08-04,2026-08-05
LUCYW,inactive,non_common_stock:nasdaq_non_common_suffix,NASDAQ,"Innovative Eyewear, Inc. - Warrants",2026-08-04,2026-08-05
LULU,active,listed_common_stock_with_current_price,NASDAQ,lululemon athletica inc. - Common Stock,2026-08-04,2026-08-05
LUMN,active,listed_common_stock_with_current_price,NYSE,"Lumen Technologies, Inc. Common Stock",2026-08-04,2026-08-05
LUNG,active,listed_common_stock_with_current_price,NASDAQ,Pulmonx Corporation - Common Stock,2026-08-04,2026-08-05
LUNR,active,listed_common_stock_with_current_price,NASDAQ,"Intuitive Machines, Inc. - Class A Common Stock",2026-08-04,2026-08-05
LUV,active,listed_common_stock_with_current_price,NYSE,Southwest Airlines Company Common Stock,2026-08-04,2026-08-05
LUXE,active,listed_common_stock_with_current_price,NYSE,"LuxExperience B.V. American Depositary Shares, each representing one Ordinary Share",2026-08-04,2026-08-05
LVLU,active,listed_common_stock_with_current_price,NASDAQ,"Lulu's Fashion Lounge Holdings, Inc. - Common Stock",2026-08-04,2026-08-05
LVO,active,listed_common_stock_with_current_price,NASDAQ,"LiveOne, Inc. - Common Stock",2026-08-04,2026-08-05
LVS,active,listed_common_stock_with_current_price,NYSE,Las Vegas Sands Corp. Common Stock,2026-08-04,2026-08-05
LVWR,active,listed_common_stock_with_current_price,NYSE,"LiveWire Group, Inc. Common Stock",2026-08-04,2026-08-05
LW,active,listed_common_stock_with_current_price,NYSE,"Lamb Weston Holdings, Inc. Common Stock",2026-08-04,2026-08-05
LWAY,active,listed_common_stock_with_current_price,NASDAQ,"Lifeway Foods, Inc. - Common Stock",2026-08-04,2026-08-05
LWLG,active,listed_common_stock_with_current_price,NASDAQ,"Lightwave Logic, Inc. - Common Stock",2026-08-04,2026-08-05
LX,active,listed_common_stock_with_current_price,NASDAQ,LexinFintech Holdings Ltd. - American Depositary Shares,2026-08-04,2026-08-05
LXEH,active,listed_common_stock_with_current_price,NASDAQ,"Lixiang Education Holding Co., Ltd. - American Depositary Shares",2026-08-04,2026-08-05
LXFR,active,listed_common_stock_with_current_price,NYSE,Luxfer Holdings PLC Ordinary Shares,2026-08-04,2026-08-05
LXP,active,listed_common_stock_with_current_price,NYSE,LXP Industrial Trust Common Stock (Maryland REIT),2026-08-04,2026-08-05
LXRX,active,listed_common_stock_with_current_price,NASDAQ,"Lexicon Pharmaceuticals, Inc. - Common Stock",2026-08-04,2026-08-05
LXU,active,listed_common_stock_with_current_price,NYSE,"LSB Industries, Inc. Common Stock",2026-08-04,2026-08-05
LYB,active,listed_common_stock_with_current_price,NYSE,LyondellBasell Industries NV Ordinary Shares Class A (Netherlands),2026-08-04,2026-08-05
LYEL,active,listed_common_stock_with_current_price,NASDAQ,"Lyell Immunopharma, Inc. - Common Stock",2026-08-04,2026-08-05
LYFT,active,listed_common_stock_with_current_price,NASDAQ,"Lyft, Inc. - Class A Common Stock",2026-08-04,2026-08-05
LYG,active,listed_common_stock_with_current_price,NYSE,Lloyds Banking Group Plc American Depositary Shares,2026-08-04,2026-08-05
LYTS,active,listed_common_stock_with_current_price,NASDAQ,LSI Industries Inc. - Common Stock,2026-08-04,2026-08-05
LYV,active,listed_common_stock_with_current_price,NYSE,"Live Nation Entertainment, Inc. Common Stock",2026-08-04,2026-08-05
LZ,active,listed_common_stock_with_current_price,NASDAQ,"LegalZoom.com, Inc. - Common Stock",2026-08-04,2026-08-05
LZB,active,listed_common_stock_with_current_price,NYSE,La-Z-Boy Incorporated Common Stock,2026-08-04,2026-08-05
M,active,listed_common_stock_with_current_price,NYSE,Macy's Inc Common Stock,2026-08-04,2026-08-05
MA,active,listed_common_stock_with_current_price,NYSE,Mastercard Incorporated Common Stock,2026-08-04,2026-08-05
MAA,active,listed_common_stock_with_current_price,NYSE,"Mid-America Apartment Communities, Inc. Common Stock",2026-08-04,2026-08-05
MAAS,active,listed_common_stock_with_current_price,NASDAQ,Maase Inc. - Class A Ordinary Shares,2026-08-04,2026-08-05
MAC,active,listed_common_stock_with_current_price,NYSE,Macerich Company (The) Common Stock,2026-08-04,2026-08-05
MAGN,active,listed_common_stock_with_current_price,NYSE,Magnera Corporation Common Stock,2026-08-04,2026-08-05
MAIA,active,listed_common_stock_with_current_price,NYSE American,"MAIA Biotechnology, Inc. Common Stock",2026-08-04,2026-08-05
MAIN,active,listed_common_stock_with_current_price,NYSE,Main Street Capital Corporation Common Stock,2026-08-04,2026-08-05
MAMA,active,listed_common_stock_with_current_price,NASDAQ,"Mama's Creations, Inc. - Common Stock",2026-08-04,2026-08-05
MAN,active,listed_common_stock_with_current_price,NYSE,ManpowerGroup Common Stock,2026-08-04,2026-08-05
MANH,active,listed_common_stock_with_current_price,NASDAQ,"Manhattan Associates, Inc. - Common Stock",2026-08-04,2026-08-05
MANU,active,listed_common_stock_with_current_price,NYSE,Manchester United Ltd. Class A Ordinary Shares,2026-08-04,2026-08-05
MAR,active,listed_common_stock_with_current_price,NASDAQ,Marriott International - Class A Common Stock,2026-08-04,2026-08-05
MARA,active,listed_common_stock_with_current_price,NASDAQ,"MARA Holdings, Inc. - Common Stock",2026-08-04,2026-08-05
MARPS,inactive,non_common_stock:obvious_non_common_title,NASDAQ,Marine Petroleum Trust - Units of Beneficial Interest,2026-08-04,2026-08-05
MAS,active,listed_common_stock_with_current_price,NYSE,Masco Corporation Common Stock,2026-08-04,2026-08-05
MASI,inactive,not_in_current_exchange_directories,,,2026-06-12,2026-08-05
MASS,active,listed_common_stock_with_current_price,NASDAQ,908 Devices Inc. - Common Stock,2026-08-04,2026-08-05
MAT,active,listed_common_stock_with_current_price,NASDAQ,"Mattel, Inc. - Common Stock",2026-08-04,2026-08-05
MATH,active,listed_common_stock_with_current_price,NASDAQ,Metalpha Technology Holding Limited - Ordinary Shares,2026-08-04,2026-08-05
MATV,active,listed_common_stock_with_current_price,NYSE,"Mativ Holdings, Inc. Common Stock",2026-08-04,2026-08-05
MATW,active,listed_common_stock_with_current_price,NASDAQ,Matthews International Corporation - Class A Common Stock,2026-08-04,2026-08-05
MATX,active,listed_common_stock_with_current_price,NYSE,"Matson, Inc. Common Stock",2026-08-04,2026-08-05
MAX,active,listed_common_stock_with_current_price,NYSE,"MediaAlpha, Inc. Class A Common Stock",2026-08-04,2026-08-05
MAXN,inactive,not_in_current_exchange_directories,,,2026-07-10,2026-08-05
MAYS,active,listed_common_stock_with_current_price,NASDAQ,"J. W. Mays, Inc. - Common Stock",2026-08-04,2026-08-05
MB,active,listed_common_stock_with_current_price,NASDAQ,MasterBeef Group - Ordinary Shares,2026-08-04,2026-08-05
MBC,active,listed_common_stock_with_current_price,NYSE,"MasterBrand, Inc. Common Stock",2026-08-04,2026-08-05
MBI,active,listed_common_stock_with_current_price,NYSE,MBIA Inc. Common Stock,2026-08-04,2026-08-05
MBIN,active,listed_common_stock_with_current_price,NASDAQ,Merchants Bancorp - Common Stock,2026-08-04,2026-08-05
MBINM,inactive,non_common_stock:obvious_non_common_title,NASDAQ,"Merchants Bancorp - Depositary Shares, Each Representing a 1/40th Interest in a Share of 8.25% Fixed-Rate Reset Series D Non-Cumulative Perpetual Preferred Stock",2026-08-04,2026-08-05
MBINN,inactive,non_common_stock:obvious_non_common_title,NASDAQ,Merchants Bancorp - Depositary Shares 6.00% Fixed Rate Series C Non-Cumulative Perpetual Preferred Stock,2026-08-04,2026-08-05
MBIO,active,listed_common_stock_with_current_price,NASDAQ,"Mustang Bio, Inc. - Common Stock",2026-08-04,2026-08-05
MBLY,active,listed_common_stock_with_current_price,NASDAQ,Mobileye Global Inc. - Class A Common Stock,2026-08-04,2026-08-05
MBOT,active,listed_common_stock_with_current_price,NASDAQ,Microbot Medical Inc.  - Common Stock,2026-08-04,2026-08-05
MBRX,active,listed_common_stock_with_current_price,NASDAQ,"Moleculin Biotech, Inc. - Common Stock",2026-08-04,2026-08-05
MBUU,active,listed_common_stock_with_current_price,NASDAQ,"Malibu Boats, Inc. - Common Stock",2026-08-04,2026-08-05
MBWM,active,listed_common_stock_with_current_price,NASDAQ,Mercantile Bank Corporation - Common Stock,2026-08-04,2026-08-05
MC,active,listed_common_stock_with_current_price,NYSE,Moelis & Company Class A Common Stock,2026-08-04,2026-08-05
MCAG,inactive,not_in_current_exchange_directories,,,2026-08-04,2026-08-05
MCAGR,inactive,not_in_current_exchange_directories,,,2026-07-08,2026-08-05
MCAGU,inactive,not_in_current_exchange_directories,,,2026-08-04,2026-08-05
MCB,active,listed_common_stock_with_current_price,NYSE,Metropolitan Bank Holding Corp. Common Stock,2026-08-04,2026-08-05
MCBS,active,listed_common_stock_with_current_price,NASDAQ,"MetroCity Bankshares, Inc. - Common Stock",2026-08-04,2026-08-05
MCD,active,listed_common_stock_with_current_price,NYSE,McDonald's Corporation Common Stock,2026-08-04,2026-08-05
MCFT,active,listed_common_stock_with_current_price,NASDAQ,"MasterCraft Boat Holdings, Inc. - Common Stock",2026-08-04,2026-08-05
MCHP,active,listed_common_stock_with_current_price,NASDAQ,Microchip Technology Incorporated - Common Stock,2026-08-04,2026-08-05
MCHX,active,listed_common_stock_with_current_price,NASDAQ,"Marchex, Inc. - Class B Common Stock",2026-08-04,2026-08-05
MCK,active,listed_common_stock_with_current_price,NYSE,McKesson Corporation Common Stock,2026-08-04,2026-08-05
MCO,active,listed_common_stock_with_current_price,NYSE,Moody's Corporation Common Stock,2026-08-04,2026-08-05
MCRB,active,listed_common_stock_with_current_price,NASDAQ,"Seres Therapeutics, Inc. - Common Stock",2026-08-04,2026-08-05
MCRI,active,listed_common_stock_with_current_price,NASDAQ,"Monarch Casino & Resort, Inc. - Common Stock",2026-08-04,2026-08-05
MCS,active,listed_common_stock_with_current_price,NYSE,Marcus Corporation (The) Common Stock,2026-08-04,2026-08-05
MCW,inactive,not_in_current_exchange_directories,,,2026-06-08,2026-08-05
MCY,active,listed_common_stock_with_current_price,NYSE,Mercury General Corporation Common Stock,2026-08-04,2026-08-05
MD,active,listed_common_stock_with_current_price,NYSE,"Pediatrix Medical Group, Inc. Common Stock",2026-08-04,2026-08-05
MDA,active,listed_common_stock_with_current_price,NYSE,MDA Space Ltd. Common Shares,2026-08-04,2026-08-05
MDAI,active,listed_common_stock_with_current_price,NASDAQ,"Spectral AI, Inc. - Class A Common Stock",2026-08-04,2026-08-05
MDAIW,inactive,non_common_stock:nasdaq_non_common_suffix,NASDAQ,"Spectral AI, Inc. - Warrants",2026-08-04,2026-08-05
MDB,active,listed_common_stock_with_current_price,NASDAQ,"MongoDB, Inc. - Class A Common Stock",2026-08-04,2026-08-05
MDGL,active,listed_common_stock_with_current_price,NASDAQ,"Madrigal Pharmaceuticals, Inc. - Common Stock",2026-08-04,2026-08-05
MDIA,active,listed_common_stock_with_current_price,NASDAQ,Mediaco Holding Inc. - Class A Common Stock,2026-08-04,2026-08-05
MDLZ,active,listed_common_stock_with_current_price,NASDAQ,"Mondelez International, Inc. - Class A Common Stock",2026-08-04,2026-08-05
MDRR,active,listed_common_stock_with_current_price,NASDAQ,"Medalist Diversified, Inc. - Common Stock",2026-08-04,2026-08-05
MDT,active,listed_common_stock_with_current_price,NYSE,Medtronic plc. Ordinary Shares,2026-08-04,2026-08-05
MDU,active,listed_common_stock_with_current_price,NYSE,"MDU Resources Group, Inc. Common Stock (Holding Company)",2026-08-04,2026-08-05
MDV,active,listed_common_stock_with_current_price,NYSE,"Modiv Industrial, Inc. Class C Common Stock",2026-08-04,2026-08-05
MDWD,active,listed_common_stock_with_current_price,NASDAQ,MediWound Ltd. - Ordinary Shares,2026-08-04,2026-08-05
MDXG,active,listed_common_stock_with_current_price,NASDAQ,"MiMedx Group, Inc - Common Stock",2026-08-04,2026-08-05
MDXH,active,listed_common_stock_with_current_price,NASDAQ,MDxHealth SA - Ordinary Shares,2026-08-04,2026-08-05
MEC,active,listed_common_stock_with_current_price,NYSE,"Mayville Engineering Company, Inc. Common Stock",2026-08-04,2026-08-05
MED,active,listed_common_stock_with_current_price,NYSE,MEDIFAST INC Common Stock,2026-08-04,2026-08-05
MEDP,active,listed_common_stock_with_current_price,NASDAQ,"Medpace Holdings, Inc. - Common Stock",2026-08-04,2026-08-05
MEG,inactive,not_in_current_exchange_directories,,,2026-06-26,2026-08-05
MEGI,active,listed_common_stock_with_current_price,NYSE,NYLI CBRE Global Infrastructure Megatrends Term Fund Common Shares,2026-08-04,2026-08-05
MEGL,active,listed_common_stock_with_current_price,NASDAQ,Magic Empire Global Limited - Class A Ordinary Shares,2026-08-04,2026-08-05
MEI,active,listed_common_stock_with_current_price,NYSE,"Methode Electronics, Inc. Common Stock",2026-08-04,2026-08-05
MELI,active,listed_common_stock_with_current_price,NASDAQ,"MercadoLibre, Inc. - Common Stock",2026-08-04,2026-08-05
MEOH,active,listed_common_stock_with_current_price,NASDAQ,Methanex Corporation - Common Stock,2026-08-04,2026-08-05
MERC,active,listed_common_stock_with_current_price,NASDAQ,Mercer International Inc. - Common Stock,2026-08-04,2026-08-05
MESO,active,listed_common_stock_with_current_price,NASDAQ,Mesoblast Limited - American Depositary Shares,2026-08-04,2026-08-05
MET,active,listed_common_stock_with_current_price,NYSE,"MetLife, Inc. Common Stock",2026-08-04,2026-08-05
META,active,listed_common_stock_with_current_price,NASDAQ,"Meta Platforms, Inc. - Class A Common Stock",2026-08-04,2026-08-05
METC,active,listed_common_stock_with_current_price,NASDAQ,"Ramaco Resources, Inc. - Class A Common Stock",2026-08-04,2026-08-05
MFA,active,listed_common_stock_with_current_price,NYSE,"MFA Financial, Inc.",2026-08-04,2026-08-05
MFC,active,listed_common_stock_with_current_price,NYSE,Manulife Financial Corporation Common Stock,2026-08-04,2026-08-05
MFG,active,listed_common_stock_with_current_price,NYSE,"Mizuho Financial Group, Inc. Sponosred ADR (Japan)",2026-08-04,2026-08-05
MFI,active,listed_common_stock_with_current_price,NASDAQ,mF International Limited - Class A Ordinary Shares,2026-08-04,2026-08-05
MFIC,active,listed_common_stock_with_current_price,NASDAQ,MidCap Financial Investment Corporation - Closed End Fund,2026-08-04,2026-08-05
MFIN,active,listed_common_stock_with_current_price,NASDAQ,Medallion Financial Corp. - Common Stock,2026-08-04,2026-08-05
MG,active,listed_common_stock_with_current_price,NYSE,Mistras Group Inc Common Stock,2026-08-04,2026-08-05
MGA,active,listed_common_stock_with_current_price,NYSE,"Magna International, Inc. Common Stock",2026-08-04,2026-08-05
MGAM,inactive,not_in_current_exchange_directories,,,2026-08-04,2026-08-05
MGEE,active,listed_common_stock_with_current_price,NASDAQ,MGE Energy Inc. - Common Stock,2026-08-04,2026-08-05
MGLD,active,listed_common_stock_with_current_price,NYSE American,"The Marygold Companies, Inc. Common Stock",2026-08-04,2026-08-05
MGM,active,listed_common_stock_with_current_price,NYSE,MGM Resorts International Common Stock,2026-08-04,2026-08-05
MGN,active,listed_common_stock_with_current_price,NASDAQ,Megan Holdings Limited - Class A Ordinary Shares,2026-08-04,2026-08-05
MGNI,active,listed_common_stock_with_current_price,NASDAQ,"Magnite, Inc. - Common Stock",2026-08-04,2026-08-05
MGNX,active,listed_common_stock_with_current_price,NASDAQ,"MacroGenics, Inc. - Common Stock",2026-08-04,2026-08-05
MGPI,active,listed_common_stock_with_current_price,NASDAQ,"MGP Ingredients, Inc. - Common Stock",2026-08-04,2026-08-05
MGR,inactive,non_common_stock:obvious_non_common_title,NYSE,"Affiliated Managers Group, Inc. 5.875% Junior Subordinated Notes due 2059",2026-08-04,2026-08-05
MGRB,inactive,non_common_stock:obvious_non_common_title,NYSE,"Affiliated Managers Group, Inc. 4.750% Junior Subordinated Notes due 2060",2026-08-04,2026-08-05
MGRC,active,listed_common_stock_with_current_price,NASDAQ,McGrath RentCorp - Common Stock,2026-08-04,2026-08-05
MGRD,inactive,non_common_stock:obvious_non_common_title,NYSE,"Affiliated Managers Group, Inc. 4.200% Junior Subordinated Notes due 2061",2026-08-04,2026-08-05
MGTX,active,listed_common_stock_with_current_price,NASDAQ,MeiraGTx Holdings plc - Ordinary Shares,2026-08-04,2026-08-05
MGY,active,listed_common_stock_with_current_price,NYSE,Magnolia Oil & Gas Corporation Class A Common Stock,2026-08-04,2026-08-05
MGYR,active,listed_common_stock_with_current_price,NASDAQ,"Magyar Bancorp, Inc. - Common Stock",2026-08-04,2026-08-05
MHH,active,listed_common_stock_with_current_price,NYSE American,"Mastech Digital, Inc Common Stock",2026-08-04,2026-08-05
MHK,active,listed_common_stock_with_current_price,NYSE,"Mohawk Industries, Inc. Common Stock",2026-08-04,2026-08-05
MHLA,inactive,non_common_stock:obvious_non_common_title,NYSE,"Maiden Holdings, Ltd. 6.625% Notes due 2046",2026-08-04,2026-08-05
MHNC,inactive,non_common_stock:obvious_non_common_title,NYSE,"Maiden Holdings North America, Ltd. 7.75% Notes due 2043",2026-08-04,2026-08-05
MHO,active,listed_common_stock_with_current_price,NYSE,"M/I Homes, Inc. Common Stock",2026-08-04,2026-08-05
MIDD,active,listed_common_stock_with_current_price,NASDAQ,The Middleby Corporation - Common Stock,2026-08-04,2026-08-05
MIND,active,listed_common_stock_with_current_price,NASDAQ,"MIND Technology, Inc. - Common Stock",2026-08-04,2026-08-05
MIR,active,listed_common_stock_with_current_price,NYSE,"Mirion Technologies, Inc. Class A Common Stock",2026-08-04,2026-08-05
MIRM,active,listed_common_stock_with_current_price,NASDAQ,"Mirum Pharmaceuticals, Inc. - common stock",2026-08-04,2026-08-05
MIST,active,listed_common_stock_with_current_price,NASDAQ,Milestone Pharmaceuticals Inc. - Common Shares,2026-08-04,2026-08-05
MITK,active,listed_common_stock_with_current_price,NASDAQ,"Mitek Systems, Inc. - Common Stock",2026-08-04,2026-08-05
MITQ,active,listed_common_stock_with_current_price,NYSE American,"Moving iMage Technologies, Inc. Common Stock",2026-08-04,2026-08-05
MITT,active,listed_common_stock_with_current_price,NYSE,"TPG Mortgage Investment Trust, Inc. Common Stock",2026-08-04,2026-08-05
MKC,active,listed_common_stock_with_current_price,NYSE,"McCormick & Company, Incorporated Common Stock",2026-08-04,2026-08-05
MKC-V,active,listed_common_stock_with_current_price,NYSE,"McCormick & Company, Incorporated Common Stock",2026-08-04,2026-08-05
MKL,active,listed_common_stock_with_current_price,NYSE,Markel Group Inc. Common Stock,2026-08-04,2026-08-05
MKSI,active,listed_common_stock_with_current_price,NASDAQ,MKS Inc. - Common Stock,2026-08-04,2026-08-05
MKTW,active,listed_common_stock_with_current_price,NASDAQ,"MarketWise, Inc. - Class A Common Stock",2026-08-04,2026-08-05
MKTX,active,listed_common_stock_with_current_price,NASDAQ,"MarketAxess Holdings, Inc. - Common Stock",2026-08-04,2026-08-05
MLAB,active,listed_common_stock_with_current_price,NASDAQ,"Mesa Laboratories, Inc. - Common Stock",2026-08-04,2026-08-05
MLCO,active,listed_common_stock_with_current_price,NASDAQ,Melco Resorts & Entertainment Limited - American Depositary Shares,2026-08-04,2026-08-05
MLGO,active,listed_common_stock_with_current_price,NASDAQ,"MicroAlgo, Inc. - Ordinary Shares",2026-08-04,2026-08-05
MLI,active,listed_common_stock_with_current_price,NYSE,"Mueller Industries, Inc. Common Stock",2026-08-04,2026-08-05
MLKN,active,listed_common_stock_with_current_price,NASDAQ,"MillerKnoll, Inc. - Common Stock",2026-08-04,2026-08-05
MLM,active,listed_common_stock_with_current_price,NYSE,"Martin Marietta Materials, Inc. Common Stock",2026-08-04,2026-08-05
MLP,active,listed_common_stock_with_current_price,NYSE,"Maui Land & Pineapple Company, Inc. Common Stock",2026-08-04,2026-08-05
MLPR,inactive,exchange_directory_etf,NYSE Arca,ETRACS Quarterly Pay 1.5X Leveraged Alerian MLP Index ETN,2026-08-04,2026-08-05
MLR,active,listed_common_stock_with_current_price,NYSE,"Miller Industries, Inc. Common Stock",2026-08-04,2026-08-05
MLSS,active,listed_common_stock_with_current_price,NYSE American,"Milestone Scientific, Inc. Common Stock",2026-08-04,2026-08-05
MLTX,active,listed_common_stock_with_current_price,NASDAQ,MoonLake Immunotherapeutics - Class A Ordinary Shares,2026-08-04,2026-08-05
MMI,active,listed_common_stock_with_current_price,NYSE,"Marcus & Millichap, Inc. Common Stock",2026-08-04,2026-08-05
MMLP,inactive,non_common_stock:obvious_non_common_title,NASDAQ,Martin Midstream Partners L.P. - Common Units Representing Limited Partnership Interests,2026-08-04,2026-08-05
MMM,active,listed_common_stock_with_current_price,NYSE,3M Company Common Stock,2026-08-04,2026-08-05
MMS,active,listed_common_stock_with_current_price,NYSE,"Maximus, Inc. Common Stock",2026-08-04,2026-08-05
MMSI,active,listed_common_stock_with_current_price,NASDAQ,"Merit Medical Systems, Inc. - Common Stock",2026-08-04,2026-08-05
MMYT,active,listed_common_stock_with_current_price,NASDAQ,MakeMyTrip Limited - Ordinary Shares,2026-08-04,2026-08-05
MNDO,active,listed_common_stock_with_current_price,NASDAQ,MIND C.T.I. Ltd. - Ordinary Shares,2026-08-04,2026-08-05
MNDY,active,listed_common_stock_with_current_price,NASDAQ,monday.com Ltd. - Ordinary Shares,2026-08-04,2026-08-05
MNKD,active,listed_common_stock_with_current_price,NASDAQ,MannKind Corporation - Common Stock,2026-08-04,2026-08-05
MNOV,active,listed_common_stock_with_current_price,NASDAQ,"MediciNova, Inc. - Common Stock",2026-08-04,2026-08-05
MNPR,active,listed_common_stock_with_current_price,NASDAQ,Monopar Therapeutics Inc. - Common Stock,2026-08-04,2026-08-05
MNR,inactive,non_common_stock:obvious_non_common_title,NYSE,Mach Natural Resources LP Common Units representing Limited Partner Interests,2026-08-04,2026-08-05
MNRO,active,listed_common_stock_with_current_price,NASDAQ,"Monro, Inc.  - Common Stock",2026-08-04,2026-08-05
MNSB,active,listed_common_stock_with_current_price,NASDAQ,"MainStreet Bancshares, Inc. - Common Stock",2026-08-04,2026-08-05
MNSBP,inactive,non_common_stock:nasdaq_non_common_suffix,NASDAQ,"MainStreet Bancshares, Inc. - Depositary Shares",2026-08-04,2026-08-05
MNSO,active,listed_common_stock_with_current_price,NYSE,"MINISO Group Holding Limited American Depositary Shares, each representing four Ordinary Shares",2026-08-04,2026-08-05
MNST,active,listed_common_stock_with_current_price,NASDAQ,Monster Beverage Corporation - Common Stock,2026-08-04,2026-08-05
MNTK,active,listed_common_stock_with_current_price,NASDAQ,"Montauk Renewables, Inc. - Common Stock",2026-08-04,2026-08-05
MNTS,active,listed_common_stock_with_current_price,NASDAQ,Momentus Inc. - Class A Common Stock,2026-08-04,2026-08-05
MNTSW,inactive,non_common_stock:nasdaq_non_common_suffix,NASDAQ,Momentus Inc. - Warrant,2026-08-04,2026-08-05
MO,active,listed_common_stock_with_current_price,NYSE,"Altria Group, Inc.",2026-08-04,2026-08-05
MOB,active,listed_common_stock_with_current_price,NASDAQ,Mobilicom Limited - Ordinary Shares,2026-08-04,2026-08-05
MOBBW,inactive,non_common_stock:nasdaq_non_common_suffix,NASDAQ,Mobilicom Limited - Warrants,2026-08-04,2026-08-05
MOBQW,inactive,not_in_current_exchange_directories,,,2026-07-20,2026-08-05
MOBXW,inactive,non_common_stock:nasdaq_non_common_suffix,NASDAQ,"Mobix Labs, Inc. - Warrants",2026-08-04,2026-08-05
MOD,active,listed_common_stock_with_current_price,NYSE,Modine Manufacturing Company Common Stock,2026-08-04,2026-08-05
MODD,active,listed_common_stock_with_current_price,NASDAQ,"Modular Medical, Inc. - common stock",2026-08-04,2026-08-05
MOG-A,active,listed_common_stock_with_current_price,NYSE,Moog Inc. Class A Common Stock,2026-08-04,2026-08-05
MOG-B,active,listed_common_stock_with_current_price,NYSE,Moog Inc. Class B Common Stock,2026-08-04,2026-08-05
MOGU,active,listed_common_stock_with_current_price,NYSE,MOGU Inc. American Depositary Shares (each  representing 25 Class A Ordinary Shares),2026-08-04,2026-08-05
MOH,active,listed_common_stock_with_current_price,NYSE,Molina Healthcare Inc Common Stock,2026-08-04,2026-08-05
MOLN,active,listed_common_stock_with_current_price,NASDAQ,Molecular Partners AG - American Depositary Shares,2026-08-04,2026-08-05
MOMO,active,listed_common_stock_with_current_price,NASDAQ,Hello Group Inc.  - American Depositary Shares,2026-08-04,2026-08-05
MORN,active,listed_common_stock_with_current_price,NASDAQ,"Morningstar, Inc. - Common Stock",2026-08-04,2026-08-05
MOS,active,listed_common_stock_with_current_price,NYSE,Mosaic Company (The) Common Stock,2026-08-04,2026-08-05
MOV,active,listed_common_stock_with_current_price,NYSE,Movado Group Inc. Common Stock,2026-08-04,2026-08-05
MOVE,active,listed_common_stock_with_current_price,NASDAQ,"Corvex, Inc. - Common Stock",2026-08-04,2026-08-05
MP,active,listed_common_stock_with_current_price,NYSE,MP Materials Corp. Common Stock,2026-08-04,2026-08-05
MPAA,active,listed_common_stock_with_current_price,NASDAQ,"Motorcar Parts of America, Inc. - Common Stock",2026-08-04,2026-08-05
MPB,active,listed_common_stock_with_current_price,NASDAQ,Mid Penn Bancorp - Common Stock,2026-08-04,2026-08-05
MPC,active,listed_common_stock_with_current_price,NYSE,Marathon Petroleum Corporation Common Stock,2026-08-04,2026-08-05
MPLX,inactive,non_common_stock:obvious_non_common_title,NYSE,MPLX LP Common Units Representing Limited Partner Interests,2026-08-04,2026-08-05
MPT,active,listed_common_stock_with_current_price,NYSE,"Medical Properties Trust, Inc. common stock",2026-08-04,2026-08-05
MPTI,active,listed_common_stock_with_current_price,NYSE American,"M-tron Industries, Inc. Common Stock",2026-08-04,2026-08-05
MPU,active,listed_common_stock_with_current_price,NYSE American,Mega Matrix Inc. Class A Ordinary Shares,2026-08-04,2026-08-05
MPWR,active,listed_common_stock_with_current_price,NASDAQ,"Monolithic Power Systems, Inc. - Common Stock",2026-08-04,2026-08-05
MPX,inactive,not_in_current_exchange_directories,,,2026-05-14,2026-08-05
MQ,active,listed_common_stock_with_current_price,NASDAQ,"Marqeta, Inc. - Class A Common Stock",2026-08-04,2026-08-05
MRAI,inactive,not_in_current_exchange_directories,,,2026-08-04,2026-08-05
MRAM,active,listed_common_stock_with_current_price,NASDAQ,"Everspin Technologies, Inc. - Common Stock",2026-08-04,2026-08-05
MRBK,active,listed_common_stock_with_current_price,NASDAQ,Meridian Corporation - Common Stock,2026-08-04,2026-08-05
MRCC,inactive,not_in_current_exchange_directories,,,2026-04-14,2026-08-05
MRCY,active,listed_common_stock_with_current_price,NASDAQ,Mercury Systems Inc - Common Stock,2026-08-04,2026-08-05
MRDN,active,listed_common_stock_with_current_price,NASDAQ,Meridian Holdings Inc. - Common Stock,2026-08-04,2026-08-05
MREO,active,listed_common_stock_with_current_price,NASDAQ,Mereo BioPharma Group plc - American Depositary Shares,2026-08-04,2026-08-05
MRK,active,listed_common_stock_with_current_price,NYSE,"Merck & Company, Inc. Common Stock (new)",2026-08-04,2026-08-05
MRKR,active,listed_common_stock_with_current_price,NASDAQ,"Marker Therapeutics, Inc. - Common Stock",2026-08-04,2026-08-05
MRM,active,listed_common_stock_with_current_price,NASDAQ,MEDIROM Healthcare Technologies Inc. - American Depositary Share,2026-08-04,2026-08-05
MRNA,active,listed_common_stock_with_current_price,NASDAQ,"Moderna, Inc. - Common Stock",2026-08-04,2026-08-05
MRNO,active,listed_common_stock_with_current_price,NASDAQ,Murano Global Investments PLC - Ordinary Shares,2026-08-04,2026-08-05
MRNOW,inactive,non_common_stock:nasdaq_non_common_suffix,NASDAQ,Murano Global Investments PLC - Warrants,2026-08-04,2026-08-05
MRSH,active,listed_common_stock_with_current_price,NYSE,Marsh Common Stock,2026-08-04,2026-08-05
MRT,active,listed_common_stock_with_current_price,NYSE American,"Marti Technologies, Inc. Class A Ordinary Shares",2026-08-04,2026-08-05
MRTN,active,listed_common_stock_with_current_price,NASDAQ,"Marten Transport, Ltd. - Common Stock",2026-08-04,2026-08-05
MRVI,active,listed_common_stock_with_current_price,NASDAQ,"Maravai LifeSciences Holdings, Inc. - Class A common stock",2026-08-04,2026-08-05
MRVL,active,listed_common_stock_with_current_price,NASDAQ,"Marvell Technology, Inc. - Common Stock",2026-08-04,2026-08-05
MRX,active,listed_common_stock_with_current_price,NASDAQ,Marex Group Limited - Ordinary Shares,2026-08-04,2026-08-05
MS,active,listed_common_stock_with_current_price,NYSE,Morgan Stanley Common Stock,2026-08-04,2026-08-05
MSA,active,listed_common_stock_with_current_price,NYSE,MSA Safety Incorporated Common Stock,2026-08-04,2026-08-05
MSAI,active,listed_common_stock_with_current_price,NASDAQ,"MultiSensor AI Holdings, Inc. - Common Stock",2026-08-04,2026-08-05
MSAIW,inactive,non_common_stock:nasdaq_non_common_suffix,NASDAQ,"MultiSensor AI Holdings, Inc. - Warrants",2026-08-04,2026-08-05
MSB,active,listed_common_stock_with_current_price,NYSE,Mesabi Trust Common Stock,2026-08-04,2026-08-05
MSBI,active,listed_common_stock_with_current_price,NASDAQ,"Midland States Bancorp, Inc. - Common Stock",2026-08-04,2026-08-05
MSBIP,inactive,non_common_stock:nasdaq_non_common_suffix,NASDAQ,"Midland States Bancorp, Inc. - Depositary Shares Each Representing a 1/40th Interest in a Share of 7.750% Fixed-Rate Reset Non-Cumulative Perpetual Preferred Stock, Series A",2026-08-04,2026-08-05
MSC,active,listed_common_stock_with_current_price,NYSE,"Studio City International Holdings Limited American depositary shares, each representing four  Class A ordinary shares",2026-08-04,2026-08-05
MSCI,active,listed_common_stock_with_current_price,NYSE,MSCI Inc. Common Stock,2026-08-04,2026-08-05
MSEX,active,listed_common_stock_with_current_price,NASDAQ,Middlesex Water Company - Common Stock,2026-08-04,2026-08-05
MSFT,active,listed_common_stock_with_current_price,NASDAQ,Microsoft Corporation - Common Stock,2026-08-04,2026-08-05
MSGM,active,listed_common_stock_with_current_price,NASDAQ,Motorsport Games Inc. - Class A Common Stock,2026-08-04,2026-08-05
MSGS,active,listed_common_stock_with_current_price,NYSE,Madison Square Garden Sports Corp. Class A Common Stock (New),2026-08-04,2026-08-05
MSI,active,listed_common_stock_with_current_price,NYSE,"Motorola Solutions, Inc. Common Stock",2026-08-04,2026-08-05
MSM,active,listed_common_stock_with_current_price,NYSE,"MSC Industrial Direct Company, Inc. Common Stock",2026-08-04,2026-08-05
MSN,active,listed_common_stock_with_current_price,NYSE American,Emerson Radio Corporation Common Stock,2026-08-04,2026-08-05
MSTR,active,listed_common_stock_with_current_price,NASDAQ,Strategy Inc - Class A Common Stock,2026-08-04,2026-08-05
MT,active,listed_common_stock_with_current_price,NYSE,Arcelor Mittal NY Registry Shares NEW,2026-08-04,2026-08-05
MTA,active,listed_common_stock_with_current_price,NYSE American,Metalla Royalty & Streaming Ltd. Common Shares,2026-08-04,2026-08-05
MTB,active,listed_common_stock_with_current_price,NYSE,M&T Bank Corporation Common Stock,2026-08-04,2026-08-05
MTC,active,listed_common_stock_with_current_price,NASDAQ,"MMTec, Inc. - Common Shares",2026-08-04,2026-08-05
MTCH,active,listed_common_stock_with_current_price,NASDAQ,"Match Group, Inc. - Common Stock",2026-08-04,2026-08-05
MTD,active,listed_common_stock_with_current_price,NYSE,"Mettler-Toledo International, Inc. Common Stock",2026-08-04,2026-08-05
MTDR,active,listed_common_stock_with_current_price,NYSE,Matador Resources Company Common Stock,2026-08-04,2026-08-05
MTEK,active,listed_common_stock_with_current_price,NASDAQ,Maris-Tech Ltd. - ordinary shares,2026-08-04,2026-08-05
MTEKW,inactive,non_common_stock:nasdaq_non_common_suffix,NASDAQ,Maris-Tech Ltd. - Warrants,2026-08-04,2026-08-05
MTEX,active,listed_common_stock_with_current_price,NASDAQ,"Mannatech, Incorporated - Common Stock",2026-08-04,2026-08-05
MTG,active,listed_common_stock_with_current_price,NYSE,MGIC Investment Corporation Common Stock,2026-08-04,2026-08-05
MTH,active,listed_common_stock_with_current_price,NYSE,Meritage Homes Corporation Common Stock,2026-08-04,2026-08-05
MTLS,active,listed_common_stock_with_current_price,NASDAQ,Materialise NV - American Depositary Shares,2026-08-04,2026-08-05
MTN,active,listed_common_stock_with_current_price,NYSE,"Vail Resorts, Inc. Common Stock",2026-08-04,2026-08-05
MTNB,active,listed_common_stock_with_current_price,NYSE American,"Matinas Biopharma Holdings, Inc. Common Stock",2026-08-04,2026-08-05
MTR,active,listed_common_stock_with_current_price,NYSE,Mesa Royalty Trust Common Stock,2026-08-04,2026-08-05
MTRN,active,listed_common_stock_with_current_price,NYSE,Materion Corporation,2026-08-04,2026-08-05
MTRX,active,listed_common_stock_with_current_price,NASDAQ,Matrix Service Company - Common Stock,2026-08-04,2026-08-05
MTSI,active,listed_common_stock_with_current_price,NASDAQ,"MACOM Technology Solutions Holdings, Inc. - Common Stock",2026-08-04,2026-08-05
MTUL,inactive,exchange_directory_etf,NYSE Arca,ETRACS 2x Leveraged MSCI US Momentum Factor TR ETN,2026-08-04,2026-08-05
MTUS,active,listed_common_stock_with_current_price,NYSE,Metallus Inc. Common Shares,2026-08-04,2026-08-05
MTVA,active,listed_common_stock_with_current_price,NASDAQ,MetaVia Inc.  - Common Stock,2026-08-04,2026-08-05
MTW,active,listed_common_stock_with_current_price,NYSE,"Manitowoc Company, Inc. (The) Common Stock",2026-08-04,2026-08-05
MTX,active,listed_common_stock_with_current_price,NYSE,Minerals Technologies Inc. Common Stock,2026-08-04,2026-08-05
MTZ,active,listed_common_stock_with_current_price,NYSE,"MasTec, Inc. Common Stock",2026-08-04,2026-08-05
MU,active,listed_common_stock_with_current_price,NASDAQ,"Micron Technology, Inc. - Common Stock",2026-08-04,2026-08-05
MUFG,active,listed_common_stock_with_current_price,NYSE,"Mitsubishi UFJ Financial Group, Inc. Common Stock",2026-08-04,2026-08-05
MUR,active,listed_common_stock_with_current_price,NYSE,Murphy Oil Corporation Common Stock,2026-08-04,2026-08-05
MUSA,active,listed_common_stock_with_current_price,NYSE,Murphy USA Inc. Common Stock,2026-08-04,2026-08-05
MUX,active,listed_common_stock_with_current_price,NYSE,McEwen Inc. Common Stock,2026-08-04,2026-08-05
MVBF,active,listed_common_stock_with_current_price,NASDAQ,MVB Financial Corp. - Common Stock,2026-08-04,2026-08-05
MVIS,active,listed_common_stock_with_current_price,NASDAQ,"MicroVision, Inc. - Common Stock",2026-08-04,2026-08-05
MVO,inactive,not_in_current_exchange_directories,,,2026-08-03,2026-08-05
MVRL,inactive,exchange_directory_etf,NYSE Arca,ETRACS Monthly Pay 1.5X Leveraged Mortgage REIT ETN,2026-08-04,2026-08-05
MVST,active,listed_common_stock_with_current_price,NASDAQ,"Microvast Holdings, Inc. - Common Stock",2026-08-04,2026-08-05
MVSTW,inactive,not_in_current_exchange_directories,,,2026-07-17,2026-08-05
MWA,active,listed_common_stock_with_current_price,NYSE,MUELLER WATER PRODUCTS Common Stock,2026-08-04,2026-08-05
MWG,active,listed_common_stock_with_current_price,NYSE American,Multi Ways Holdings Limited Class A Ordinary Shares,2026-08-04,2026-08-05
MX,active,listed_common_stock_with_current_price,NYSE,Magnachip Semiconductor Corporation Common Stock,2026-08-04,2026-08-05
MXC,active,listed_common_stock_with_current_price,NYSE American,Mexco Energy Corporation Common Stock,2026-08-04,2026-08-05
MXCT,active,listed_common_stock_with_current_price,NASDAQ,"MaxCyte, Inc. - Common Stock",2026-08-04,2026-08-05
MXL,active,listed_common_stock_with_current_price,NASDAQ,"MaxLinear, Inc - Common Stock",2026-08-04,2026-08-05
MYE,active,listed_common_stock_with_current_price,NYSE,"Myers Industries, Inc. Common Stock",2026-08-04,2026-08-05
MYFW,active,listed_common_stock_with_current_price,NASDAQ,"First Western Financial, Inc. - Common Stock",2026-08-04,2026-08-05
MYGN,active,listed_common_stock_with_current_price,NASDAQ,"Myriad Genetics, Inc. - Common Stock",2026-08-04,2026-08-05
MYND,active,listed_common_stock_with_current_price,NYSE American,"Mynd.ai, Inc. American Depositary Shares",2026-08-04,2026-08-05
MYO,active,listed_common_stock_with_current_price,NYSE American,Myomo Inc. Common Stock,2026-08-04,2026-08-05
MYPS,active,listed_common_stock_with_current_price,NASDAQ,"PLAYSTUDIOS, Inc.  - Class A Common Stock",2026-08-04,2026-08-05
MYRG,active,listed_common_stock_with_current_price,NASDAQ,"MYR Group, Inc. - Common Stock",2026-08-04,2026-08-05
MYSE,active,listed_common_stock_with_current_price,NASDAQ,"Myseum.AI, Inc. - Common Stock",2026-08-04,2026-08-05
MYSEW,inactive,non_common_stock:nasdaq_non_common_suffix,NASDAQ,"Myseum.AI, Inc. - Series A Warrant",2026-08-04,2026-08-05
MYSZ,active,listed_common_stock_with_current_price,NASDAQ,"My Size, Inc. - Common Stock",2026-08-04,2026-08-05
MZTI,active,listed_common_stock_with_current_price,NASDAQ,The Marzetti Company - Common Stock,2026-08-04,2026-08-05
NAAS,active,listed_common_stock_with_current_price,NASDAQ,NaaS Technology Inc. - American Depositary Shares,2026-08-04,2026-08-05
NABL,active,listed_common_stock_with_current_price,NYSE,"N-able, Inc. Common Stock",2026-08-04,2026-08-05
NAGE,active,listed_common_stock_with_current_price,NASDAQ,"Niagen Bioscience, Inc. - Common Stock",2026-08-04,2026-08-05
NAII,active,listed_common_stock_with_current_price,NASDAQ,"Natural Alternatives International, Inc. - Common Stock",2026-08-04,2026-08-05
NAK,active,listed_common_stock_with_current_price,NYSE American,"Northern Dynasty Minerals, Ltd. Common Stock",2026-08-04,2026-08-05
NAMS,active,listed_common_stock_with_current_price,NASDAQ,NewAmsterdam Pharma Company N.V. - Ordinary Shares,2026-08-04,2026-08-05
NAMSW,inactive,non_common_stock:nasdaq_non_common_suffix,NASDAQ,NewAmsterdam Pharma Company N.V. - Warrant,2026-08-04,2026-08-05
NAT,active,listed_common_stock_with_current_price,NYSE,Nordic American Tankers Limited Common Stock,2026-08-04,2026-08-05
NATH,active,listed_common_stock_with_current_price,NASDAQ,"Nathan's Famous, Inc. - Common Stock",2026-08-04,2026-08-05
NATL,active,listed_common_stock_with_current_price,NYSE,NCR Atleos Corporation Common Stock,2026-08-04,2026-08-05
NATR,active,listed_common_stock_with_current_price,NASDAQ,"Nature's Sunshine Products, Inc. - Common Stock",2026-08-04,2026-08-05
NAUT,active,listed_common_stock_with_current_price,NASDAQ,"Nautilus Biotechnology, Inc. - Common Stock",2026-08-04,2026-08-05
NAVI,active,listed_common_stock_with_current_price,NASDAQ,Navient Corporation - Common Stock,2026-08-04,2026-08-05
NB,active,listed_common_stock_with_current_price,NASDAQ,NioCorp Developments Ltd. - Common Stock,2026-08-04,2026-08-05
NBHC,active,listed_common_stock_with_current_price,NYSE,National Bank Holdings Corporation Common Stock,2026-08-04,2026-08-05
NBIS,active,listed_common_stock_with_current_price,NASDAQ,Nebius Group N.V. - Class A Ordinary Shares,2026-08-04,2026-08-05
NBIX,active,listed_common_stock_with_current_price,NASDAQ,"Neurocrine Biosciences, Inc. - Common Stock",2026-08-04,2026-08-05
NBP,active,listed_common_stock_with_current_price,NASDAQ,NovaBridge Biosciences - American Depositary Shares,2026-08-04,2026-08-05
NBR,active,listed_common_stock_with_current_price,NYSE,Nabors Industries Ltd.,2026-08-04,2026-08-05
NBTB,active,listed_common_stock_with_current_price,NASDAQ,NBT Bancorp Inc. - Common Stock,2026-08-04,2026-08-05
NBTX,active,listed_common_stock_with_current_price,NASDAQ,Nanobiotix S.A. - ADSs,2026-08-04,2026-08-05
NBXG,active,listed_common_stock_with_current_price,NYSE,Neuberger Next Generation Connectivity Fund Inc. Common Stock,2026-08-04,2026-08-05
NC,active,listed_common_stock_with_current_price,NYSE,"NACCO Industries, Inc. Common Stock",2026-08-04,2026-08-05
NCEL,active,listed_common_stock_with_current_price,NASDAQ,NewcelX Ltd. - Ordinary Shares,2026-08-04,2026-08-05
NCI,active,listed_common_stock_with_current_price,NASDAQ,Neo-Concept International Group Holdings Limited - Class A Ordinary Shares,2026-08-04,2026-08-05
NCLH,active,listed_common_stock_with_current_price,NYSE,Norwegian Cruise Line Holdings Ltd. Ordinary Shares,2026-08-04,2026-08-05
NCMI,active,listed_common_stock_with_current_price,NASDAQ,"National CineMedia, Inc. - Common Stock",2026-08-04,2026-08-05
NCNA,active,listed_common_stock_with_current_price,NASDAQ,NuCana plc - American Depositary Shares,2026-08-04,2026-08-05
NCNO,active,listed_common_stock_with_current_price,NASDAQ,"nCino, Inc. - Common Stock",2026-08-04,2026-08-05
NCPL,active,listed_common_stock_with_current_price,NASDAQ,Netcapital Inc. - Common Stock,2026-08-04,2026-08-05
NCPLW,inactive,non_common_stock:nasdaq_non_common_suffix,NASDAQ,Netcapital Inc. - warrants,2026-08-04,2026-08-05
NCRA,active,listed_common_stock_with_current_price,NASDAQ,"Nocera, Inc. - common stock",2026-08-04,2026-08-05
NCSM,active,listed_common_stock_with_current_price,NASDAQ,"NCS Multistage Holdings, Inc. - Common Stock",2026-08-04,2026-08-05
NCT,active,listed_common_stock_with_current_price,NASDAQ,Intercont (Cayman) Limited - Class A Ordinary shares,2026-08-04,2026-08-05
NCTY,active,listed_common_stock_with_current_price,NASDAQ,The9 Limited - American Depository Shares,2026-08-04,2026-08-05
NDAQ,active,listed_common_stock_with_current_price,NASDAQ,"Nasdaq, Inc. - Common Stock",2026-08-04,2026-08-05
NDLS,active,listed_common_stock_with_current_price,NASDAQ,Noodles & Company - Class A Common Stock,2026-08-04,2026-08-05
NDMO,active,listed_common_stock_with_current_price,NYSE,Nuveen Dynamic Municipal Opportunities Fund Common Shares of Beneficial Interest,2026-08-04,2026-08-05
NDRA,active,listed_common_stock_with_current_price,NASDAQ,ENDRA Life Sciences Inc. - Common Stock,2026-08-04,2026-08-05
NDSN,active,listed_common_stock_with_current_price,NASDAQ,Nordson Corporation - Common Stock,2026-08-04,2026-08-05
NE,active,listed_common_stock_with_current_price,NYSE,Noble Corporation plc A Ordinary Shares,2026-08-04,2026-08-05
NECB,active,listed_common_stock_with_current_price,NASDAQ,"NorthEast Community Bancorp, Inc. - Common Stock",2026-08-04,2026-08-05
NEE,active,listed_common_stock_with_current_price,NYSE,"NextEra Energy, Inc. Common Stock",2026-08-04,2026-08-05
NEGG,active,listed_common_stock_with_current_price,NASDAQ,"Newegg Commerce, Inc. - Common Shares",2026-08-04,2026-08-05
NEM,active,listed_common_stock_with_current_price,NYSE,Newmont Corporation,2026-08-04,2026-08-05
NEN,inactive,non_common_stock:obvious_non_common_title,NYSE American,New England Realty Associates Limited Partnership Class A Depositary Receipts Evidencing Units of Limited Partnership,2026-08-04,2026-08-05
NEO,active,listed_common_stock_with_current_price,NASDAQ,"NeoGenomics, Inc. - Common Stock",2026-08-04,2026-08-05
NEOG,active,listed_common_stock_with_current_price,NASDAQ,Neogen Corporation - Common Stock,2026-08-04,2026-08-05
NEON,active,listed_common_stock_with_current_price,NASDAQ,Neonode Inc. - Common Stock,2026-08-04,2026-08-05
NEOV,active,listed_common_stock_with_current_price,NASDAQ,NeoVolta Inc. - Common Stock,2026-08-04,2026-08-05
NEOVW,inactive,non_common_stock:nasdaq_non_common_suffix,NASDAQ,NeoVolta Inc. - Warrant,2026-08-04,2026-08-05
NEPH,active,listed_common_stock_with_current_price,NASDAQ,"Nephros, Inc. - Common Stock",2026-08-04,2026-08-05
NERV,active,listed_common_stock_with_current_price,NASDAQ,"Minerva Neurosciences, Inc - Common Stock",2026-08-04,2026-08-05
NESR,active,listed_common_stock_with_current_price,NASDAQ,National Energy Services Reunited Corp - Ordinary Shares,2026-08-04,2026-08-05
NET,active,listed_common_stock_with_current_price,NYSE,"Cloudflare, Inc. Class A Common Stock",2026-08-04,2026-08-05
NEU,active,listed_common_stock_with_current_price,NYSE,NewMarket Corp Common Stock,2026-08-04,2026-08-05
NEWP,active,listed_common_stock_with_current_price,NYSE American,New Pacific Metals Corp. Common Shares,2026-08-04,2026-08-05
NEWT,active,listed_common_stock_with_current_price,NASDAQ,"NewtekOne, Inc. - Common Stock",2026-08-04,2026-08-05
NEWTI,inactive,non_common_stock:obvious_non_common_title,NASDAQ,"NewtekOne, Inc. - 8.00% Fixed Rate Senior Notes due 2028",2026-08-04,2026-08-05
NEXA,active,listed_common_stock_with_current_price,NYSE,Nexa Resources S.A. Common Shares,2026-08-04,2026-08-05
NEXN,active,listed_common_stock_with_current_price,NASDAQ,Nexxen International Ltd. - Ordinary Shares,2026-08-04,2026-08-05
NEXR,active,listed_common_stock_with_current_price,NASDAQ,Nexera Technologies Ltd - Ordinary Shares,2026-08-04,2026-08-05
NEXRW,inactive,non_common_stock:nasdaq_non_common_suffix,NASDAQ,Nexera Technologies Ltd - Warrant,2026-08-04,2026-08-05
NEXT,active,listed_common_stock_with_current_price,NASDAQ,NextDecade Corporation - Common Stock,2026-08-04,2026-08-05
NFBK,inactive,not_in_current_exchange_directories,,,2026-07-28,2026-08-05
NFE,active,listed_common_stock_with_current_price,NASDAQ,New Fortress Energy Inc. - Class A Common Stock,2026-08-04,2026-08-05
NFG,active,listed_common_stock_with_current_price,NYSE,National Fuel Gas Company Common Stock,2026-08-04,2026-08-05
NFGC,active,listed_common_stock_with_current_price,NYSE American,New Found Gold Corp Common Shares,2026-08-04,2026-08-05
NFLX,active,listed_common_stock_with_current_price,NASDAQ,"Netflix, Inc. - Common Stock",2026-08-04,2026-08-05
NG,active,listed_common_stock_with_current_price,NYSE American,Novagold Resources Inc.,2026-08-04,2026-08-05
NGD,inactive,not_in_current_exchange_directories,,,2026-03-20,2026-08-05
NGG,active,listed_common_stock_with_current_price,NYSE,"National Grid Transco, PLC National Grid PLC (NEW) American Depositary Shares",2026-08-04,2026-08-05
NGL,inactive,non_common_stock:obvious_non_common_title,NYSE,NGL ENERGY PARTNERS LP Common Units representing Limited Partner Interests,2026-08-04,2026-08-05
NGNE,active,listed_common_stock_with_current_price,NASDAQ,Neurogene Inc. - Common Stock,2026-08-04,2026-08-05
NGS,active,listed_common_stock_with_current_price,NYSE,"Natural Gas Services Group, Inc. Common Stock",2026-08-04,2026-08-05
NGVC,active,listed_common_stock_with_current_price,NYSE,"Natural Grocers by Vitamin Cottage, Inc. Common Stock",2026-08-04,2026-08-05
NGVT,active,listed_common_stock_with_current_price,NYSE,Ingevity Corporation Common Stock,2026-08-04,2026-08-05
NHC,active,listed_common_stock_with_current_price,NYSE American,National HealthCare Corporation Common Stock,2026-08-04,2026-08-05
NHI,active,listed_common_stock_with_current_price,NYSE,"National Health Investors, Inc. Common Stock",2026-08-04,2026-08-05
NHPAP,inactive,non_common_stock:nasdaq_non_common_suffix,NASDAQ,"National Healthcare Properties, Inc. - 7.375% Series A Cumulative Redeemable Perpetual Preferred Stock",2026-08-04,2026-08-05
NHPBP,inactive,non_common_stock:nasdaq_non_common_suffix,NASDAQ,"National Healthcare Properties, Inc. - 7.125% Series B Cumulative Redeemable Perpetual Preferred Stock",2026-08-04,2026-08-05
NHTC,active,listed_common_stock_with_current_price,NASDAQ,Natural Health Trends Corp. - Common Stock,2026-08-04,2026-08-05
NI,active,listed_common_stock_with_current_price,NYSE,NiSource Inc Common Stock,2026-08-04,2026-08-05
NIC,active,listed_common_stock_with_current_price,NYSE,Nicolet Bankshares Inc. Common Stock,2026-08-04,2026-08-05
NICE,active,listed_common_stock_with_current_price,NASDAQ,NICE Ltd - American Depositary Shares each representing one Ordinary Share,2026-08-04,2026-08-05
NINE,active,listed_common_stock_with_current_price,NYSE American,"Nine Energy Service, Inc. Common Stock",2026-08-04,2026-08-05
NIO,active,listed_common_stock_with_current_price,NYSE,"NIO Inc. American depositary shares, each  representing one Class A ordinary share",2026-08-04,2026-08-05
NIU,active,listed_common_stock_with_current_price,NASDAQ,Niu Technologies - American Depositary Shares,2026-08-04,2026-08-05
NIXX,active,listed_common_stock_with_current_price,NASDAQ,"Nixxy, Inc. - Common Stock",2026-08-04,2026-08-05
NIXXW,inactive,not_in_current_exchange_directories,,,2026-07-01,2026-08-05
NJR,active,listed_common_stock_with_current_price,NYSE,NewJersey Resources Corporation Common Stock,2026-08-04,2026-08-05
NKE,active,listed_common_stock_with_current_price,NYSE,"Nike, Inc. Common Stock",2026-08-04,2026-08-05
NKSH,active,listed_common_stock_with_current_price,NASDAQ,"National Bankshares, Inc. - Common Stock",2026-08-04,2026-08-05
NKTR,active,listed_common_stock_with_current_price,NASDAQ,Nektar Therapeutics - Common Stock,2026-08-04,2026-08-05
NKTX,active,listed_common_stock_with_current_price,NASDAQ,"Nkarta, Inc. - Common Stock",2026-08-04,2026-08-05
NL,active,listed_common_stock_with_current_price,NYSE,"NLI Holdings, Inc. Common Stock",2026-08-04,2026-08-05
NLY,active,listed_common_stock_with_current_price,NYSE,Annaly Capital Management Inc. Common Stock,2026-08-04,2026-08-05
NMAI,active,listed_common_stock_with_current_price,NYSE,Nuveen Multi-Asset Income Fund Common Shares of Beneficial Interest,2026-08-04,2026-08-05
NMCO,active,listed_common_stock_with_current_price,NYSE,Nuveen Municipal Credit Opportunities Fund Common Shares,2026-08-04,2026-08-05
NMFC,active,listed_common_stock_with_current_price,NASDAQ,New Mountain Finance Corporation - Common Stock,2026-08-04,2026-08-05
NMG,active,listed_common_stock_with_current_price,NYSE,Nouveau Monde Graphite Inc. Common Shares,2026-08-04,2026-08-05
NMIH,active,listed_common_stock_with_current_price,NASDAQ,NMI Holdings Inc - Common Stock,2026-08-04,2026-08-05
NMKBP,inactive,not_in_current_exchange_directories,,,2026-08-04,2026-08-05
NMM,inactive,non_common_stock:obvious_non_common_title,NYSE,Navios Maritime Partners LP Common Units Representing Limited Partner Interests,2026-08-04,2026-08-05
NMR,active,listed_common_stock_with_current_price,NYSE,Nomura Holdings Inc ADR American Depositary Shares,2026-08-04,2026-08-05
NMRK,active,listed_common_stock_with_current_price,NASDAQ,"Newmark Group, Inc. - Class A Common Stock",2026-08-04,2026-08-05
NMTC,active,listed_common_stock_with_current_price,NASDAQ,NeuroOne Medical Technologies Corporation - Common Stock,2026-08-04,2026-08-05
NN,active,listed_common_stock_with_current_price,NASDAQ,NextNav Inc. - Common stock,2026-08-04,2026-08-05
NNAVW,inactive,not_in_current_exchange_directories,,,2026-07-02,2026-08-05
NNBR,active,listed_common_stock_with_current_price,NASDAQ,"NN, Inc. - Common Stock",2026-08-04,2026-08-05
NNDM,active,listed_common_stock_with_current_price,NASDAQ,Nano Dimension Ltd. - American Depositary Shares,2026-08-04,2026-08-05
NNI,active,listed_common_stock_with_current_price,NYSE,"Nelnet, Inc. Common Stock",2026-08-04,2026-08-05
NNN,active,listed_common_stock_with_current_price,NYSE,"NNN REIT, Inc. Common Stock",2026-08-04,2026-08-05
NNOX,active,listed_common_stock_with_current_price,NASDAQ,NANO-X IMAGING LTD - Ordinary Shares,2026-08-04,2026-08-05
NNVC,active,listed_common_stock_with_current_price,NYSE American,"NanoViricides, Inc. Common Stock",2026-08-04,2026-08-05
NOA,active,listed_common_stock_with_current_price,NYSE,North American Construction Group Ltd. Common Shares (no par),2026-08-04,2026-08-05
NOAH,active,listed_common_stock_with_current_price,NYSE,Noah Holdings Limited American Depositary Shares,2026-08-04,2026-08-05
NOC,active,listed_common_stock_with_current_price,NYSE,Northrop Grumman Corporation Common Stock,2026-08-04,2026-08-05
NODK,active,listed_common_stock_with_current_price,NASDAQ,"NI Holdings, Inc. - Common Stock",2026-08-04,2026-08-05
NOG,active,listed_common_stock_with_current_price,NYSE,"Northern Oil and Gas, Inc. Common Stock",2026-08-04,2026-08-05
NOK,active,listed_common_stock_with_current_price,NYSE,Nokia Corporation Sponsored American Depositary Shares,2026-08-04,2026-08-05
NOMD,active,listed_common_stock_with_current_price,NYSE,Nomad Foods Limited Ordinary Shares,2026-08-04,2026-08-05
NORD,inactive,not_in_current_exchange_directories,,,2026-08-04,2026-08-05
NOTV,inactive,not_in_current_exchange_directories,,,2026-07-27,2026-08-05
NOV,active,listed_common_stock_with_current_price,NYSE,NOV Inc. Common Stock,2026-08-04,2026-08-05
NOVT,active,listed_common_stock_with_current_price,NASDAQ,Novanta Inc. - Common Shares,2026-08-04,2026-08-05
NOW,active,listed_common_stock_with_current_price,NYSE,"ServiceNow, Inc. Common Stock",2026-08-04,2026-08-05
NP,active,listed_common_stock_with_current_price,NYSE,Neptune Insurance Holdings Inc. Class A Common Stock,2026-08-04,2026-08-05
NPCE,active,listed_common_stock_with_current_price,NASDAQ,"Neuropace, Inc. - Common Stock",2026-08-04,2026-08-05
NPCT,active,listed_common_stock_with_current_price,NYSE,Nuveen Core Plus Impact Fund Common Shares of Beneficial Interest,2026-08-04,2026-08-05
NPFD,inactive,non_common_stock:obvious_non_common_title,NYSE,Nuveen Variable Rate Preferred & Income Fund Common Shares,2026-08-04,2026-08-05
NPK,active,listed_common_stock_with_current_price,NYSE,"National Presto Industries, Inc. Common Stock",2026-08-04,2026-08-05
NPKI,active,listed_common_stock_with_current_price,NYSE,NPK International Inc. Common Stock,2026-08-04,2026-08-05
NPO,active,listed_common_stock_with_current_price,NYSE,Enpro Inc. Common Stock,2026-08-04,2026-08-05
NPWR,active,listed_common_stock_with_current_price,NYSE,NET Power Inc. Class A Common Stock,2026-08-04,2026-08-05
NRC,active,listed_common_stock_with_current_price,NASDAQ,NRC Health - Common Stock,2026-08-04,2026-08-05
NRDS,active,listed_common_stock_with_current_price,NASDAQ,"NerdWallet, Inc. - Class A Common Stock",2026-08-04,2026-08-05
NRDY,active,listed_common_stock_with_current_price,NYSE,Nerdy Inc. Class A Common Stock,2026-08-04,2026-08-05
NREF,active,listed_common_stock_with_current_price,NYSE,"NexPoint Real Estate Finance, Inc. Common Stock",2026-08-04,2026-08-05
NRG,active,listed_common_stock_with_current_price,NYSE,"NRG Energy, Inc. Common Stock",2026-08-04,2026-08-05
NRGD,inactive,exchange_directory_etf,NYSE Arca,"MicroSectors U.S. Big Oil -3 Inverse Leveraged ETNs due February 17, 2045",2026-08-04,2026-08-05
NRGU,inactive,exchange_directory_etf,NYSE Arca,"MicroSectors U.S. Big Oil 3 Leveraged ETNs due February 17, 2045",2026-08-04,2026-08-05
NRGV,active,listed_common_stock_with_current_price,NYSE,"Energy Vault Holdings, Inc. Common Stock",2026-08-04,2026-08-05
NRIM,active,listed_common_stock_with_current_price,NASDAQ,Northrim BanCorp Inc - Common Stock,2026-08-04,2026-08-05
NRIX,active,listed_common_stock_with_current_price,NASDAQ,"Nurix Therapeutics, Inc. - Common stock",2026-08-04,2026-08-05
NRP,active,listed_common_stock_with_current_price,NYSE,Natural Resource Partners LP Limited Partnership,2026-08-04,2026-08-05
NRSN,active,listed_common_stock_with_current_price,NASDAQ,NeuroSense Therapeutics Ltd. - Ordinary Shares,2026-08-04,2026-08-05
NRSNW,inactive,non_common_stock:nasdaq_non_common_suffix,NASDAQ,NeuroSense Therapeutics Ltd. - Warrant,2026-07-17,2026-08-05
NRT,active,listed_common_stock_with_current_price,NYSE,North European Oil Royality Trust Common Stock,2026-08-04,2026-08-05
NRUC,inactive,non_common_stock:obvious_non_common_title,NYSE,National Rural Utilities Cooperative Finance Corporation 5.500% Subordinated Notes due 2064 (Subordinated Deferrable Interest Notes),2026-08-04,2026-08-05
NRXP,active,listed_common_stock_with_current_price,NASDAQ,"NRX Pharmaceuticals, Inc. - Common Stock",2026-08-04,2026-08-05
NRXPW,inactive,not_in_current_exchange_directories,,,2026-05-28,2026-08-05
NSA,inactive,not_in_current_exchange_directories,,,2026-07-17,2026-08-05
NSC,active,listed_common_stock_with_current_price,NYSE,Norfolk Southern Corporation Common Stock,2026-08-04,2026-08-05
NSIT,active,listed_common_stock_with_current_price,NASDAQ,"Insight Enterprises, Inc. - Common Stock",2026-08-04,2026-08-05
NSP,active,listed_common_stock_with_current_price,NYSE,"Insperity, Inc. Common Stock",2026-08-04,2026-08-05
NSPR,active,listed_common_stock_with_current_price,NASDAQ,InspireMD Inc. - Common Stock,2026-08-04,2026-08-05
NSSC,active,listed_common_stock_with_current_price,NASDAQ,"NAPCO Security Technologies, Inc. - Common Stock",2026-08-04,2026-08-05
NSTS,active,listed_common_stock_with_current_price,NASDAQ,"NSTS Bancorp, Inc. - Common Stock",2026-08-04,2026-08-05
NSYS,active,listed_common_stock_with_current_price,NASDAQ,Nortech Systems Incorporated - Common Stock,2026-08-04,2026-08-05
NTAP,active,listed_common_stock_with_current_price,NASDAQ,"NetApp, Inc. - Common Stock",2026-08-04,2026-08-05
NTB,active,listed_common_stock_with_current_price,NYSE,Bank of N.T. Butterfield & Son Limited (The) Voting Ordinary Shares,2026-08-04,2026-08-05
NTCT,active,listed_common_stock_with_current_price,NASDAQ,"NetScout Systems, Inc. - Common Stock",2026-08-04,2026-08-05
NTES,active,listed_common_stock_with_current_price,NASDAQ,"NetEase, Inc. - American Depositary Shares, each representing 5 ordinary shares",2026-08-04,2026-08-05
NTGR,active,listed_common_stock_with_current_price,NASDAQ,"NETGEAR, Inc. - Common Stock",2026-08-04,2026-08-05
NTIC,active,listed_common_stock_with_current_price,NASDAQ,Northern Technologies International Corporation - Common Stock,2026-08-04,2026-08-05
NTIP,active,listed_common_stock_with_current_price,NYSE American,"Network-1 Technologies, Inc. Common Stock",2026-08-04,2026-08-05
NTLA,active,listed_common_stock_with_current_price,NASDAQ,"Intellia Therapeutics, Inc. - Common Stock",2026-08-04,2026-08-05
NTNX,active,listed_common_stock_with_current_price,NASDAQ,"Nutanix, Inc. - Class A Common Stock",2026-08-04,2026-08-05
NTR,active,listed_common_stock_with_current_price,NYSE,Nutrien Ltd. Common Shares,2026-08-04,2026-08-05
NTRA,active,listed_common_stock_with_current_price,NASDAQ,"Natera, Inc. - Common Stock",2026-08-04,2026-08-05
NTRB,active,listed_common_stock_with_current_price,NASDAQ,Nutriband Inc. - Common Stock,2026-08-04,2026-08-05
NTRBW,inactive,non_common_stock:nasdaq_non_common_suffix,NASDAQ,Nutriband Inc. - Warrant,2026-08-04,2026-08-05
NTRP,active,listed_common_stock_with_current_price,NASDAQ,"NextTrip, Inc. - Common Stock",2026-08-04,2026-08-05
NTRS,active,listed_common_stock_with_current_price,NASDAQ,Northern Trust Corporation - Common Stock,2026-08-04,2026-08-05
NTRSO,inactive,non_common_stock:obvious_non_common_title,NASDAQ,"Northern Trust Corporation - Depositary Shares Each Representing a 1/1,000th Interest in a Share of Series E Non-Cumulative Perpetual Preferred Stock",2026-08-04,2026-08-05
NTST,active,listed_common_stock_with_current_price,NYSE,NetSTREIT Corp. Common Stock,2026-08-04,2026-08-05
NTWK,active,listed_common_stock_with_current_price,NASDAQ,NETSOL Technologies Inc. - Common Stock,2026-08-04,2026-08-05
NTZ,active,listed_common_stock_with_current_price,NYSE,"Natuzzi, S.p.A.",2026-08-04,2026-08-05
NU,active,listed_common_stock_with_current_price,NYSE,Nu Holdings Ltd. Class A Ordinary Shares,2026-08-04,2026-08-05
NUE,active,listed_common_stock_with_current_price,NYSE,Nucor Corporation Common Stock,2026-08-04,2026-08-05
NUS,active,listed_common_stock_with_current_price,NYSE,"Nu Skin Enterprises, Inc. Common Stock",2026-08-04,2026-08-05
NUTR,active,listed_common_stock_with_current_price,NASDAQ,Nusatrip Incorporated - Common Stock,2026-08-04,2026-08-05
NUTX,active,listed_common_stock_with_current_price,NASDAQ,Nutex Health Inc. - Common Stock,2026-08-04,2026-08-05
NUVB,active,listed_common_stock_with_current_price,NYSE,Nuvation Bio Inc. Class A Common Stock,2026-08-04,2026-08-05
NUVL,inactive,not_in_current_exchange_directories,,,2026-07-21,2026-08-05
NUWE,active,listed_common_stock_with_current_price,NASDAQ,"Nuwellis, Inc. - Common Stock",2026-08-04,2026-08-05
NVAX,active,listed_common_stock_with_current_price,NASDAQ,"Novavax, Inc. - Common Stock",2026-08-04,2026-08-05
NVCR,active,listed_common_stock_with_current_price,NASDAQ,NovoCure Limited - Ordinary Shares,2026-08-04,2026-08-05
NVCT,active,listed_common_stock_with_current_price,NASDAQ,"Nuvectis Pharma, Inc. - Common Stock",2026-08-04,2026-08-05
NVDA,active,listed_common_stock_with_current_price,NASDAQ,NVIDIA Corporation - Common Stock,2026-08-04,2026-08-05
NVEC,active,listed_common_stock_with_current_price,NASDAQ,NVE Corporation - Common Stock,2026-08-04,2026-08-05
NVGS,active,listed_common_stock_with_current_price,NYSE,Navigator Holdings Ltd. Ordinary Shares (Marshall Islands),2026-08-04,2026-08-05
NVMI,active,listed_common_stock_with_current_price,NASDAQ,Nova Ltd. - Ordinary Shares,2026-08-04,2026-08-05
NVNO,active,listed_common_stock_with_current_price,NASDAQ,enVVeno Medical Corporation - Common Stock,2026-08-04,2026-08-05
NVO,active,listed_common_stock_with_current_price,NYSE,Novo Nordisk A/S Common Stock,2026-08-04,2026-08-05
NVR,active,listed_common_stock_with_current_price,NYSE,"NVR, Inc. Common Stock",2026-08-04,2026-08-05
NVRI,active,listed_common_stock_with_current_price,NYSE,Enviri Corporation Common Stock,2026-08-04,2026-08-05
NVS,active,listed_common_stock_with_current_price,NYSE,Novartis AG Common Stock,2026-08-04,2026-08-05
NVST,active,listed_common_stock_with_current_price,NYSE,Envista Holdings Corporation Common Stock,2026-08-04,2026-08-05
NVT,active,listed_common_stock_with_current_price,NYSE,nVent Electric plc Ordinary Shares,2026-08-04,2026-08-05
NVTS,active,listed_common_stock_with_current_price,NASDAQ,Navitas Semiconductor Corporation - Common Stock,2026-08-04,2026-08-05
NVVE,inactive,not_in_current_exchange_directories,,,2026-08-04,2026-08-05
NVX,active,listed_common_stock_with_current_price,NASDAQ,NOVONIX Limited - American Depository Shares,2026-08-04,2026-08-05
NWBI,active,listed_common_stock_with_current_price,NASDAQ,"Northwest Bancshares, Inc. - Common Stock",2026-08-04,2026-08-05
NWE,active,listed_common_stock_with_current_price,NASDAQ,"NorthWestern Energy Group, Inc.  - Common Stock",2026-08-04,2026-08-05
NWFL,active,listed_common_stock_with_current_price,NASDAQ,Norwood Financial Corp. - Common Stock,2026-08-04,2026-08-05
NWG,active,listed_common_stock_with_current_price,NYSE,"NatWest Group plc American Depositary Shares, (each representing two (2) Ordinary Shares)",2026-08-04,2026-08-05
NWL,active,listed_common_stock_with_current_price,NASDAQ,Newell Brands Inc. - Common Stock,2026-08-04,2026-08-05
NWN,active,listed_common_stock_with_current_price,NYSE,Northwest Natural Holding Company Common Stock,2026-08-04,2026-08-05
NWPX,active,listed_common_stock_with_current_price,NASDAQ,"NWPX Infrastructure, Inc. - Common Stock",2026-08-04,2026-08-05
NWS,active,listed_common_stock_with_current_price,NASDAQ,News Corporation - Class B Common Stock,2026-08-04,2026-08-05
NWSA,active,listed_common_stock_with_current_price,NASDAQ,News Corporation - Class A Common Stock,2026-08-04,2026-08-05
NX,active,listed_common_stock_with_current_price,NYSE,Quanex Building Products Corporation Common Stock,2026-08-04,2026-08-05
NXDR,active,listed_common_stock_with_current_price,NYSE,"Nextdoor Holdings, Inc. Class A Common Stock",2026-08-04,2026-08-05
NXDT,active,listed_common_stock_with_current_price,NYSE,NexPoint Diversified Real Estate Trust Common Stock,2026-08-04,2026-08-05
NXE,active,listed_common_stock_with_current_price,NYSE,Nexgen Energy Ltd. Common Shares,2026-08-04,2026-08-05
NXG,active,listed_common_stock_with_current_price,NYSE,NXG NextGen Infrastructure Income Fund Common Shares of Beneficial Interest,2026-08-04,2026-08-05
NXGL,active,listed_common_stock_with_current_price,NASDAQ,"NexGel, Inc - Common Stock",2026-08-04,2026-08-05
NXGLW,inactive,non_common_stock:nasdaq_non_common_suffix,NASDAQ,"NexGel, Inc - Warrant",2026-07-17,2026-08-05
NXL,active,listed_common_stock_with_current_price,NASDAQ,"Nexalin Technology, Inc. - Common Stock",2026-08-04,2026-08-05
NXPI,active,listed_common_stock_with_current_price,NASDAQ,NXP Semiconductors N.V. - Common Stock,2026-08-04,2026-08-05
NXPL,active,listed_common_stock_with_current_price,NASDAQ,NextPlat Corp - Common Stock,2026-08-04,2026-08-05
NXPLW,inactive,not_in_current_exchange_directories,,,2026-06-11,2026-08-05
NXRT,active,listed_common_stock_with_current_price,NYSE,"NexPoint Residential Trust, Inc. Common Stock",2026-08-04,2026-08-05
NXST,active,listed_common_stock_with_current_price,NASDAQ,"Nexstar Media Group, Inc. - Common Stock",2026-08-04,2026-08-05
NXTC,active,listed_common_stock_with_current_price,NASDAQ,"NextCure, Inc. - Common Stock",2026-08-04,2026-08-05
NXTS,active,listed_common_stock_with_current_price,NASDAQ,Nexentis Technologies Inc. - Common Stock,2026-08-04,2026-08-05
NXTT,active,listed_common_stock_with_current_price,NASDAQ,Next Technology Holding Inc. - Ordinary Shares,2026-08-04,2026-08-05
NXXT,active,listed_common_stock_with_current_price,NASDAQ,"NextNRG, Inc. - Common Stock",2026-08-04,2026-08-05
NYAX,active,listed_common_stock_with_current_price,NASDAQ,Nayax Ltd. - Ordinary Shares,2026-08-04,2026-08-05
NYC,active,listed_common_stock_with_current_price,NYSE,American Strategic Investment Co. Class A Common Stock,2026-08-04,2026-08-05
NYT,active,listed_common_stock_with_current_price,NYSE,New York Times Company (The) Common Stock,2026-08-04,2026-08-05
NYXH,active,listed_common_stock_with_current_price,NASDAQ,Nyxoah SA - Ordinary Shares,2026-08-04,2026-08-05
O,active,listed_common_stock_with_current_price,NYSE,Realty Income Corporation Common Stock,2026-08-04,2026-08-05
OABI,active,listed_common_stock_with_current_price,NASDAQ,"OmniAb, Inc. - Common Stock",2026-08-04,2026-08-05
OABIW,inactive,non_common_stock:nasdaq_non_common_suffix,NASDAQ,"OmniAb, Inc. - Warrant",2026-07-17,2026-08-05
OBDC,active,listed_common_stock_with_current_price,NYSE,Blue Owl Capital Corporation Common Stock,2026-08-04,2026-08-05
OBE,active,listed_common_stock_with_current_price,NYSE American,Obsidian Energy Ltd. Common Shares,2026-08-04,2026-08-05
OBIO,active,listed_common_stock_with_current_price,NASDAQ,"Orchestra BioMed Holdings, Inc. - Ordinary Shares",2026-08-04,2026-08-05
OBK,active,listed_common_stock_with_current_price,NYSE,"Origin Bancorp, Inc. Common Stock",2026-08-04,2026-08-05
OBT,active,listed_common_stock_with_current_price,NASDAQ,"Orange County Bancorp, Inc. - Common Stock",2026-08-04,2026-08-05
OC,active,listed_common_stock_with_current_price,NYSE,Owens Corning Inc Common Stock New,2026-08-04,2026-08-05
OCC,active,listed_common_stock_with_current_price,NASDAQ,Optical Cable Corporation - Common Stock,2026-08-04,2026-08-05
OCCI,active,listed_common_stock_with_current_price,NASDAQ,"OFS Credit Company, Inc. - Closed End Fund",2026-08-04,2026-08-05
OCCIN,inactive,non_common_stock:obvious_non_common_title,NASDAQ,"OFS Credit Company, Inc. - 5.25% Series E Term Preferred Stock Due 2026",2026-08-04,2026-08-05
OCCIO,inactive,not_in_current_exchange_directories,,,2026-05-13,2026-08-05
OCFC,active,listed_common_stock_with_current_price,NASDAQ,OceanFirst Financial Corp. - Common Stock,2026-08-04,2026-08-05
OCG,active,listed_common_stock_with_current_price,NASDAQ,Oriental Culture Holding LTD - Ordinary Shares,2026-08-04,2026-08-05
OCGN,active,listed_common_stock_with_current_price,NASDAQ,"Ocugen, Inc. - Common Stock",2026-08-04,2026-08-05
OCSL,active,listed_common_stock_with_current_price,NASDAQ,Oaktree Specialty Lending Corporation - Closed End Fund,2026-08-04,2026-08-05
OCUL,active,listed_common_stock_with_current_price,NASDAQ,"Ocular Therapeutix, Inc. - Common Stock",2026-08-04,2026-08-05
ODC,active,listed_common_stock_with_current_price,NYSE,Oil-Dri Corporation Of America Common Stock,2026-08-04,2026-08-05
ODFL,active,listed_common_stock_with_current_price,NASDAQ,"Old Dominion Freight Line, Inc. - Common Stock",2026-08-04,2026-08-05
ODV,inactive,not_in_current_exchange_directories,,,2026-07-27,2026-08-05
OEC,active,listed_common_stock_with_current_price,NYSE,Orion S.A. Common Shares,2026-08-04,2026-08-05
OESX,active,listed_common_stock_with_current_price,NASDAQ,"Orion Energy Systems, Inc. - Common Stock",2026-08-04,2026-08-05
OFG,active,listed_common_stock_with_current_price,NYSE,OFG Bancorp Common Stock,2026-08-04,2026-08-05
OFIX,active,listed_common_stock_with_current_price,NASDAQ,Orthofix Medical Inc.  - Common Stock,2026-08-04,2026-08-05
OFLX,active,listed_common_stock_with_current_price,NASDAQ,"Omega Flex, Inc. - Common Stock",2026-08-04,2026-08-05
OFS,active,listed_common_stock_with_current_price,NASDAQ,OFS Capital Corporation - Closed End Fund,2026-08-04,2026-08-05
OFSSH,inactive,non_common_stock:obvious_non_common_title,NASDAQ,OFS Capital Corporation - 4.95% Notes due 2028,2026-08-04,2026-08-05
OGCP,inactive,non_common_stock:obvious_non_common_title,NYSE Arca,"Empire State Realty OP, L.P. Series 60 Operating Partnership Units Representing Limited Partnership Interests",2026-08-04,2026-08-05
OGE,active,listed_common_stock_with_current_price,NYSE,OGE Energy Corp Common Stock,2026-08-04,2026-08-05
OGEN,active,listed_common_stock_with_current_price,NYSE American,Oragenics Inc. Common Stock,2026-08-04,2026-08-05
OGI,active,listed_common_stock_with_current_price,NASDAQ,Organigram Global Inc. - Common Shares,2026-08-04,2026-08-05
OGN,active,listed_common_stock_with_current_price,NYSE,Organon & Co. Common Stock,2026-08-04,2026-08-05
OGS,active,listed_common_stock_with_current_price,NYSE,"ONE Gas, Inc. Common Stock",2026-08-04,2026-08-05
OHI,active,listed_common_stock_with_current_price,NYSE,"Omega Healthcare Investors, Inc. Common Stock",2026-08-04,2026-08-05
OI,active,listed_common_stock_with_current_price,NYSE,"O-I Glass, Inc. Common Stock",2026-08-04,2026-08-05
OII,active,listed_common_stock_with_current_price,NYSE,"Oceaneering International, Inc. Common Stock",2026-08-04,2026-08-05
OIS,active,listed_common_stock_with_current_price,NYSE,"Oil States International, Inc. Common Stock",2026-08-04,2026-08-05
OKE,active,listed_common_stock_with_current_price,NYSE,"ONEOK, Inc. Common Stock",2026-08-04,2026-08-05
OKLO,active,listed_common_stock_with_current_price,NYSE,Oklo Inc. Class A common stock,2026-08-04,2026-08-05
OKTA,active,listed_common_stock_with_current_price,NASDAQ,"Okta, Inc. - Class A Common Stock",2026-08-04,2026-08-05
OKYO,active,listed_common_stock_with_current_price,NASDAQ,OKYO Pharma Limited - Ordinary Shares,2026-08-04,2026-08-05
OLB,active,listed_common_stock_with_current_price,NASDAQ,"The OLB Group, Inc. - Common Stock",2026-08-04,2026-08-05
OLED,active,listed_common_stock_with_current_price,NASDAQ,Universal Display Corporation - Common Stock,2026-08-04,2026-08-05
OLLI,active,listed_common_stock_with_current_price,NASDAQ,"Ollie's Bargain Outlet Holdings, Inc. - Common Stock",2026-08-04,2026-08-05
OLMA,active,listed_common_stock_with_current_price,NASDAQ,"Olema Pharmaceuticals, Inc. - Common Stock",2026-08-04,2026-08-05
OLN,active,listed_common_stock_with_current_price,NYSE,Olin Corporation Common Stock,2026-08-04,2026-08-05
OLOX,active,listed_common_stock_with_current_price,NASDAQ,Olenox Industries Inc. - Common Stock,2026-08-04,2026-08-05
OLP,active,listed_common_stock_with_current_price,NYSE,"One Liberty Properties, Inc. Common Stock",2026-08-04,2026-08-05
OLPX,inactive,not_in_current_exchange_directories,,,2026-07-13,2026-08-05
OM,active,listed_common_stock_with_current_price,NASDAQ,"Outset Medical, Inc. - Common Stock",2026-08-04,2026-08-05
OMAB,active,listed_common_stock_with_current_price,NASDAQ,Grupo Aeroportuario del Centro Norte S.A.B. de C.V. - American Depositary Shares each representing 8 Series B shares,2026-08-04,2026-08-05
OMC,active,listed_common_stock_with_current_price,NYSE,Omnicom Group Inc. Common Stock,2026-08-04,2026-08-05
OMCL,active,listed_common_stock_with_current_price,NASDAQ,"Omnicell, Inc. - Common Stock",2026-08-04,2026-08-05
OMER,active,listed_common_stock_with_current_price,NASDAQ,Omeros Corporation - Common Stock,2026-08-04,2026-08-05
OMEX,active,listed_common_stock_with_current_price,NASDAQ,"Odyssey Marine Exploration, Inc. - Common Stock",2026-08-04,2026-08-05
OMF,active,listed_common_stock_with_current_price,NYSE,"OneMain Holdings, Inc. Common Stock",2026-08-04,2026-08-05
ON,active,listed_common_stock_with_current_price,NASDAQ,ON Semiconductor Corporation - Common Stock,2026-08-04,2026-08-05
ONB,active,listed_common_stock_with_current_price,NASDAQ,Old National Bancorp - Common Stock,2026-08-04,2026-08-05
ONBPO,inactive,non_common_stock:obvious_non_common_title,NASDAQ,"Old National Bancorp - Depositary Shares, Each Representing a 1/40th Interest in a Share of Series C Preferred Stock",2026-08-04,2026-08-05
ONBPP,inactive,non_common_stock:nasdaq_non_common_suffix,NASDAQ,"Old National Bancorp - Depositary Shares, Each Representing a 1/40th Interest in a Share of Series A Preferred Stock",2026-08-04,2026-08-05
ONC,active,listed_common_stock_with_current_price,NASDAQ,BeOne Medicines Ltd. - American Depositary Shares,2026-08-04,2026-08-05
ONCO,active,listed_common_stock_with_current_price,NASDAQ,"Onconetix, Inc.  - Common Stock",2026-08-04,2026-08-05
ONCY,active,listed_common_stock_with_current_price,NASDAQ,Oncolytics Biotech Inc. - Common Stock,2026-08-04,2026-08-05
ONDS,active,listed_common_stock_with_current_price,NASDAQ,Ondas Inc - Common Stock,2026-08-04,2026-08-05
ONEW,active,listed_common_stock_with_current_price,NASDAQ,OneWater Marine Inc. - Class A Common Stock,2026-08-04,2026-08-05
ONFO,active,listed_common_stock_with_current_price,NASDAQ,Onfolio Holdings Inc. - Common Stock,2026-08-04,2026-08-05
ONFOW,inactive,non_common_stock:nasdaq_non_common_suffix,NASDAQ,Onfolio Holdings Inc. - Warrant,2026-08-04,2026-08-05
ONIT,active,listed_common_stock_with_current_price,NYSE,Onity Group Inc. Common Stock,2026-08-04,2026-08-05
ONL,active,listed_common_stock_with_current_price,NYSE,Orion Properties Inc. Common Stock,2026-08-04,2026-08-05
ONMD,active,listed_common_stock_with_current_price,NASDAQ,OneMedNet Corp - Class A Common Stock,2026-08-04,2026-08-05
ONMDW,inactive,non_common_stock:nasdaq_non_common_suffix,NASDAQ,OneMedNet Corp - Warrant,2026-08-04,2026-08-05
ONON,active,listed_common_stock_with_current_price,NYSE,On Holding AG Class A Ordinary Shares,2026-08-04,2026-08-05
ONTF,inactive,not_in_current_exchange_directories,,,2026-03-31,2026-08-05
ONTO,active,listed_common_stock_with_current_price,NYSE,Onto Innovation Inc. Common Stock,2026-08-04,2026-08-05
OOMA,active,listed_common_stock_with_current_price,NYSE,"Ooma, Inc. Common Stock",2026-08-04,2026-08-05
OPAD,active,listed_common_stock_with_current_price,NYSE,Offerpad Solutions Inc. Class A Common Stock,2026-08-04,2026-08-05
OPAL,active,listed_common_stock_with_current_price,NASDAQ,OPAL Fuels Inc. - Class A Common Stock,2026-08-04,2026-08-05
OPBK,active,listed_common_stock_with_current_price,NASDAQ,OP Bancorp - Common Stock,2026-08-04,2026-08-05
OPCH,active,listed_common_stock_with_current_price,NASDAQ,"Option Care Health, Inc. - Common Stock",2026-08-04,2026-08-05
OPEN,active,listed_common_stock_with_current_price,NASDAQ,Opendoor Technologies Inc  - Common Stock,2026-08-04,2026-08-05
OPFI,active,listed_common_stock_with_current_price,NYSE,OppFi Inc. Class A Common Stock,2026-08-04,2026-08-05
OPHC,active,listed_common_stock_with_current_price,NYSE American,"OptimumBank Holdings, Inc. Common Stock",2026-08-04,2026-08-05
OPK,active,listed_common_stock_with_current_price,NASDAQ,"Opko Health, Inc. - Common Stock",2026-08-04,2026-08-05
OPLN,active,listed_common_stock_with_current_price,NYSE,"OPENLANE, Inc. Common Stock",2026-08-04,2026-08-05
OPRA,active,listed_common_stock_with_current_price,NASDAQ,Opera Limited - American Depositary Shares,2026-08-04,2026-08-05
OPRT,active,listed_common_stock_with_current_price,NASDAQ,Oportun Financial Corporation - common stock,2026-08-04,2026-08-05
OPRX,active,listed_common_stock_with_current_price,NASDAQ,OptimizeRx Corporation - Common Stock,2026-08-04,2026-08-05
OPTEY,inactive,not_in_current_exchange_directories,,,2026-07-22,2026-08-05
OPTT,active,listed_common_stock_with_current_price,NYSE American,"Ocean Power Technologies, Inc. Common Stock",2026-08-04,2026-08-05
OPTU,active,listed_common_stock_with_current_price,NYSE,"Optimum Communications, Inc. Class A common stock",2026-08-04,2026-08-05
OPTX,active,listed_common_stock_with_current_price,NASDAQ,"Syntec Optics Holdings, Inc. - Class A Common Stock",2026-08-04,2026-08-05
OPTXW,inactive,non_common_stock:nasdaq_non_common_suffix,NASDAQ,"Syntec Optics Holdings, Inc. - Warrant",2026-08-04,2026-08-05
OPXS,active,listed_common_stock_with_current_price,NASDAQ,"Optex Systems Holdings, Inc. - Common Stock",2026-08-04,2026-08-05
OPY,active,listed_common_stock_with_current_price,NYSE,"Oppenheimer Holdings, Inc. Class A Common Stock (DE)",2026-08-04,2026-08-05
OR,active,listed_common_stock_with_current_price,NYSE,OR Royalties Inc. Common Shares,2026-08-04,2026-08-05
ORA,active,listed_common_stock_with_current_price,NYSE,"Ormat Technologies, Inc. Common Stock",2026-08-04,2026-08-05
ORBS,active,listed_common_stock_with_current_price,NASDAQ,Eightco Holdings Inc. - Common Stock,2026-08-04,2026-08-05
ORC,active,listed_common_stock_with_current_price,NYSE,"Orchid Island Capital, Inc. Common Stock",2026-08-04,2026-08-05
ORCL,active,listed_common_stock_with_current_price,NYSE,Oracle Corporation Common Stock,2026-08-04,2026-08-05
ORGN,inactive,not_in_current_exchange_directories,,,2026-07-15,2026-08-05
ORGNW,inactive,not_in_current_exchange_directories,,,2026-07-02,2026-08-05
ORGO,active,listed_common_stock_with_current_price,NASDAQ,Organogenesis Holdings Inc.  - Class A,2026-08-04,2026-08-05
ORI,active,listed_common_stock_with_current_price,NYSE,Old Republic International Corporation Common Stock,2026-08-04,2026-08-05
ORIC,active,listed_common_stock_with_current_price,NASDAQ,"Oric Pharmaceuticals, Inc. - Common Stock",2026-08-04,2026-08-05
ORIO,active,listed_common_stock_with_current_price,NASDAQ,Orion Digital Corp. - Common Shares,2026-08-04,2026-08-05
ORKA,active,listed_common_stock_with_current_price,NASDAQ,"Oruka Therapeutics, Inc. - Common Stock",2026-08-04,2026-08-05
ORLA,inactive,not_in_current_exchange_directories,,,2026-07-31,2026-08-05
ORLY,active,listed_common_stock_with_current_price,NASDAQ,"O'Reilly Automotive, Inc. - Common Stock",2026-08-04,2026-08-05
ORMP,active,listed_common_stock_with_current_price,NASDAQ,Oramed Pharmaceuticals Inc. - Common Stock,2026-08-04,2026-08-05
ORN,active,listed_common_stock_with_current_price,NYSE,"Orion Group Holdings, Inc. Common",2026-08-04,2026-08-05
ORRF,active,listed_common_stock_with_current_price,NASDAQ,"Orrstown Financial Services, Inc. - Common Stock",2026-08-04,2026-08-05
OSBC,active,listed_common_stock_with_current_price,NASDAQ,"Old Second Bancorp, Inc. - Common Stock",2026-08-04,2026-08-05
OSCR,active,listed_common_stock_with_current_price,NYSE,"Oscar Health, Inc. Class A Common Stock",2026-08-04,2026-08-05
OSG,active,listed_common_stock_with_current_price,NYSE,"Octave Specialty Group, Inc. Common Stock",2026-08-04,2026-08-05
OSIS,active,listed_common_stock_with_current_price,NASDAQ,"OSI Systems, Inc. - Common Stock",2026-08-04,2026-08-05
OSK,active,listed_common_stock_with_current_price,NYSE,Oshkosh Corporation (Holding Company)Common Stock,2026-08-04,2026-08-05
OSPN,active,listed_common_stock_with_current_price,NASDAQ,OneSpan Inc. - Common Stock,2026-08-04,2026-08-05
OSS,active,listed_common_stock_with_current_price,NASDAQ,"One Stop Systems, Inc. - Common Stock",2026-08-04,2026-08-05
OST,active,listed_common_stock_with_current_price,NASDAQ,"Ostin Technology Group Co., Ltd. - Class A Ordinary Shares",2026-08-04,2026-08-05
OSUR,active,listed_common_stock_with_current_price,NASDAQ,"OraSure Technologies, Inc. - Common Stock",2026-08-04,2026-08-05
OSW,active,listed_common_stock_with_current_price,NASDAQ,OneSpaWorld Holdings Limited - Common Shares,2026-08-04,2026-08-05
OTEX,active,listed_common_stock_with_current_price,NASDAQ,Open Text Corporation - Common Shares,2026-08-04,2026-08-05
OTIS,active,listed_common_stock_with_current_price,NYSE,Otis Worldwide Corporation Common Stock,2026-08-04,2026-08-05
OTLK,active,listed_common_stock_with_current_price,NASDAQ,"Outlook Therapeutics, Inc. - Common Stock",2026-08-04,2026-08-05
OTLY,active,listed_common_stock_with_current_price,NASDAQ,Oatly Group AB - American Depositary Shares,2026-08-04,2026-08-05
OTTR,active,listed_common_stock_with_current_price,NASDAQ,Otter Tail Corporation - Common Stock,2026-08-04,2026-08-05
OUST,active,listed_common_stock_with_current_price,NASDAQ,"Ouster, Inc. - Common Stock",2026-08-04,2026-08-05
OUT,active,listed_common_stock_with_current_price,NYSE,OUTFRONT Media Inc. Common Stock,2026-08-04,2026-08-05
OVBC,active,listed_common_stock_with_current_price,NASDAQ,Ohio Valley Banc Corp. - Common Stock,2026-08-04,2026-08-05
OVID,active,listed_common_stock_with_current_price,NASDAQ,Ovid Therapeutics Inc. - Common Stock,2026-08-04,2026-08-05
OVLY,active,listed_common_stock_with_current_price,NASDAQ,Oak Valley Bancorp (CA) - Common Stock,2026-08-04,2026-08-05
OVV,active,listed_common_stock_with_current_price,NYSE,Ovintiv Inc. (DE),2026-08-04,2026-08-05
OWL,active,listed_common_stock_with_current_price,NYSE,Blue Owl Capital Inc. Class A Common Stock,2026-08-04,2026-08-05
OWLT,active,listed_common_stock_with_current_price,NYSE,"Owlet, Inc. Class A Common Stock",2026-08-04,2026-08-05
OXBR,active,listed_common_stock_with_current_price,NASDAQ,Oxbridge Re Holdings Limited - Ordinary Shares,2026-08-04,2026-08-05
OXBRW,inactive,non_common_stock:nasdaq_non_common_suffix,NASDAQ,Oxbridge Re Holdings Limited - Warrant,2026-07-17,2026-08-05
OXLCL,inactive,non_common_stock:obvious_non_common_title,NASDAQ,Oxford Lane Capital Corp. - 6.75% Notes due 2031,2026-08-04,2026-08-05
OXLCM,inactive,non_common_stock:obvious_non_common_title,NASDAQ,"Oxford Lane Capital Corp. - Preferred Stock Shares, 8.25% Series 2031",2026-08-04,2026-08-05
OXLCN,inactive,non_common_stock:obvious_non_common_title,NASDAQ,Oxford Lane Capital Corp. - 7.125% Series 2029 Term Preferred Stock,2026-08-04,2026-08-05
OXLCO,inactive,non_common_stock:obvious_non_common_title,NASDAQ,"Oxford Lane Capital Corp. - Preferred Stock Shares, 6.00% Series 2029",2026-08-04,2026-08-05
OXLCP,inactive,not_in_current_exchange_directories,,,2026-08-03,2026-08-05
OXLCZ,inactive,non_common_stock:obvious_non_common_title,NASDAQ,Oxford Lane Capital Corp. - 5.00% Notes due 2027,2026-08-04,2026-08-05
OXM,active,listed_common_stock_with_current_price,NYSE,"Oxford Industries, Inc. Common Stock",2026-08-04,2026-08-05
OXSQ,active,listed_common_stock_with_current_price,NASDAQ,Oxford Square Capital Corp. - Closed End Fund,2026-08-04,2026-08-05
OXSQG,inactive,non_common_stock:obvious_non_common_title,NASDAQ,Oxford Square Capital Corp. - 5.50% Notes due 2028,2026-08-04,2026-08-05
OXY,active,listed_common_stock_with_current_price,NYSE,Occidental Petroleum Corporation Common Stock,2026-08-04,2026-08-05
OZ,inactive,non_common_stock:obvious_non_common_title,NYSE American,"Belpointe PREP, LLC Class A Units",2026-08-04,2026-08-05
OZK,active,listed_common_stock_with_current_price,NASDAQ,Bank OZK - Common Stock,2026-08-04,2026-08-05
OZKAP,inactive,non_common_stock:nasdaq_non_common_suffix,NASDAQ,Bank OZK - 4.625% Series A Non-Cumulative Perpetual Preferred Stock,2026-08-04,2026-08-05
PAA,inactive,non_common_stock:obvious_non_common_title,NASDAQ,"Plains All American Pipeline, L.P. - Common Units representing Limited Partner Interests",2026-08-04,2026-08-05
PAAS,active,listed_common_stock_with_current_price,NYSE,Pan American Silver Corp. Common Stock,2026-08-04,2026-08-05
PAC,active,listed_common_stock_with_current_price,NYSE,"Grupo Aeroportuario Del Pacifico, S.A. B. de C.V. Grupo Aeroportuario Del Pacifico, S.A. de C.V. (each representing 10 Series B shares)",2026-08-04,2026-08-05
PACB,active,listed_common_stock_with_current_price,NASDAQ,"Pacific Biosciences of California, Inc. - Common Stock",2026-08-04,2026-08-05
PACK,active,listed_common_stock_with_current_price,NYSE,Ranpak Holdings Corp Class A Common Stock,2026-08-04,2026-08-05
PAG,active,listed_common_stock_with_current_price,NYSE,"Penske Automotive Group, Inc. Common Stock",2026-08-04,2026-08-05
PAGP,active,listed_common_stock_with_current_price,NASDAQ,"Plains GP Holdings, L.P. - Class A Shares representing limited partner interests",2026-08-04,2026-08-05
PAGS,active,listed_common_stock_with_current_price,NYSE,PagSeguro Digital Ltd. Class A Common Shares,2026-08-04,2026-08-05
PAHC,active,listed_common_stock_with_current_price,NASDAQ,Phibro Animal Health Corporation - Class A Common Stock,2026-08-04,2026-08-05
PAIYY,inactive,not_in_current_exchange_directories,,,2026-08-04,2026-08-05
PALI,active,listed_common_stock_with_current_price,NASDAQ,"Palisade Bio, Inc. - Common Stock",2026-08-04,2026-08-05
PAMT,active,listed_common_stock_with_current_price,NASDAQ,PAMT CORP - Common Stock,2026-08-04,2026-08-05
PANL,active,listed_common_stock_with_current_price,NASDAQ,Pangaea Logistics Solutions Ltd. - Common Stock,2026-08-04,2026-08-05
PANW,active,listed_common_stock_with_current_price,NASDAQ,"Palo Alto Networks, Inc. - Common Stock",2026-08-04,2026-08-05
PAR,active,listed_common_stock_with_current_price,NYSE,PAR Technology Corporation Common Stock,2026-08-04,2026-08-05
PARR,active,listed_common_stock_with_current_price,NYSE,"Par Pacific Holdings, Inc.  Common Stock",2026-08-04,2026-08-05
PASG,active,listed_common_stock_with_current_price,NASDAQ,"Passage Bio, Inc. - Common Stock",2026-08-04,2026-08-05
PATH,active,listed_common_stock_with_current_price,NYSE,"UiPath, Inc. Class A Common Stock",2026-08-04,2026-08-05
PATK,active,listed_common_stock_with_current_price,NASDAQ,"Patrick Industries, Inc. - Common Stock",2026-08-04,2026-08-05
PAVM,active,listed_common_stock_with_current_price,NASDAQ,PAVmed Inc. - Common Stock,2026-08-04,2026-08-05
PAVS,active,listed_common_stock_with_current_price,NASDAQ,Paranovus Entertainment Technology Ltd. - Class A Ordinary Shares,2026-08-04,2026-08-05
PAX,active,listed_common_stock_with_current_price,NASDAQ,Patria Investments Limited - Class A Common Shares,2026-08-04,2026-08-05
PAXS,active,listed_common_stock_with_current_price,NYSE,PIMCO Access Income Fund Common Shares of Beneficial Interest,2026-08-04,2026-08-05
PAY,active,listed_common_stock_with_current_price,NYSE,"Paymentus Holdings, Inc. Class A Common Stock",2026-08-04,2026-08-05
PAYC,active,listed_common_stock_with_current_price,NYSE,"Paycom Software, Inc. Common Stock",2026-08-04,2026-08-05
PAYO,active,listed_common_stock_with_current_price,NASDAQ,Payoneer Global Inc. - Common Stock,2026-08-04,2026-08-05
PAYS,active,listed_common_stock_with_current_price,NASDAQ,"Paysign, Inc. - Common Stock",2026-08-04,2026-08-05
PAYX,active,listed_common_stock_with_current_price,NASDAQ,"Paychex, Inc. - Common Stock",2026-08-04,2026-08-05
PB,active,listed_common_stock_with_current_price,NYSE,"Prosperity Bancshares, Inc. Common Stock",2026-08-04,2026-08-05
PBA,active,listed_common_stock_with_current_price,NYSE,Pembina Pipeline Corp. Ordinary Shares (Canada),2026-08-04,2026-08-05
PBF,active,listed_common_stock_with_current_price,NYSE,PBF Energy Inc. Class A Common Stock,2026-08-04,2026-08-05
PBFS,active,listed_common_stock_with_current_price,NASDAQ,"Pioneer Bancorp, Inc. - Common Stock",2026-08-04,2026-08-05
PBH,active,listed_common_stock_with_current_price,NYSE,Prestige Consumer Healthcare Inc. Common Stock,2026-08-04,2026-08-05
PBHC,active,listed_common_stock_with_current_price,NASDAQ,"Pathfinder Bancorp, Inc. - Common Stock",2026-08-04,2026-08-05
PBI,active,listed_common_stock_with_current_price,NYSE,Pitney Bowes Inc. Common Stock,2026-08-04,2026-08-05
PBR,active,listed_common_stock_with_current_price,NYSE,Petroleo Brasileiro S.A. Petrobras ADS,2026-08-04,2026-08-05
PBR-A,inactive,non_common_stock:obvious_non_common_title,NYSE,Petroleo Brasileiro S.A. Petrobras American Depositary Shares representing Preferred Shares,2026-08-04,2026-08-05
PBT,active,listed_common_stock_with_current_price,NYSE,Permian Basin Royalty Trust Common Stock,2026-08-04,2026-08-05
PBYI,active,listed_common_stock_with_current_price,NASDAQ,Puma Biotechnology Inc - Common Stock,2026-08-04,2026-08-05
PCAR,active,listed_common_stock_with_current_price,NASDAQ,PACCAR Inc. - Common Stock,2026-08-04,2026-08-05
PCB,active,listed_common_stock_with_current_price,NASDAQ,PCB Bancorp - Common Stock,2026-08-04,2026-08-05
PCG,active,listed_common_stock_with_current_price,NYSE,Pacific Gas & Electric Co. Common Stock,2026-08-04,2026-08-05
PCOR,active,listed_common_stock_with_current_price,NYSE,"Procore Technologies, Inc. Common Stock",2026-08-04,2026-08-05
PCRX,active,listed_common_stock_with_current_price,NASDAQ,"Pacira BioSciences, Inc. - Common Stock",2026-08-04,2026-08-05
PCSA,active,listed_common_stock_with_current_price,NASDAQ,"Processa Pharmaceuticals, Inc. - Common Stock",2026-08-04,2026-08-05
PCT,active,listed_common_stock_with_current_price,NASDAQ,"PureCycle Technologies, Inc. - Common stock",2026-08-04,2026-08-05
PCTTU,inactive,non_common_stock:nasdaq_non_common_suffix,NASDAQ,"PureCycle Technologies, Inc. - Unit",2026-08-04,2026-08-05
PCTTW,inactive,non_common_stock:nasdaq_non_common_suffix,NASDAQ,"PureCycle Technologies, Inc. - Warrant",2026-08-04,2026-08-05
PCTY,active,listed_common_stock_with_current_price,NASDAQ,Paylocity Holding Corporation - Common Stock,2026-08-04,2026-08-05
PCVX,active,listed_common_stock_with_current_price,NASDAQ,"Vaxcyte, Inc. - Common Stock",2026-08-04,2026-08-05
PCYO,active,listed_common_stock_with_current_price,NASDAQ,Pure Cycle Corporation - Common Stock,2026-08-04,2026-08-05
PD,active,listed_common_stock_with_current_price,NYSE,"PagerDuty, Inc. Common Stock",2026-08-04,2026-08-05
PDD,active,listed_common_stock_with_current_price,NASDAQ,PDD Holdings Inc. - American Depositary Shares,2026-08-04,2026-08-05
PDEX,active,listed_common_stock_with_current_price,NASDAQ,"Pro-Dex, Inc. - Common Stock",2026-08-04,2026-08-05
PDFS,active,listed_common_stock_with_current_price,NASDAQ,"PDF Solutions, Inc. - Common Stock",2026-08-04,2026-08-05
PDLB,active,listed_common_stock_with_current_price,NASDAQ,"Ponce Financial Group, Inc. - Common Stock",2026-08-04,2026-08-05
PDM,active,listed_common_stock_with_current_price,NYSE,"Piedmont Realty Trust, Inc. Class A Common Stock",2026-08-04,2026-08-05
PDS,active,listed_common_stock_with_current_price,NYSE,Precision Drilling Corporation Common Stock,2026-08-04,2026-08-05
PDSB,active,listed_common_stock_with_current_price,NASDAQ,PDS Biotechnology Corporation - Common Stock,2026-08-04,2026-08-05
PDX,active,listed_common_stock_with_current_price,NYSE,PIMCO Dynamic Income Strategy Fund Common Shares of Beneficial Interest,2026-08-04,2026-08-05
PDYN,active,listed_common_stock_with_current_price,NASDAQ,Palladyne AI Corp. - Common stock,2026-08-04,2026-08-05
PDYNW,inactive,non_common_stock:nasdaq_non_common_suffix,NASDAQ,Palladyne AI Corp. - Warrant,2026-08-04,2026-08-05
PEB,active,listed_common_stock_with_current_price,NYSE,Pebblebrook Hotel Trust Common Shares of Beneficial Interest,2026-08-04,2026-08-05
PEBK,active,listed_common_stock_with_current_price,NASDAQ,"Peoples Bancorp of North Carolina, Inc. - Common Stock",2026-08-04,2026-08-05
PEBO,active,listed_common_stock_with_current_price,NASDAQ,Peoples Bancorp Inc. - Common Stock,2026-08-04,2026-08-05
PECO,active,listed_common_stock_with_current_price,NASDAQ,"Phillips Edison & Company, Inc. - Common Stock",2026-08-04,2026-08-05
PED,active,listed_common_stock_with_current_price,NYSE American,Pedevco Corp. Common Stock,2026-08-04,2026-08-05
PEG,active,listed_common_stock_with_current_price,NYSE,Public Service Enterprise Group Incorporated Common Stock,2026-08-04,2026-08-05
PEGA,active,listed_common_stock_with_current_price,NASDAQ,Pegasystems Inc. - Common Stock,2026-08-04,2026-08-05
PEN,active,listed_common_stock_with_current_price,NYSE,"Penumbra, Inc. Common Stock",2026-08-04,2026-08-05
PENG,active,listed_common_stock_with_current_price,NASDAQ,"Penguin Solutions, Inc. - Common Stock",2026-08-04,2026-08-05
PENN,active,listed_common_stock_with_current_price,NASDAQ,"PENN Entertainment, Inc. - Common Stock",2026-08-04,2026-08-05
PEP,active,listed_common_stock_with_current_price,NASDAQ,"PepsiCo, Inc. - Common Stock",2026-08-04,2026-08-05
PEPG,active,listed_common_stock_with_current_price,NASDAQ,PepGen Inc. - Common Stock,2026-08-04,2026-08-05
PERF,active,listed_common_stock_with_current_price,NYSE,Perfect Corp. Class A Ordinary Share,2026-08-04,2026-08-05
PERI,active,listed_common_stock_with_current_price,NASDAQ,Perion Network Ltd - Ordinary Shares,2026-08-04,2026-08-05
PESI,active,listed_common_stock_with_current_price,NASDAQ,"Perma-Fix Environmental Services, Inc. - Common Stock",2026-08-04,2026-08-05
PETS,active,listed_common_stock_with_current_price,NASDAQ,"PetMed Express, Inc. - Common Stock",2026-08-04,2026-08-05
PETV,inactive,not_in_current_exchange_directories,,,2026-08-04,2026-08-05
PETVW,inactive,not_in_current_exchange_directories,,,2026-08-04,2026-08-05
PETZ,active,listed_common_stock_with_current_price,NASDAQ,"TDH Holdings, Inc. - Common Shares",2026-08-04,2026-08-05
PFBC,inactive,non_common_stock:obvious_non_common_title,NASDAQ,Preferred Bank - Common Stock,2026-08-04,2026-08-05
PFE,active,listed_common_stock_with_current_price,NYSE,"Pfizer, Inc. Common Stock",2026-08-04,2026-08-05
PFG,active,listed_common_stock_with_current_price,NASDAQ,Principal Financial Group Inc - Common Stock,2026-08-04,2026-08-05
PFGC,active,listed_common_stock_with_current_price,NYSE,Performance Food Group Company Common Stock,2026-08-04,2026-08-05
PFH,inactive,non_common_stock:obvious_non_common_title,NYSE,"Prudential Financial, Inc. 4.125% Junior Subordinated Notes due 2060",2026-08-04,2026-08-05
PFIS,active,listed_common_stock_with_current_price,NASDAQ,Peoples Financial Services Corp.  - Common Stock,2026-08-04,2026-08-05
PFLT,active,listed_common_stock_with_current_price,NYSE,PennantPark Floating Rate Capital Ltd. Common Stock,2026-08-04,2026-08-05
PFS,active,listed_common_stock_with_current_price,NYSE,"Provident Financial Services, Inc Common Stock",2026-08-04,2026-08-05
PFSI,active,listed_common_stock_with_current_price,NYSE,"PennyMac Financial Services, Inc. Common Stock",2026-08-04,2026-08-05
PFX,active,listed_common_stock_with_current_price,NASDAQ,PhenixFIN Corporation  - Common Stock,2026-08-04,2026-08-05
PFXNZ,inactive,non_common_stock:obvious_non_common_title,NASDAQ,PhenixFIN Corporation  - 5.25% Notes due 2028,2026-08-04,2026-08-05
PG,active,listed_common_stock_with_current_price,NYSE,Procter & Gamble Company (The) Common Stock,2026-08-04,2026-08-05
PGC,active,listed_common_stock_with_current_price,NASDAQ,Peapack-Gladstone Financial Corporation - Common Stock,2026-08-04,2026-08-05
PGEN,active,listed_common_stock_with_current_price,NASDAQ,"Precigen, Inc. - Common Stock",2026-08-04,2026-08-05
PGNY,active,listed_common_stock_with_current_price,NASDAQ,"Progyny, Inc. - Common Stock",2026-08-04,2026-08-05
PGR,active,listed_common_stock_with_current_price,NYSE,Progressive Corporation (The) Common Stock,2026-08-04,2026-08-05
PGY,active,listed_common_stock_with_current_price,NASDAQ,Pagaya Technologies Ltd. - Class A Ordinary Shares,2026-08-04,2026-08-05
PGYWW,inactive,non_common_stock:nasdaq_non_common_suffix,NASDAQ,Pagaya Technologies Ltd. - Warrants,2026-08-04,2026-08-05
PH,active,listed_common_stock_with_current_price,NYSE,Parker-Hannifin Corporation Common Stock,2026-08-04,2026-08-05
PHAR,active,listed_common_stock_with_current_price,NASDAQ,"Pharming Group N.V. - ADS, each representing 10 ordinary shares",2026-08-04,2026-08-05
PHAT,active,listed_common_stock_with_current_price,NASDAQ,"Phathom Pharmaceuticals, Inc. - Common Stock",2026-08-04,2026-08-05
PHG,active,listed_common_stock_with_current_price,NYSE,Koninklijke Philips N.V. NY Registry Shares,2026-08-04,2026-08-05
PHGE,active,listed_common_stock_with_current_price,NYSE American,BiomX Inc. COmmon Stock,2026-08-04,2026-08-05
PHI,active,listed_common_stock_with_current_price,NYSE,PLDT Inc. Sponsored ADR,2026-08-04,2026-08-05
PHIO,active,listed_common_stock_with_current_price,NASDAQ,Phio Pharmaceuticals Corp. - Common Stock,2026-08-04,2026-08-05
PHM,active,listed_common_stock_with_current_price,NYSE,"PulteGroup, Inc. Common Stock",2026-08-04,2026-08-05
PHR,active,listed_common_stock_with_current_price,NYSE,"Phreesia, Inc. Common Stock",2026-08-04,2026-08-05
PHUN,active,listed_common_stock_with_current_price,NASDAQ,"Phunware, Inc. - Common Stock",2026-08-04,2026-08-05
PHVS,active,listed_common_stock_with_current_price,NASDAQ,Pharvaris N.V. - Ordinary Shares,2026-08-04,2026-08-05
PI,active,listed_common_stock_with_current_price,NASDAQ,"Impinj, Inc. - Common Stock",2026-08-04,2026-08-05
PII,active,listed_common_stock_with_current_price,NYSE,Polaris Inc. Common Stock,2026-08-04,2026-08-05
PIII,active,listed_common_stock_with_current_price,NASDAQ,P3 Health Partners Inc. - Class A Common Stock,2026-08-04,2026-08-05
PIIIW,inactive,non_common_stock:nasdaq_non_common_suffix,NASDAQ,P3 Health Partners Inc. - Warrant,2026-08-04,2026-08-05
PINE,active,listed_common_stock_with_current_price,NYSE,"Alpine Income Property Trust, Inc. Common Stock",2026-08-04,2026-08-05
PINS,active,listed_common_stock_with_current_price,NYSE,"Pinterest, Inc. Class A Common Stock",2026-08-04,2026-08-05
PIPR,active,listed_common_stock_with_current_price,NYSE,Piper Sandler Companies Common Stock,2026-08-04,2026-08-05
PJT,active,listed_common_stock_with_current_price,NYSE,PJT Partners Inc. Class A Common Stock,2026-08-04,2026-08-05
PK,active,listed_common_stock_with_current_price,NYSE,Park Hotels & Resorts Inc. Common Stock,2026-08-04,2026-08-05
PKBK,active,listed_common_stock_with_current_price,NASDAQ,"Parke Bancorp, Inc. - Common Stock",2026-08-04,2026-08-05
PKE,active,listed_common_stock_with_current_price,NYSE,Park Aerospace Corp. Common Stock,2026-08-04,2026-08-05
PKG,active,listed_common_stock_with_current_price,NYSE,Packaging Corporation of America Common Stock,2026-08-04,2026-08-05
PKOH,active,listed_common_stock_with_current_price,NASDAQ,Park-Ohio Holdings Corp. - Common Stock,2026-08-04,2026-08-05
PKST,inactive,not_in_current_exchange_directories,,,2026-05-05,2026-08-05
PKX,active,listed_common_stock_with_current_price,NYSE,POSCO HOLDINGS INC. American Depositary Shares (Each representing 1/4th of a share of Common Stock),2026-08-04,2026-08-05
PL,active,listed_common_stock_with_current_price,NYSE,Planet Labs PBC Class A Common Stock,2026-08-04,2026-08-05
PLAB,active,listed_common_stock_with_current_price,NASDAQ,"Photronics, Inc. - Common Stock",2026-08-04,2026-08-05
PLAG,active,listed_common_stock_with_current_price,NYSE American,Planet Green Holdings Corp. Common Stock,2026-08-04,2026-08-05
PLAY,active,listed_common_stock_with_current_price,NASDAQ,"Dave & Buster's Entertainment, Inc. - Common Stock",2026-08-04,2026-08-05
PLBC,active,listed_common_stock_with_current_price,NASDAQ,Plumas Bancorp - Common Stock,2026-08-04,2026-08-05
PLBY,active,listed_common_stock_with_current_price,NASDAQ,"Playboy, Inc. - Common Stock",2026-08-04,2026-08-05
PLCE,active,listed_common_stock_with_current_price,NASDAQ,"Children's Place, Inc. (The) - Common Stock",2026-08-04,2026-08-05
PLD,active,listed_common_stock_with_current_price,NYSE,"Prologis, Inc. Common Stock",2026-08-04,2026-08-05
PLG,active,listed_common_stock_with_current_price,NYSE American,Platinum Group Metals Ltd. Ordinary Shares (Canada),2026-08-04,2026-08-05
PLMR,active,listed_common_stock_with_current_price,NASDAQ,"Palomar Holdings, Inc. - Common stock",2026-08-04,2026-08-05
PLNT,active,listed_common_stock_with_current_price,NYSE,"Planet Fitness, Inc. Common Stock",2026-08-04,2026-08-05
PLOW,active,listed_common_stock_with_current_price,NYSE,"Douglas Dynamics, Inc. Common Stock",2026-08-04,2026-08-05
PLPC,active,listed_common_stock_with_current_price,NASDAQ,Preformed Line Products Company - Common Stock,2026-08-04,2026-08-05
PLRX,active,listed_common_stock_with_current_price,NASDAQ,"Pliant Therapeutics, Inc. - Common Stock",2026-08-04,2026-08-05
PLSE,active,listed_common_stock_with_current_price,NASDAQ,"Pulse Biosciences, Inc - Common Stock",2026-08-04,2026-08-05
PLTK,active,listed_common_stock_with_current_price,NASDAQ,Playtika Holding Corp. - Common Stock,2026-08-04,2026-08-05
PLTR,active,listed_common_stock_with_current_price,NASDAQ,Palantir Technologies Inc. - Class A Common Stock,2026-08-04,2026-08-05
PLUG,active,listed_common_stock_with_current_price,NASDAQ,"Plug Power, Inc. - Common Stock",2026-08-04,2026-08-05
PLUR,active,listed_common_stock_with_current_price,NASDAQ,Pluri Inc. - Common Stock,2026-08-04,2026-08-05
PLUS,active,listed_common_stock_with_current_price,NASDAQ,ePlus inc. - Common Stock,2026-08-04,2026-08-05
PLX,active,listed_common_stock_with_current_price,NYSE American,"Protalix BioTherapeutics, Inc. (DE) Common Stock",2026-08-04,2026-08-05
PLXS,active,listed_common_stock_with_current_price,NASDAQ,Plexus Corp. - Common Stock,2026-08-04,2026-08-05
PM,active,listed_common_stock_with_current_price,NYSE,Philip Morris International Inc Common Stock,2026-08-04,2026-08-05
PMCB,active,listed_common_stock_with_current_price,NASDAQ,"PharmaCyte  Biotech, Inc. - Common Stock",2026-08-04,2026-08-05
PMN,active,listed_common_stock_with_current_price,NASDAQ,ProMIS Neurosciences Inc. - Common Shares,2026-08-04,2026-08-05
PMT,active,listed_common_stock_with_current_price,NYSE,PennyMac Mortgage Investment Trust Common Shares of Beneficial Interest,2026-08-04,2026-08-05
PMTS,active,listed_common_stock_with_current_price,NASDAQ,CPI Card Group Inc. - Common Stock,2026-08-04,2026-08-05
PMVP,active,listed_common_stock_with_current_price,NASDAQ,"PMV Pharmaceuticals, Inc. - Common Stock",2026-08-04,2026-08-05
PN,active,listed_common_stock_with_current_price,NASDAQ,PN Smart Energy Limited - Class A Ordinary Shares,2026-08-04,2026-08-05
PNBK,active,listed_common_stock_with_current_price,NASDAQ,Patriot National Bancorp Inc. - Common Stock,2026-08-04,2026-08-05
PNC,active,listed_common_stock_with_current_price,NYSE,"PNC Financial Services Group, Inc. (The) Common Stock",2026-08-04,2026-08-05
PNFP,active,listed_common_stock_with_current_price,NYSE,"Pinnacle Financial Partners, Inc. Common stock",2026-08-04,2026-08-05
PNNT,active,listed_common_stock_with_current_price,NYSE,PennantPark Investment Corporation Common Stock,2026-08-04,2026-08-05
PNR,active,listed_common_stock_with_current_price,NYSE,Pentair plc. Ordinary Share,2026-08-04,2026-08-05
PNRG,active,listed_common_stock_with_current_price,NASDAQ,PrimeEnergy Resources Corporation - Common Stock,2026-08-04,2026-08-05
PNTG,active,listed_common_stock_with_current_price,NASDAQ,"The Pennant Group, Inc. - Common Stock",2026-08-04,2026-08-05
PNW,active,listed_common_stock_with_current_price,NYSE,Pinnacle West Capital Corporation Common Stock,2026-08-04,2026-08-05
POCI,active,listed_common_stock_with_current_price,NASDAQ,"Precision Optics Corporation, Inc. - Common stock",2026-08-04,2026-08-05
PODD,active,listed_common_stock_with_current_price,NASDAQ,Insulet Corporation - Common Stock,2026-08-04,2026-08-05
POET,active,listed_common_stock_with_current_price,NASDAQ,POET Technologies Inc. - Common Shares,2026-08-04,2026-08-05
POLA,active,listed_common_stock_with_current_price,NASDAQ,"Polar Power, Inc. - Common Stock",2026-08-04,2026-08-05
POM,active,listed_common_stock_with_current_price,NASDAQ,POMDOCTOR LIMITED - American Depositary Shares,2026-08-04,2026-08-05
POOL,active,listed_common_stock_with_current_price,NASDAQ,Pool Corporation - Common Stock,2026-08-04,2026-08-05
POR,active,listed_common_stock_with_current_price,NYSE,Portland General Electric Co Common Stock,2026-08-04,2026-08-05
POST,active,listed_common_stock_with_current_price,NYSE,"Post Holdings, Inc. Common Stock",2026-08-04,2026-08-05
POWI,active,listed_common_stock_with_current_price,NASDAQ,"Power Integrations, Inc. - Common Stock",2026-08-04,2026-08-05
POWL,active,listed_common_stock_with_current_price,NASDAQ,"Powell Industries, Inc. - Common Stock",2026-08-04,2026-08-05
POWW,active,listed_common_stock_with_current_price,NASDAQ,Outdoor Holding Company - Common Stock,2026-08-04,2026-08-05
POWWP,inactive,non_common_stock:nasdaq_non_common_suffix,NASDAQ,Outdoor Holding Company - 8.75% Series A Cumulative Redeemable Perpetual Preferred Stock,2026-08-04,2026-08-05
PPBT,active,listed_common_stock_with_current_price,NASDAQ,Purple Biotech Ltd. - American Depositary Shares,2026-08-04,2026-08-05
PPC,active,listed_common_stock_with_current_price,NASDAQ,Pilgrim's Pride Corporation - Common Stock,2026-08-04,2026-08-05
PPCB,active,listed_common_stock_with_current_price,NASDAQ,"Propanc Biopharma, Inc. - Common Stock",2026-08-04,2026-08-05
PPG,active,listed_common_stock_with_current_price,NYSE,"PPG Industries, Inc. Common Stock",2026-08-04,2026-08-05
PPIH,active,listed_common_stock_with_current_price,NASDAQ,"Perma-Pipe International Holdings, Inc. - Common Stock",2026-08-04,2026-08-05
PPL,active,listed_common_stock_with_current_price,NYSE,PPL Corporation Common Stock,2026-08-04,2026-08-05
PPSI,active,listed_common_stock_with_current_price,NASDAQ,"Pioneer Power Solutions, Inc. - Common Stock",2026-08-04,2026-08-05
PPTA,active,listed_common_stock_with_current_price,NASDAQ,Perpetua Resources Corp. - Common Shares,2026-08-04,2026-08-05
PR,active,listed_common_stock_with_current_price,NYSE,Permian Resources Corporation Class A Common Stock,2026-08-04,2026-08-05
PRA,inactive,not_in_current_exchange_directories,,,2026-07-02,2026-08-05
PRAA,active,listed_common_stock_with_current_price,NASDAQ,"PRA Group, Inc. - Common Stock",2026-08-04,2026-08-05
PRAX,active,listed_common_stock_with_current_price,NASDAQ,"Praxis Precision Medicines, Inc. - Common Stock",2026-08-04,2026-08-05
PRCH,active,listed_common_stock_with_current_price,NASDAQ,"Porch Group, Inc. - Common Stock",2026-08-04,2026-08-05
PRCT,active,listed_common_stock_with_current_price,NASDAQ,PROCEPT BioRobotics Corporation - Common Stock,2026-08-04,2026-08-05
PRDO,active,listed_common_stock_with_current_price,NASDAQ,Perdoceo Education Corporation - Common Stock,2026-08-04,2026-08-05
PRE,active,listed_common_stock_with_current_price,NASDAQ,Prenetics Global Limited - Class A Ordinary Share,2026-08-04,2026-08-05
PRENW,inactive,non_common_stock:nasdaq_non_common_suffix,NASDAQ,Prenetics Global Limited - Warrant,2026-07-17,2026-08-05
PRFX,inactive,non_common_stock:obvious_non_common_title,NASDAQ,PRF Technologies Ltd. - Ordinary Shares,2026-08-04,2026-08-05
PRG,active,listed_common_stock_with_current_price,NYSE,"PROG Holdings, Inc. Common Stock",2026-08-04,2026-08-05
PRGO,active,listed_common_stock_with_current_price,NYSE,Perrigo Company plc Ordinary Shares,2026-08-04,2026-08-05
PRGS,active,listed_common_stock_with_current_price,NASDAQ,Progress Software Corporation - Common Stock,2026-08-04,2026-08-05
PRH,inactive,non_common_stock:obvious_non_common_title,NYSE,"Prudential Financial, Inc. 5.950% Junior Subordinated Notes due 2062",2026-08-04,2026-08-05
PRHI,active,listed_common_stock_with_current_price,NASDAQ,"Presurance Holdings, Inc. - Common Stock",2026-08-04,2026-08-05
PRI,active,listed_common_stock_with_current_price,NYSE,"Primerica, Inc. Common Stock",2026-08-04,2026-08-05
PRIM,active,listed_common_stock_with_current_price,NYSE,Primoris Services Corporation Common Stock,2026-08-04,2026-08-05
PRK,active,listed_common_stock_with_current_price,NYSE American,Park National Corporation Common Stock,2026-08-04,2026-08-05
PRKS,active,listed_common_stock_with_current_price,NYSE,United Parks & Resorts Inc. Common Stock,2026-08-04,2026-08-05
PRLB,active,listed_common_stock_with_current_price,NYSE,"Proto Labs, Inc. Common stock",2026-08-04,2026-08-05
PRLD,active,listed_common_stock_with_current_price,NASDAQ,Prelude Therapeutics Incorporated - Common Stock,2026-08-04,2026-08-05
PRM,active,listed_common_stock_with_current_price,NYSE,"Perimeter Solutions, SA Common Stock",2026-08-04,2026-08-05
PRME,active,listed_common_stock_with_current_price,NASDAQ,"Prime Medicine, Inc. - Common Stock",2026-08-04,2026-08-05
PROF,active,listed_common_stock_with_current_price,NASDAQ,Profound Medical Corp. - common stock,2026-08-04,2026-08-05
PROK,active,listed_common_stock_with_current_price,NASDAQ,ProKidney Corp. - Class A Ordinary Shares,2026-08-04,2026-08-05
PROP,active,listed_common_stock_with_current_price,NASDAQ,Prairie Operating Co. - Common Stock,2026-08-04,2026-08-05
PROV,active,listed_common_stock_with_current_price,NASDAQ,"Provident Financial Holdings, Inc. - Common Stock",2026-08-04,2026-08-05
PRPL,active,listed_common_stock_with_current_price,NASDAQ,"Purple Innovation, Inc. - Common Stock",2026-08-04,2026-08-05
PRPO,active,listed_common_stock_with_current_price,NASDAQ,"Precipio, Inc. - Common Stock",2026-08-04,2026-08-05
PRQR,active,listed_common_stock_with_current_price,NASDAQ,ProQR Therapeutics N.V. - Ordinary Shares,2026-08-04,2026-08-05
PRSO,active,listed_common_stock_with_current_price,NASDAQ,Peraso Inc. - Common Stock,2026-08-04,2026-08-05
PRSU,active,listed_common_stock_with_current_price,NYSE,"Pursuit Attractions and Hospitality, Inc. Common Stock",2026-08-04,2026-08-05
PRT,inactive,non_common_stock:obvious_non_common_title,NYSE,PermRock Royalty Trust Units of Beneficial Interest,2026-08-04,2026-08-05
PRTA,active,listed_common_stock_with_current_price,NASDAQ,Prothena Corporation plc - Ordinary Shares,2026-08-04,2026-08-05
PRTC,inactive,not_in_current_exchange_directories,,,2026-07-17,2026-08-05
PRTH,active,listed_common_stock_with_current_price,NASDAQ,"Priority Technology Holdings, Inc. - Common Stock",2026-08-04,2026-08-05
PRTS,active,listed_common_stock_with_current_price,NASDAQ,"CarParts.com, Inc. - Common Stock",2026-08-04,2026-08-05
PRU,active,listed_common_stock_with_current_price,NYSE,"Prudential Financial, Inc. Common Stock",2026-08-04,2026-08-05
PRVA,active,listed_common_stock_with_current_price,NASDAQ,"Privia Health Group, Inc. - Common Stock",2026-08-04,2026-08-05
PS,active,listed_common_stock_with_current_price,NYSE,Pershing Square Inc. Common Stock,2026-08-04,2026-08-05
PSA,active,listed_common_stock_with_current_price,NYSE,Public Storage Common Stock,2026-08-04,2026-08-05
PSEC,active,listed_common_stock_with_current_price,NASDAQ,Prospect Capital Corporation - Closed End Fund,2026-08-04,2026-08-05
PSFE,active,listed_common_stock_with_current_price,NYSE,Paysafe Limited Common Shares,2026-08-04,2026-08-05
PSHG,active,listed_common_stock_with_current_price,NASDAQ,Performance Shipping Inc. - Common Shares,2026-08-04,2026-08-05
PSIX,active,listed_common_stock_with_current_price,NASDAQ,"Power Solutions International, Inc. - Common Stock",2026-08-04,2026-08-05
PSMT,active,listed_common_stock_with_current_price,NASDAQ,"PriceSmart, Inc. - Common Stock",2026-08-04,2026-08-05
PSN,active,listed_common_stock_with_current_price,NYSE,Parsons Corporation Common Stock,2026-08-04,2026-08-05
PSNL,active,listed_common_stock_with_current_price,NASDAQ,"Personalis, Inc. - Common Stock",2026-08-04,2026-08-05
PSNY,active,listed_common_stock_with_current_price,NASDAQ,Polestar Automotive Holding UK Limited - Class A ADS,2026-08-04,2026-08-05
PSNYW,inactive,non_common_stock:nasdaq_non_common_suffix,NASDAQ,Polestar Automotive Holding UK Limited - Class C-1 ADS (ADW),2026-08-04,2026-08-05
PSO,active,listed_common_stock_with_current_price,NYSE,"Pearson, Plc Common Stock",2026-08-04,2026-08-05
PSQH,active,listed_common_stock_with_current_price,NYSE,"PSQ Holdings, Inc. Class A Common Stock",2026-08-04,2026-08-05
PSTL,active,listed_common_stock_with_current_price,NYSE,"Postal Realty Trust, Inc. Class A Common Stock",2026-08-04,2026-08-05
PSTV,inactive,not_in_current_exchange_directories,,,2026-08-04,2026-08-05
PSX,active,listed_common_stock_with_current_price,NYSE,Phillips 66 Common Stock,2026-08-04,2026-08-05
PTA,inactive,non_common_stock:obvious_non_common_title,NYSE,Cohen & Steers Tax-Advantaged Preferred Securities and Income Fund Common Shares of Beneficial Interest,2026-08-04,2026-08-05
PTC,active,listed_common_stock_with_current_price,NASDAQ,PTC Inc. - Common Stock,2026-08-04,2026-08-05
PTCT,active,listed_common_stock_with_current_price,NASDAQ,"PTC Therapeutics, Inc. - Common Stock",2026-08-04,2026-08-05
PTEN,active,listed_common_stock_with_current_price,NASDAQ,"Patterson-UTI Energy, Inc. - Common Stock",2026-08-04,2026-08-05
PTGX,active,listed_common_stock_with_current_price,NASDAQ,"Protagonist Therapeutics, Inc. - Common Stock",2026-08-04,2026-08-05
PTLO,active,listed_common_stock_with_current_price,NASDAQ,Portillo's Inc. - Class A Common Stock,2026-08-04,2026-08-05
PTON,active,listed_common_stock_with_current_price,NASDAQ,"Peloton Interactive, Inc. - Common Stock",2026-08-04,2026-08-05
PUBM,active,listed_common_stock_with_current_price,NASDAQ,"PubMatic, Inc. - Class A Common Stock",2026-08-04,2026-08-05
PUK,active,listed_common_stock_with_current_price,NYSE,Prudential Public Limited Company Common Stock,2026-08-04,2026-08-05
PULM,active,listed_common_stock_with_current_price,NASDAQ,"Pulmatrix, Inc. - Common Stock",2026-08-04,2026-08-05
PUMP,active,listed_common_stock_with_current_price,NYSE,ProPetro Holding Corp. Common Stock,2026-08-04,2026-08-05
PVH,active,listed_common_stock_with_current_price,NYSE,PVH Corp. Common Stock,2026-08-04,2026-08-05
PVL,inactive,non_common_stock:obvious_non_common_title,NYSE,Permianville Royalty Trust Units of Beneficial Interest,2026-08-04,2026-08-05
PW,active,listed_common_stock_with_current_price,NYSE American,Power REIT (MD) Common Stock,2026-08-04,2026-08-05
PWP,active,listed_common_stock_with_current_price,NASDAQ,Perella Weinberg Partners - Class A Common Stock,2026-08-04,2026-08-05
PWR,active,listed_common_stock_with_current_price,NYSE,"Quanta Services, Inc. Common Stock",2026-08-04,2026-08-05
PXLW,active,listed_common_stock_with_current_price,NASDAQ,"Pixelworks, Inc. - Common Stock",2026-08-04,2026-08-05
PXS,active,listed_common_stock_with_current_price,NASDAQ,Pyxis Tankers Inc. - Common Stock,2026-08-04,2026-08-05
PYPD,active,listed_common_stock_with_current_price,NASDAQ,PolyPid Ltd. - Ordinary Shares,2026-08-04,2026-08-05
PYPL,active,listed_common_stock_with_current_price,NASDAQ,"PayPal Holdings, Inc. - Common Stock",2026-08-04,2026-08-05
PYT,active,listed_common_stock_with_current_price,NYSE,PPlus Tr GSC-2 Tr Ctf Fltg Rate,2026-08-04,2026-08-05
PYXS,active,listed_common_stock_with_current_price,NASDAQ,"Pyxis Oncology, Inc. - Common Stock",2026-08-04,2026-08-05
PZG,active,listed_common_stock_with_current_price,NYSE American,Paramount Gold Nevada Corp. Common Stock,2026-08-04,2026-08-05
PZZA,active,listed_common_stock_with_current_price,NASDAQ,"Papa John's International, Inc. - Common Stock",2026-08-04,2026-08-05
Q,active,listed_common_stock_with_current_price,NYSE,"Qnity Electronics, Inc. Common Stock",2026-08-04,2026-08-05
QBTS,active,listed_common_stock_with_current_price,NASDAQ,D-Wave Quantum Inc. - Common Stock,2026-08-04,2026-08-05
QCLS,active,listed_common_stock_with_current_price,NASDAQ,"Q/C Technologies, Inc. - Common Stock",2026-08-04,2026-08-05
QCOM,active,listed_common_stock_with_current_price,NASDAQ,QUALCOMM Incorporated - Common Stock,2026-08-04,2026-08-05
QCRH,active,listed_common_stock_with_current_price,NASDAQ,"QCR Holdings, Inc. - Common Stock",2026-08-04,2026-08-05
QDEL,active,listed_common_stock_with_current_price,NASDAQ,QuidelOrtho Corporation - Common Stock,2026-08-04,2026-08-05
QFIN,active,listed_common_stock_with_current_price,NASDAQ,"Qfin Holdings, Inc.  - American Depositary Shares",2026-08-04,2026-08-05
QGEN,active,listed_common_stock_with_current_price,NYSE,Qiagen N.V. Common Shares,2026-08-04,2026-08-05
QLYS,active,listed_common_stock_with_current_price,NASDAQ,"Qualys, Inc. - Common Stock",2026-08-04,2026-08-05
QMCO,active,listed_common_stock_with_current_price,NASDAQ,Quantum Corporation - Common Stock,2026-08-04,2026-08-05
QNCX,active,listed_common_stock_with_current_price,NASDAQ,"Quince Therapeutics, Inc. - Common Stock",2026-08-04,2026-08-05
QNRX,active,listed_common_stock_with_current_price,NASDAQ,"Quoin Pharmaceuticals, Ltd. - American Depositary Shares",2026-08-04,2026-08-05
QNST,active,listed_common_stock_with_current_price,NASDAQ,"QuinStreet, Inc. - Common Stock",2026-08-04,2026-08-05
QNTM,active,listed_common_stock_with_current_price,NASDAQ,Quantum Biopharma Ltd. - Class B Subordinate Voting Shares,2026-08-04,2026-08-05
QRHC,active,listed_common_stock_with_current_price,NASDAQ,Quest Resource Holding Corporation - Common Stock,2026-08-04,2026-08-05
QRVO,active,listed_common_stock_with_current_price,NASDAQ,"Qorvo, Inc. - Common Stock",2026-08-04,2026-08-05
QS,active,listed_common_stock_with_current_price,NASDAQ,QuantumScape Corporation - Common Stock,2026-08-04,2026-08-05
QSI,active,listed_common_stock_with_current_price,NASDAQ,Quantum-Si Incorporated - Class A Common Stock,2026-08-04,2026-08-05
QSIAW,inactive,not_in_current_exchange_directories,,,2026-06-18,2026-08-05
QSR,active,listed_common_stock_with_current_price,NYSE,Restaurant Brands International Inc. Common Shares,2026-08-04,2026-08-05
QTRX,active,listed_common_stock_with_current_price,NASDAQ,Quanterix Corporation - Common Stock,2026-08-04,2026-08-05
QTTB,active,listed_common_stock_with_current_price,NASDAQ,Q32 Bio Inc. - Common Stock,2026-08-04,2026-08-05
QTWO,active,listed_common_stock_with_current_price,NYSE,"Q2 Holdings, Inc. Common Stock",2026-08-04,2026-08-05
QUAD,active,listed_common_stock_with_current_price,NYSE,"Quad Graphics, Inc Class A Common Stock",2026-08-04,2026-08-05
QUBT,active,listed_common_stock_with_current_price,NASDAQ,Quantum Computing Inc. - Common Stock,2026-08-04,2026-08-05
QUCY,active,listed_common_stock_with_current_price,NASDAQ,Quantum Cyber N.V. - Ordinary Shares,2026-08-04,2026-08-05
QUIK,active,listed_common_stock_with_current_price,NASDAQ,QuickLogic Corporation - Common Stock,2026-08-04,2026-08-05
QULL,inactive,exchange_directory_etf,NYSE Arca,ETRACS 2x Leveraged MSCI US Quality Factor TR ETN,2026-08-04,2026-08-05
QURE,active,listed_common_stock_with_current_price,NASDAQ,uniQure N.V. - Ordinary Shares,2026-08-04,2026-08-05
QVCC,inactive,not_in_current_exchange_directories,,,2026-06-16,2026-08-05
QVCD,inactive,not_in_current_exchange_directories,,,2026-06-16,2026-08-05
QXO,active,listed_common_stock_with_current_price,NYSE,"QXO, Inc. Common Stock",2026-08-04,2026-08-05
R,active,listed_common_stock_with_current_price,NYSE,"Ryder System, Inc. Common Stock",2026-08-04,2026-08-05
RACE,active,listed_common_stock_with_current_price,NYSE,Ferrari N.V. Common Shares,2026-08-04,2026-08-05
RAIL,active,listed_common_stock_with_current_price,NASDAQ,"Freightcar America, Inc. - Common Stock",2026-08-04,2026-08-05
RAIN,active,listed_common_stock_with_current_price,NASDAQ,"Rain Enhancement Technologies Holdco, Inc. - Class A Common Stock",2026-08-04,2026-08-05
RAMP,active,listed_common_stock_with_current_price,NYSE,"LiveRamp Holdings, Inc. Common Stock",2026-08-04,2026-08-05
RAND,active,listed_common_stock_with_current_price,NASDAQ,Rand Capital Corporation - Closed End Fund,2026-08-04,2026-08-05
RANI,active,listed_common_stock_with_current_price,NASDAQ,"Rani Therapeutics Holdings, Inc. - Class A Common Stock",2026-08-04,2026-08-05
RARE,active,listed_common_stock_with_current_price,NASDAQ,Ultragenyx Pharmaceutical Inc. - Common Stock,2026-08-04,2026-08-05
RAVE,active,listed_common_stock_with_current_price,NASDAQ,"Rave Restaurant Group, Inc. - Common Stock",2026-08-04,2026-08-05
RAYA,active,listed_common_stock_with_current_price,NASDAQ,Erayak Power Solution Group Inc. - Class A Ordinary Shares,2026-08-04,2026-08-05
RBA,active,listed_common_stock_with_current_price,NYSE,"RB Global, Inc. Common Stock",2026-08-04,2026-08-05
RBB,active,listed_common_stock_with_current_price,NASDAQ,RBB Bancorp - Common Stock,2026-08-04,2026-08-05
RBBN,active,listed_common_stock_with_current_price,NASDAQ,Ribbon Communications Inc.  - Common Stock,2026-08-04,2026-08-05
RBC,active,listed_common_stock_with_current_price,NYSE,RBC Bearings Incorporated Common Stock,2026-08-04,2026-08-05
RBCAA,active,listed_common_stock_with_current_price,NASDAQ,"Republic Bancorp, Inc. - Class A Common Stock",2026-08-04,2026-08-05
RBKB,active,listed_common_stock_with_current_price,NASDAQ,"Rhinebeck Bancorp, Inc. - Common Stock",2026-08-04,2026-08-05
RBLX,active,listed_common_stock_with_current_price,NYSE,Roblox Corporation Class A Common Stock,2026-08-04,2026-08-05
RC,active,listed_common_stock_with_current_price,NYSE,Ready Capital Corporation Common Stock,2026-08-04,2026-08-05
RCAT,active,listed_common_stock_with_current_price,NASDAQ,"Red Cat Holdings, Inc. - Common Stock",2026-08-04,2026-08-05
RCB,inactive,not_in_current_exchange_directories,,,2026-04-21,2026-08-05
RCEL,active,listed_common_stock_with_current_price,NASDAQ,"Avita Medical, Inc. - Common Stock",2026-08-04,2026-08-05
RCI,active,listed_common_stock_with_current_price,NYSE,"Rogers Communication, Inc. Common Stock",2026-08-04,2026-08-05
RCKT,active,listed_common_stock_with_current_price,NASDAQ,"Rocket Pharmaceuticals, Inc. - Common Stock",2026-08-04,2026-08-05
RCKY,active,listed_common_stock_with_current_price,NASDAQ,"Rocky Brands, Inc. - Common Stock",2026-08-04,2026-08-05
RCL,active,listed_common_stock_with_current_price,NYSE,Royal Caribbean Cruises Ltd. Common Stock,2026-08-04,2026-08-05
RCMT,active,listed_common_stock_with_current_price,NASDAQ,"RCM Technologies, Inc. - Common Stock",2026-08-04,2026-08-05
RCON,active,listed_common_stock_with_current_price,NASDAQ,"Recon Technology, Ltd. - Class A Ordinary Shares",2026-08-04,2026-08-05
RCUS,active,listed_common_stock_with_current_price,NYSE,"Arcus Biosciences, Inc. Common Stock",2026-08-04,2026-08-05
RDCM,active,listed_common_stock_with_current_price,NASDAQ,Radcom Ltd. - Ordinary Shares,2026-08-04,2026-08-05
RDGT,active,listed_common_stock_with_current_price,NASDAQ,"Ridgetech, Inc. - Ordinary Shares",2026-08-04,2026-08-05
RDHL,active,listed_common_stock_with_current_price,NASDAQ,Redhill Biopharma Ltd. - American Depositary Shares,2026-08-04,2026-08-05
RDI,active,listed_common_stock_with_current_price,NASDAQ,Reading International Inc - Class A Non-voting Common Stock,2026-08-04,2026-08-05
RDIB,active,listed_common_stock_with_current_price,NASDAQ,Reading International Inc - Class B Voting Common Stock,2026-08-04,2026-08-05
RDN,active,listed_common_stock_with_current_price,NYSE,Radian Group Inc. Common Stock,2026-08-04,2026-08-05
RDNT,active,listed_common_stock_with_current_price,NASDAQ,"RadNet, Inc. - Common Stock",2026-08-04,2026-08-05
RDNW,active,listed_common_stock_with_current_price,NASDAQ,"RideNow Group, Inc. - Class B Common Stock",2026-08-04,2026-08-05
RDVT,active,listed_common_stock_with_current_price,NASDAQ,"Red Violet, Inc. - Common Stock",2026-08-04,2026-08-05
RDW,active,listed_common_stock_with_current_price,NYSE,Redwire Corporation Common Stock,2026-08-04,2026-08-05
RDWR,active,listed_common_stock_with_current_price,NASDAQ,Radware Ltd. - Ordinary Shares,2026-08-04,2026-08-05
RDY,active,listed_common_stock_with_current_price,NYSE,Dr. Reddy's Laboratories Ltd Common Stock,2026-08-04,2026-08-05
RDZNW,inactive,non_common_stock:nasdaq_non_common_suffix,NASDAQ,"Roadzen, Inc. - Warrants",2026-07-17,2026-08-05
REAL,active,listed_common_stock_with_current_price,NASDAQ,"The RealReal, Inc. - Common Stock",2026-08-04,2026-08-05
REAX,active,listed_common_stock_with_current_price,NASDAQ,"The Real Brokerage, Inc. - Common Shares",2026-08-04,2026-08-05
REBN,active,listed_common_stock_with_current_price,NASDAQ,"Reborn Coffee, Inc. - Common Stock",2026-08-04,2026-08-05
REE,inactive,not_in_current_exchange_directories,,,2026-07-14,2026-08-05
REFI,active,listed_common_stock_with_current_price,NASDAQ,"Chicago Atlantic Real Estate Finance, Inc. - Common Stock",2026-08-04,2026-08-05
REFR,active,listed_common_stock_with_current_price,NASDAQ,Research Frontiers Incorporated - Common Stock,2026-08-04,2026-08-05
REG,active,listed_common_stock_with_current_price,NASDAQ,Regency Centers Corporation - Common Stock,2026-08-04,2026-08-05
REGN,active,listed_common_stock_with_current_price,NASDAQ,"Regeneron Pharmaceuticals, Inc. - Common Stock",2026-08-04,2026-08-05
REI,active,listed_common_stock_with_current_price,NYSE American,"Ring Energy, Inc. Common Stock",2026-08-04,2026-08-05
REKR,active,listed_common_stock_with_current_price,NASDAQ,"Rekor Systems, Inc. - Common Stock",2026-08-04,2026-08-05
RELL,active,listed_common_stock_with_current_price,NASDAQ,"Richardson Electronics, Ltd. - Common Stock",2026-08-04,2026-08-05
RELX,active,listed_common_stock_with_current_price,NYSE,RELX PLC PLC American Depositary Shares (Each representing One Ordinary Share),2026-08-04,2026-08-05
RELY,active,listed_common_stock_with_current_price,NASDAQ,"Remitly Global, Inc. - Common stock",2026-08-04,2026-08-05
RENT,active,listed_common_stock_with_current_price,NASDAQ,"Rent the Runway, Inc. - Class A Common Stock",2026-08-04,2026-08-05
RENX,active,listed_common_stock_with_current_price,NASDAQ,RenX Enterprises Corp. - Common Stock,2026-08-04,2026-08-05
REPL,active,listed_common_stock_with_current_price,NASDAQ,"Replimune Group, Inc. - Common Stock",2026-08-04,2026-08-05
REPX,active,listed_common_stock_with_current_price,NYSE American,"Riley Exploration Permian, Inc. Common Stock",2026-08-04,2026-08-05
RERE,active,listed_common_stock_with_current_price,NYSE,ATRenew Inc. American Depositary Shares (every three of which representing two Class A ordinary shares),2026-08-04,2026-08-05
RES,active,listed_common_stock_with_current_price,NYSE,"RPC, Inc. Common Stock",2026-08-04,2026-08-05
RETO,active,listed_common_stock_with_current_price,NASDAQ,"ReTo Eco-Solutions, Inc. - Class A Shares",2026-08-04,2026-08-05
REVB,active,listed_common_stock_with_current_price,NASDAQ,"Revelation Biosciences, Inc. - Common Stock",2026-08-04,2026-08-05
REVBW,inactive,non_common_stock:nasdaq_non_common_suffix,NASDAQ,"Revelation Biosciences, Inc. - Warrant",2026-07-17,2026-08-05
REX,active,listed_common_stock_with_current_price,NYSE,REX American Resources Corporation,2026-08-04,2026-08-05
REXR,active,listed_common_stock_with_current_price,NYSE,"Rexford Industrial Realty, Inc. Common Stock",2026-08-04,2026-08-05
REYN,active,listed_common_stock_with_current_price,NASDAQ,Reynolds Consumer Products Inc. - Common Stock,2026-08-04,2026-08-05
REZI,active,listed_common_stock_with_current_price,NYSE,"Resideo Technologies, Inc. Common Stock",2026-08-04,2026-08-05
RF,active,listed_common_stock_with_current_price,NYSE,Regions Financial Corporation Common Stock,2026-08-04,2026-08-05
RFIL,active,listed_common_stock_with_current_price,NASDAQ,"RF Industries, Ltd. - Common Stock",2026-08-04,2026-08-05
RFL,active,listed_common_stock_with_current_price,NYSE,"Rafael Holdings, Inc. Class B Common Stock",2026-08-04,2026-08-05
RFM,active,listed_common_stock_with_current_price,NYSE,"RiverNorth Flexible Municipal Income Fund, Inc. Common Stock",2026-08-04,2026-08-05
RFMZ,active,listed_common_stock_with_current_price,NYSE,"RiverNorth Flexible Municipal Income Fund II, Inc. Common Stock",2026-08-04,2026-08-05
RGA,active,listed_common_stock_with_current_price,NYSE,"Reinsurance Group of America, Incorporated Common Stock",2026-08-04,2026-08-05
RGC,active,listed_common_stock_with_current_price,NASDAQ,Regencell Bioscience Holdings Limited - Ordinary Shares,2026-08-04,2026-08-05
RGCO,active,listed_common_stock_with_current_price,NASDAQ,RGC Resources Inc. - Common Stock,2026-08-04,2026-08-05
RGEN,active,listed_common_stock_with_current_price,NASDAQ,Repligen Corporation - Common Stock,2026-08-04,2026-08-05
RGLD,active,listed_common_stock_with_current_price,NASDAQ,"Royal Gold, Inc. - Common Stock",2026-08-04,2026-08-05
RGNX,active,listed_common_stock_with_current_price,NASDAQ,REGENXBIO Inc. - Common Stock,2026-08-04,2026-08-05
RGP,active,listed_common_stock_with_current_price,NASDAQ,"Resources Connection, Inc. - Common Stock",2026-08-04,2026-08-05
RGR,active,listed_common_stock_with_current_price,NYSE,"Sturm, Ruger & Company, Inc. Common Stock",2026-08-04,2026-08-05
RGS,active,listed_common_stock_with_current_price,NASDAQ,Regis Corporation - Common Stock,2026-08-04,2026-08-05
RGTI,active,listed_common_stock_with_current_price,NASDAQ,"Rigetti Computing, Inc.  - Common stock",2026-08-04,2026-08-05
RGTIW,inactive,non_common_stock:nasdaq_non_common_suffix,NASDAQ,"Rigetti Computing, Inc.  - Redeemable warrants, each whole warrant exercisable for one Class A ordinary share at an exercise price of $11.50",2026-08-04,2026-08-05
RH,active,listed_common_stock_with_current_price,NYSE,RH Common Stock,2026-08-04,2026-08-05
RHI,active,listed_common_stock_with_current_price,NYSE,Robert Half Inc. Common Stock,2026-08-04,2026-08-05
RHP,active,listed_common_stock_with_current_price,NYSE,"Ryman Hospitality Properties, Inc. (REIT)",2026-08-04,2026-08-05
RICK,active,listed_common_stock_with_current_price,NASDAQ,"RCI Hospitality Holdings, Inc. - Common Stock",2026-08-04,2026-08-05
RIG,active,listed_common_stock_with_current_price,NYSE,Transocean Ltd (Switzerland) Common Stock,2026-08-04,2026-08-05
RIGL,active,listed_common_stock_with_current_price,NASDAQ,"Rigel Pharmaceuticals, Inc. - Common Stock",2026-08-04,2026-08-05
RILY,active,listed_common_stock_with_current_price,NASDAQ,"BRC Group Holdings, Inc. - Common Stock",2026-08-04,2026-08-05
RILYG,inactive,non_common_stock:obvious_non_common_title,NASDAQ,"BRC Group Holdings, Inc. - 5.00% Senior Notes due 2026",2026-08-04,2026-08-05
RILYK,inactive,not_in_current_exchange_directories,,,2026-03-27,2026-08-05
RILYL,inactive,non_common_stock:obvious_non_common_title,NASDAQ,"BRC Group Holdings, Inc. - Depositary Shares, each representing a 1/1000th fractional interest in a share of Series B Cumulative Perpetual Preferred Stock",2026-08-04,2026-08-05
RILYN,inactive,non_common_stock:obvious_non_common_title,NASDAQ,"BRC Group Holdings, Inc. - 6.50% Senior Notes Due 2026",2026-08-04,2026-08-05
RILYP,inactive,non_common_stock:nasdaq_non_common_suffix,NASDAQ,"BRC Group Holdings, Inc. - Depositary Shares, each representing a 1/1000th fractional interest in a share of Series A Cumulative Perpetual Preferred Stock",2026-08-04,2026-08-05
RILYT,inactive,non_common_stock:obvious_non_common_title,NASDAQ,"BRC Group Holdings, Inc. - 6.00% Senior Notes Due 2028",2026-08-04,2026-08-05
RILYZ,inactive,non_common_stock:obvious_non_common_title,NASDAQ,"BRC Group Holdings, Inc. - 5.25% Senior Notes due 2028",2026-08-04,2026-08-05
RIME,active,listed_common_stock_with_current_price,NASDAQ,"Algorhythm Holdings, Inc. - Common Stock",2026-08-04,2026-08-05
RIO,active,listed_common_stock_with_current_price,NYSE,Rio Tinto Plc Common Stock,2026-08-04,2026-08-05
RIOT,active,listed_common_stock_with_current_price,NASDAQ,"Riot Platforms, Inc. - Common Stock",2026-08-04,2026-08-05
RITM,active,listed_common_stock_with_current_price,NYSE,Rithm Capital Corp. Common Stock,2026-08-04,2026-08-05
RIVN,active,listed_common_stock_with_current_price,NASDAQ,"Rivian Automotive, Inc. - Class A Common Stock",2026-08-04,2026-08-05
RJET,active,listed_common_stock_with_current_price,NASDAQ,Republic Airways Holdings Inc. - Common Stock,2026-08-04,2026-08-05
RJF,active,listed_common_stock_with_current_price,NYSE,"Raymond James Financial, Inc. Common Stock",2026-08-04,2026-08-05
RKDA,active,listed_common_stock_with_current_price,NASDAQ,"Arcadia Biosciences, Inc. - Common Stock",2026-08-04,2026-08-05
RKLB,active,listed_common_stock_with_current_price,NASDAQ,Rocket Lab Corporation - Common Stock,2026-08-04,2026-08-05
RKT,active,listed_common_stock_with_current_price,NYSE,"Rocket Companies, Inc. Class A Common Stock",2026-08-04,2026-08-05
RL,active,listed_common_stock_with_current_price,NYSE,Ralph Lauren Corporation Common Stock,2026-08-04,2026-08-05
RLAY,active,listed_common_stock_with_current_price,NASDAQ,"Relay Therapeutics, Inc. - Common Stock",2026-08-04,2026-08-05
RLGT,active,listed_common_stock_with_current_price,NYSE American,"Radiant Logistics, Inc. Common Stock",2026-08-04,2026-08-05
RLI,active,listed_common_stock_with_current_price,NYSE,RLI Corp. Common Stock (DE),2026-08-04,2026-08-05
RLJ,active,listed_common_stock_with_current_price,NYSE,RLJ Lodging Trust Common Shares of Beneficial Interest $0.01 par value,2026-08-04,2026-08-05
RLMD,active,listed_common_stock_with_current_price,NASDAQ,"Relmada Therapeutics, Inc. - Common Stock",2026-08-04,2026-08-05
RLTY,active,listed_common_stock_with_current_price,NYSE,Cohen & Steers Real Estate Opportunities and Income Fund Common Shares of Beneficial Interest,2026-08-04,2026-08-05
RLX,inactive,non_common_stock:obvious_non_common_title,NYSE,"RLX Technology Inc. American Depositary Shares, each representing the right to receive one (1) Class A ordinary share",2026-08-04,2026-08-05
RLYB,active,listed_common_stock_with_current_price,NASDAQ,Rallybio Corporation - Common Stock,2026-08-04,2026-08-05
RM,active,listed_common_stock_with_current_price,NYSE,Regional Management Corp. Common Stock,2026-08-04,2026-08-05
RMAX,active,listed_common_stock_with_current_price,NYSE,"RE/MAX Holdings, Inc. Class A Common Stock",2026-08-04,2026-08-05
RMBI,active,listed_common_stock_with_current_price,NASDAQ,"Richmond Mutual Bancorporation, Inc. - Common Stock",2026-08-04,2026-08-05
RMBS,active,listed_common_stock_with_current_price,NASDAQ,"Rambus, Inc. - Common Stock",2026-08-04,2026-08-05
RMCF,active,listed_common_stock_with_current_price,NASDAQ,"Rocky Mountain Chocolate Factory, Inc. - Common Stock",2026-08-04,2026-08-05
RMD,active,listed_common_stock_with_current_price,NYSE,ResMed Inc. Common Stock,2026-08-04,2026-08-05
RMI,active,listed_common_stock_with_current_price,NYSE,"RiverNorth Opportunistic Municipal Income Fund, Inc. Common Stock",2026-08-04,2026-08-05
RMM,active,listed_common_stock_with_current_price,NYSE,"RiverNorth Managed Duration Municipal Income Fund, Inc. Common Stock",2026-08-04,2026-08-05
RMMZ,active,listed_common_stock_with_current_price,NYSE,"RiverNorth Managed Duration Municipal Income Fund II, Inc. Common Stock",2026-08-04,2026-08-05
RMNI,active,listed_common_stock_with_current_price,NASDAQ,"Rimini Street, Inc. - Common Stock",2026-08-04,2026-08-05
RMR,active,listed_common_stock_with_current_price,NASDAQ,The RMR Group Inc. - Class A Common Stock,2026-08-04,2026-08-05
RMTI,active,listed_common_stock_with_current_price,NASDAQ,"Rockwell Medical, Inc. - Common Stock",2026-08-04,2026-08-05
RNA,active,listed_common_stock_with_current_price,NASDAQ,"Atrium Therapeutics, Inc. - Common Stock",2026-08-04,2026-08-05
RNAC,active,listed_common_stock_with_current_price,NASDAQ,"Cartesian Therapeutics, Inc. - Common Stock",2026-08-04,2026-08-05
RNAZ,active,listed_common_stock_with_current_price,NASDAQ,"TransCode Therapeutics, Inc. - Common Stock",2026-08-04,2026-08-05
RNG,active,listed_common_stock_with_current_price,NYSE,"RingCentral, Inc. Class A Common Stock",2026-08-04,2026-08-05
RNGR,active,listed_common_stock_with_current_price,NYSE,"Ranger Energy Services, Inc. Class A Common Stock",2026-08-04,2026-08-05
RNR,active,listed_common_stock_with_current_price,NYSE,RenaissanceRe Holdings Ltd. Common Stock,2026-08-04,2026-08-05
RNST,active,listed_common_stock_with_current_price,NYSE,Renasant Corporation Common Stock,2026-08-04,2026-08-05
RNTX,active,listed_common_stock_with_current_price,NASDAQ,"Rein Therapeutics, Inc. - Common Stock",2026-08-04,2026-08-05
RNW,active,listed_common_stock_with_current_price,NASDAQ,ReNew Energy Global plc - Class A Shares,2026-08-04,2026-08-05
RNWWW,inactive,non_common_stock:nasdaq_non_common_suffix,NASDAQ,ReNew Energy Global plc - Warrant,2026-08-04,2026-08-05
RNXT,active,listed_common_stock_with_current_price,NASDAQ,"RenovoRx, Inc. - Common Stock",2026-08-04,2026-08-05
ROAD,active,listed_common_stock_with_current_price,NASDAQ,"Construction Partners, Inc. - Common Stock",2026-08-04,2026-08-05
ROC,active,listed_common_stock_with_current_price,NASDAQ,Rank One Computing Corporation - Common stock,2026-08-04,2026-08-05
ROCK,active,listed_common_stock_with_current_price,NASDAQ,"Gibraltar Industries, Inc. - Common Stock",2026-08-04,2026-08-05
ROG,active,listed_common_stock_with_current_price,NYSE,Rogers Corporation Common Stock,2026-08-04,2026-08-05
ROIV,active,listed_common_stock_with_current_price,NASDAQ,Roivant Sciences Ltd. - Common Shares,2026-08-04,2026-08-05
ROK,active,listed_common_stock_with_current_price,NYSE,"Rockwell Automation, Inc. Common Stock",2026-08-04,2026-08-05
ROKU,active,listed_common_stock_with_current_price,NASDAQ,"Roku, Inc. - Class A Common Stock",2026-08-04,2026-08-05
ROL,active,listed_common_stock_with_current_price,NYSE,"Rollins, Inc. Common Stock",2026-08-04,2026-08-05
ROMA,active,listed_common_stock_with_current_price,NASDAQ,Roma Green Finance Limited - Class A Ordinary Shares,2026-08-04,2026-08-05
ROOT,active,listed_common_stock_with_current_price,NASDAQ,"Root, Inc. - Common Stock",2026-08-04,2026-08-05
ROP,active,listed_common_stock_with_current_price,NASDAQ,"Roper Technologies, Inc. - Common Stock",2026-08-04,2026-08-05
ROST,active,listed_common_stock_with_current_price,NASDAQ,"Ross Stores, Inc. - Common Stock",2026-08-04,2026-08-05
RPAY,active,listed_common_stock_with_current_price,NASDAQ,Repay Holdings Corporation - Class A Common Stock,2026-08-04,2026-08-05
RPC,active,listed_common_stock_with_current_price,NYSE,"Ridgepost Capital, Inc. Class A Common Stock",2026-08-04,2026-08-05
RPD,active,listed_common_stock_with_current_price,NASDAQ,"Rapid7, Inc. - Common Stock",2026-08-04,2026-08-05
RPID,active,listed_common_stock_with_current_price,NASDAQ,"Rapid Micro Biosystems, Inc. - Class A Common Stock",2026-08-04,2026-08-05
RPM,active,listed_common_stock_with_current_price,NYSE,RPM International Inc. Common Stock,2026-08-04,2026-08-05
RPRX,active,listed_common_stock_with_current_price,NASDAQ,Royalty Pharma plc - Class A Ordinary Shares,2026-08-04,2026-08-05
RPT,active,listed_common_stock_with_current_price,NYSE,Rithm Property Trust Inc. Common stock,2026-08-04,2026-08-05
RRBI,active,listed_common_stock_with_current_price,NASDAQ,"Red River Bancshares, Inc. - Common Stock",2026-08-04,2026-08-05
RRC,active,listed_common_stock_with_current_price,NYSE,Range Resources Corporation Common Stock,2026-08-04,2026-08-05
RRGB,active,listed_common_stock_with_current_price,NASDAQ,"Red Robin Gourmet Burgers, Inc. - Common Stock",2026-08-04,2026-08-05
RRR,active,listed_common_stock_with_current_price,NASDAQ,"Red Rock Resorts, Inc. - Class A Common Stock",2026-08-04,2026-08-05
RRX,active,listed_common_stock_with_current_price,NYSE,Regal Rexnord Corporation Common Stock,2026-08-04,2026-08-05
RS,active,listed_common_stock_with_current_price,NYSE,"Reliance, Inc. Common Stock",2026-08-04,2026-08-05
RSG,active,listed_common_stock_with_current_price,NYSE,"Republic Services, Inc. Common Stock",2026-08-04,2026-08-05
RSI,active,listed_common_stock_with_current_price,NYSE,"Rush Street Interactive, Inc. Class A Common Stock",2026-08-04,2026-08-05
RSKD,active,listed_common_stock_with_current_price,NYSE,Riskified Ltd. Class A Ordinary Shares,2026-08-04,2026-08-05
RSSS,active,listed_common_stock_with_current_price,NASDAQ,"Research Solutions, Inc - Common Stock",2026-08-04,2026-08-05
RSVR,active,listed_common_stock_with_current_price,NASDAQ,"Reservoir Media, Inc.. - Common Stock",2026-08-04,2026-08-05
RSVRW,inactive,not_in_current_exchange_directories,,,2026-07-27,2026-08-05
RTCJF,inactive,not_in_current_exchange_directories,,,2026-08-04,2026-08-05
RTO,active,listed_common_stock_with_current_price,NYSE,Rentokil Initial plc American Depositary Shares (each representing five (5) Ordinary Shares),2026-08-04,2026-08-05
RTX,active,listed_common_stock_with_current_price,NYSE,RTX Corporation Common Stock,2026-08-04,2026-08-05
RUBI,active,listed_common_stock_with_current_price,NASDAQ,Rubico Inc. - Common Stock,2026-08-04,2026-08-05
RUM,active,listed_common_stock_with_current_price,NASDAQ,RUM Group Inc. - Class A Common Stock,2026-08-04,2026-08-05
RUMBW,inactive,non_common_stock:nasdaq_non_common_suffix,NASDAQ,RUM Group Inc. - Warrant,2026-08-04,2026-08-05
RUN,active,listed_common_stock_with_current_price,NASDAQ,Sunrun Inc. - Common Stock,2026-08-04,2026-08-05
RUSHA,active,listed_common_stock_with_current_price,NASDAQ,"Rush Enterprises, Inc. - Class A Common Stock",2026-08-04,2026-08-05
RUSHB,active,listed_common_stock_with_current_price,NASDAQ,"Rush Enterprises, Inc. - Class B Common Stock",2026-08-04,2026-08-05
RVI,active,listed_common_stock_with_current_price,NYSE,Robinhood Ventures Fund I Common Shares of Beneficial Interest,2026-08-04,2026-08-05
RVLV,active,listed_common_stock_with_current_price,NYSE,"Revolve Group, Inc. Class A Common Stock",2026-08-04,2026-08-05
RVMD,active,listed_common_stock_with_current_price,NASDAQ,"Revolution Medicines, Inc. - Common Stock",2026-08-04,2026-08-05
RVP,active,listed_common_stock_with_current_price,NYSE American,"Retractable Technologies, Inc. Common Stock",2026-08-04,2026-08-05
RVPH,inactive,not_in_current_exchange_directories,,,2026-08-04,2026-08-05
RVSB,active,listed_common_stock_with_current_price,NASDAQ,Riverview Bancorp Inc - Common Stock,2026-08-04,2026-08-05
RVSN,active,listed_common_stock_with_current_price,NASDAQ,Rail Vision Ltd. - Ordinary Shares,2026-08-04,2026-08-05
RVSNW,inactive,non_common_stock:nasdaq_non_common_suffix,NASDAQ,Rail Vision Ltd. - Warrant,2026-08-04,2026-08-05
RVTY,active,listed_common_stock_with_current_price,NYSE,"Revvity, Inc. Common Stock",2026-08-04,2026-08-05
RVYL,inactive,not_in_current_exchange_directories,,,2026-07-13,2026-08-05
RWAY,active,listed_common_stock_with_current_price,NASDAQ,Runway Growth Finance Corp. - Common Stock,2026-08-04,2026-08-05
RWAYL,inactive,non_common_stock:obvious_non_common_title,NASDAQ,Runway Growth Finance Corp. - 7.50% Notes due 2027,2026-08-04,2026-08-05
RWT,active,listed_common_stock_with_current_price,NYSE,"Redwood Trust, Inc. Common Stock",2026-08-04,2026-08-05
RXO,active,listed_common_stock_with_current_price,NYSE,"RXO, Inc. Common Stock",2026-08-04,2026-08-05
RXRX,active,listed_common_stock_with_current_price,NASDAQ,"Recursion Pharmaceuticals, Inc. - Class A Common Stock",2026-08-04,2026-08-05
RXST,active,listed_common_stock_with_current_price,NASDAQ,"RxSight, Inc. - Common Stock",2026-08-04,2026-08-05
RXT,active,listed_common_stock_with_current_price,NASDAQ,"Rackspace Technology, Inc. - Common Stock",2026-08-04,2026-08-05
RY,active,listed_common_stock_with_current_price,NYSE,Royal Bank Of Canada Common Stock,2026-08-04,2026-08-05
RYAAY,active,listed_common_stock_with_current_price,NASDAQ,"Ryanair Holdings plc - American Depositary Shares, each representing five Ordinary Shares",2026-08-04,2026-08-05
RYAM,active,listed_common_stock_with_current_price,NYSE,Rayonier Advanced Materials Inc. Common Stock,2026-08-04,2026-08-05
RYAN,active,listed_common_stock_with_current_price,NYSE,"Ryan Specialty Holdings, Inc. Class A Common Stock",2026-08-04,2026-08-05
RYM,active,listed_common_stock_with_current_price,NASDAQ,"RYTHM, Inc. - Common Stock",2026-08-04,2026-08-05
RYN,active,listed_common_stock_with_current_price,NYSE,Rayonier Inc. REIT Common Stock,2026-08-04,2026-08-05
RYTM,active,listed_common_stock_with_current_price,NASDAQ,"Rhythm Pharmaceuticals, Inc. - Common Stock",2026-08-04,2026-08-05
RZB,inactive,not_in_current_exchange_directories,,,2026-06-16,2026-08-05
RZC,inactive,non_common_stock:obvious_non_common_title,NYSE,"Reinsurance Group of America, Incorporated 7.125% Fixed-Rate Reset Subordinated Debentures due 2052",2026-08-04,2026-08-05
RZLT,active,listed_common_stock_with_current_price,NASDAQ,"Rezolute, Inc. - Common Stock (NV)",2026-08-04,2026-08-05
S,active,listed_common_stock_with_current_price,NYSE,"SentinelOne, Inc. Class A Common Stock",2026-08-04,2026-08-05
SA,active,listed_common_stock_with_current_price,NYSE,"Seabridge Gold, Inc. Common Shares New",2026-08-04,2026-08-05
SABA,active,listed_common_stock_with_current_price,NYSE,Saba Capital Income & Opportunities Fund II Shares of Beneficial Interest,2026-08-04,2026-08-05
SABR,active,listed_common_stock_with_current_price,NASDAQ,Sabre Corporation - Common Stock,2026-08-04,2026-08-05
SABS,active,listed_common_stock_with_current_price,NASDAQ,"SAB Biotherapeutics, Inc. - Common Stock",2026-08-04,2026-08-05
SABSW,inactive,non_common_stock:nasdaq_non_common_suffix,NASDAQ,"SAB Biotherapeutics, Inc. - Warrant",2026-08-04,2026-08-05
SACH,active,listed_common_stock_with_current_price,NYSE American,Sachem Capital Corp. Common Shares,2026-08-04,2026-08-05
SAFE,active,listed_common_stock_with_current_price,NYSE,Safehold Inc. New Common Stock,2026-08-04,2026-08-05
SAFT,active,listed_common_stock_with_current_price,NASDAQ,"Safety Insurance Group, Inc. - Common Stock",2026-08-04,2026-08-05
SAH,active,listed_common_stock_with_current_price,NYSE,"Sonic Automotive, Inc. Common Stock",2026-08-04,2026-08-05
SAIA,active,listed_common_stock_with_current_price,NASDAQ,"Saia, Inc. - Common Stock",2026-08-04,2026-08-05
SAIC,active,listed_common_stock_with_current_price,NASDAQ,Science Applications International Corporation - Common Stock,2026-08-04,2026-08-05
SAIH,active,listed_common_stock_with_current_price,NASDAQ,SAIHEAT Limited - Class A Ordinary Shares,2026-08-04,2026-08-05
SAIHW,inactive,non_common_stock:nasdaq_non_common_suffix,NASDAQ,SAIHEAT Limited - Warrant,2026-07-17,2026-08-05
SAIL,active,listed_common_stock_with_current_price,NASDAQ,"SailPoint, Inc. - Common Stock",2026-08-04,2026-08-05
SAJ,inactive,non_common_stock:obvious_non_common_title,NYSE,Saratoga Investment Corp 8.00% Notes due 2027,2026-08-04,2026-08-05
SAM,active,listed_common_stock_with_current_price,NYSE,"Boston Beer Company, Inc. (The) Common Stock",2026-08-04,2026-08-05
SAMG,active,listed_common_stock_with_current_price,NASDAQ,Silvercrest Asset Management Group Inc. - Common Stock,2026-08-04,2026-08-05
SAN,active,listed_common_stock_with_current_price,NYSE,"Banco Santander, S.A. Sponsored ADR (Spain)",2026-08-04,2026-08-05
SANA,active,listed_common_stock_with_current_price,NASDAQ,"Sana Biotechnology, Inc. - Common Stock",2026-08-04,2026-08-05
SANG,active,listed_common_stock_with_current_price,NASDAQ,Sangoma Technologies Corporation - Common Shares,2026-08-04,2026-08-05
SANM,active,listed_common_stock_with_current_price,NASDAQ,Sanmina Corporation - Common Stock,2026-08-04,2026-08-05
SAP,active,listed_common_stock_with_current_price,NYSE,SAP  SE ADS,2026-08-04,2026-08-05
SAR,active,listed_common_stock_with_current_price,NYSE,Saratoga Investment Corp New,2026-08-04,2026-08-05
SAT,inactive,non_common_stock:obvious_non_common_title,NYSE,Saratoga Investment Corp 6.00% Notes due 2027,2026-08-04,2026-08-05
SATL,active,listed_common_stock_with_current_price,NASDAQ,Satellogic Inc. - Class A Common Stock,2026-08-04,2026-08-05
SATLW,inactive,non_common_stock:nasdaq_non_common_suffix,NASDAQ,Satellogic Inc. - Warrant,2026-08-04,2026-08-05
SATS,inactive,not_in_current_exchange_directories,,,2026-07-17,2026-08-05
SAY,inactive,non_common_stock:obvious_non_common_title,NYSE,Saratoga Investment Corp 8.125% Notes due 2027,2026-08-04,2026-08-05
SB,active,listed_common_stock_with_current_price,NYSE,"Safe Bulkers, Inc Common Stock ($0.001 par value)",2026-08-04,2026-08-05
SBAC,active,listed_common_stock_with_current_price,NASDAQ,SBA Communications Corporation - Class A Common Stock,2026-08-04,2026-08-05
SBCF,active,listed_common_stock_with_current_price,NASDAQ,Seacoast Banking Corporation of Florida - Common Stock,2026-08-04,2026-08-05
SBCWW,inactive,non_common_stock:nasdaq_non_common_suffix,NASDAQ,SBC Medical Group Holdings Incorporated - Warrants,2026-08-04,2026-08-05
SBET,active,listed_common_stock_with_current_price,NASDAQ,"Sharplink, Inc. - Common Stock",2026-08-04,2026-08-05
SBEV,active,listed_common_stock_with_current_price,NYSE American,"Splash Beverage Group, Inc. (NV) Common Stock",2026-08-04,2026-08-05
SBFG,active,listed_common_stock_with_current_price,NASDAQ,"SB Financial Group, Inc. - Common Stock",2026-08-04,2026-08-05
SBFM,active,listed_common_stock_with_current_price,NASDAQ,Sunshine Biopharma Inc. - Common stock,2026-08-04,2026-08-05
SBFMW,inactive,non_common_stock:nasdaq_non_common_suffix,NASDAQ,Sunshine Biopharma Inc. - Warrant,2026-08-04,2026-08-05
SBGI,active,listed_common_stock_with_current_price,NASDAQ,"Sinclair, Inc. - Class A Common Stock",2026-08-04,2026-08-05
SBH,active,listed_common_stock_with_current_price,NYSE,"Sally Beauty Holdings, Inc. (Name to be changed from Sally Holdings, Inc.) Common Stock",2026-08-04,2026-08-05
SBIGW,inactive,not_in_current_exchange_directories,,,2025-10-29,2026-08-05
SBLK,active,listed_common_stock_with_current_price,NASDAQ,Star Bulk Carriers Corp. - Common Shares,2026-08-04,2026-08-05
SBR,active,listed_common_stock_with_current_price,NYSE,Sabine Royalty Trust Common Stock,2026-08-04,2026-08-05
SBRA,active,listed_common_stock_with_current_price,NASDAQ,"Sabra Health Care REIT, Inc. - Common Stock",2026-08-04,2026-08-05
SBS,active,listed_common_stock_with_current_price,NYSE,Companhia de saneamento Basico Do Estado De Sao Paulo - Sabesp American Depositary Shares (Each repstg 250 Common Shares),2026-08-04,2026-08-05
SBSI,active,listed_common_stock_with_current_price,NYSE,"Southside Bancshares, Inc. Common Stock",2026-08-04,2026-08-05
SBSW,active,listed_common_stock_with_current_price,NYSE,D/B/A Sibanye-Stillwater Limited ADS,2026-08-04,2026-08-05
SBUX,active,listed_common_stock_with_current_price,NASDAQ,Starbucks Corporation - Common Stock,2026-08-04,2026-08-05
SCCD,inactive,non_common_stock:obvious_non_common_title,NYSE American,Sachem Capital Corp. 6.00% Notes due 2026,2026-08-04,2026-08-05
SCCE,inactive,non_common_stock:obvious_non_common_title,NYSE American,Sachem Capital Corp. 6.00% Notes due 2027,2026-08-04,2026-08-05
SCCF,inactive,non_common_stock:obvious_non_common_title,NYSE American,Sachem Capital Corp. 7.125% Notes due 2027,2026-08-04,2026-08-05
SCCG,inactive,non_common_stock:obvious_non_common_title,NYSE American,Sachem Capital Corp. 8.00% Notes due 2027,2026-08-04,2026-08-05
SCCO,active,listed_common_stock_with_current_price,NYSE,Southern Copper Corporation Common Stock,2026-08-04,2026-08-05
SCDL,inactive,exchange_directory_etf,NYSE Arca,ETRACS 2x Leveraged US Dividend Factor TR ETN,2026-08-04,2026-08-05
SCHL,active,listed_common_stock_with_current_price,NASDAQ,Scholastic Corporation - Common Stock,2026-08-04,2026-08-05
SCHW,active,listed_common_stock_with_current_price,NYSE,Charles Schwab Corporation (The) Common Stock,2026-08-04,2026-08-05
SCI,active,listed_common_stock_with_current_price,NYSE,Service Corporation International Common Stock,2026-08-04,2026-08-05
SCKT,active,listed_common_stock_with_current_price,NASDAQ,"Socket Mobile, Inc. - Common Stock",2026-08-04,2026-08-05
SCL,active,listed_common_stock_with_current_price,NYSE,Stepan Company Common Stock,2026-08-04,2026-08-05
SCLX,active,listed_common_stock_with_current_price,NASDAQ,Scilex Holding Company - Common Stock,2026-08-04,2026-08-05
SCLXW,inactive,non_common_stock:nasdaq_non_common_suffix,NASDAQ,Scilex Holding Company - Warrant,2026-08-04,2026-08-05
SCM,active,listed_common_stock_with_current_price,NYSE,Stellus Capital Investment Corporation Common Stock,2026-08-04,2026-08-05
SCNI,active,listed_common_stock_with_current_price,NASDAQ,Scinai Immunotherapeutics Ltd. - American Depositary Shares,2026-08-04,2026-08-05
SCNX,active,listed_common_stock_with_current_price,NASDAQ,"Scienture Holdings, Inc. - Common Stock",2026-08-04,2026-08-05
SCOR,active,listed_common_stock_with_current_price,NASDAQ,"comScore, Inc. - Common Stock",2026-08-04,2026-08-05
SCSC,active,listed_common_stock_with_current_price,NASDAQ,"ScanSource, Inc. - Common Stock",2026-08-04,2026-08-05
SCVL,inactive,not_in_current_exchange_directories,,,2026-07-17,2026-08-05
SCWO,active,listed_common_stock_with_current_price,NASDAQ,374Water Inc. - common stock,2026-08-04,2026-08-05
SCYX,active,listed_common_stock_with_current_price,NASDAQ,"SCYNEXIS, Inc. - Common Stock",2026-08-04,2026-08-05
SD,active,listed_common_stock_with_current_price,NYSE,"SandRidge Energy, Inc. Common Stock",2026-08-04,2026-08-05
SDAWW,inactive,non_common_stock:nasdaq_non_common_suffix,NASDAQ,SunCar Technology Group Inc. - Warrant,2026-07-17,2026-08-05
SDGR,active,listed_common_stock_with_current_price,NASDAQ,"Schrodinger, Inc. - Common Stock",2026-08-04,2026-08-05
SDHY,active,listed_common_stock_with_current_price,NYSE,PGIM Short Duration High Yield Opportunities Fund Common Shares,2026-08-04,2026-08-05
SDOT,active,listed_common_stock_with_current_price,NASDAQ,Sadot Group Inc. - Common Stock,2026-08-04,2026-08-05
SDRL,active,listed_common_stock_with_current_price,NYSE,Seadrill Limited Common Shares,2026-08-04,2026-08-05
SDSTW,inactive,non_common_stock:nasdaq_non_common_suffix,NASDAQ,Stardust Power Inc. - Warrant,2026-08-04,2026-08-05
SE,active,listed_common_stock_with_current_price,NYSE,"Sea Limited American Depositary Shares, each representing one Class A Ordinary Share",2026-08-04,2026-08-05
SEAT,active,listed_common_stock_with_current_price,NASDAQ,Vivid Seats Inc. - Class A common stock,2026-08-04,2026-08-05
SEATW,inactive,non_common_stock:nasdaq_non_common_suffix,NASDAQ,Vivid Seats Inc. - Warrant,2026-08-04,2026-08-05
SEB,active,listed_common_stock_with_current_price,NYSE American,Seaboard Corporation Common Stock,2026-08-04,2026-08-05
SEDG,active,listed_common_stock_with_current_price,NASDAQ,"SolarEdge Technologies, Inc. - Common Stock",2026-08-04,2026-08-05
SEE,inactive,not_in_current_exchange_directories,,,2026-04-09,2026-08-05
SEED,active,listed_common_stock_with_current_price,NASDAQ,Origin Agritech Limited - Ordinary Shares,2026-08-04,2026-08-05
SEER,active,listed_common_stock_with_current_price,NASDAQ,"Seer, Inc. - Class A Common Stock",2026-08-04,2026-08-05
SEI,active,listed_common_stock_with_current_price,NYSE,"Solaris Energy Infrastructure, Inc. Class A Common Stock",2026-08-04,2026-08-05
SEIC,active,listed_common_stock_with_current_price,NASDAQ,SEI Investments Company - Common Stock,2026-08-04,2026-08-05
SELF,active,listed_common_stock_with_current_price,NASDAQ,"Global Self Storage, Inc. - Common Stock",2026-08-04,2026-08-05
SEM,inactive,not_in_current_exchange_directories,,,2026-06-30,2026-08-05
SEMR,inactive,not_in_current_exchange_directories,,,2026-04-27,2026-08-05
SENEA,active,listed_common_stock_with_current_price,NASDAQ,Seneca Foods Corp. - Class A Common Stock,2026-08-04,2026-08-05
SENEB,active,listed_common_stock_with_current_price,NASDAQ,Seneca Foods Corp. - Class B Common Stock,2026-08-04,2026-08-05
SENS,active,listed_common_stock_with_current_price,NASDAQ,"Senseonics Holdings, Inc. - Common Stock",2026-08-04,2026-08-05
SER,active,listed_common_stock_with_current_price,NYSE American,"Serina Therapeutics, Inc. Common Stock",2026-08-04,2026-08-05
SERA,active,listed_common_stock_with_current_price,NASDAQ,"Sera Prognostics, Inc. - Class A Common Stock",2026-08-04,2026-08-05
SES,active,listed_common_stock_with_current_price,NYSE,SES AI Corporation Class A Common Stock,2026-08-04,2026-08-05
SEV,active,listed_common_stock_with_current_price,NASDAQ,Aptera Motors Corp. - Class B Common Stock,2026-08-04,2026-08-05
SEVN,active,listed_common_stock_with_current_price,NASDAQ,Seven Hills Realty Trust  - Common Stock,2026-08-04,2026-08-05
SF,active,listed_common_stock_with_current_price,NYSE,Stifel Financial Corporation Common Stock,2026-08-04,2026-08-05
SFB,inactive,non_common_stock:obvious_non_common_title,NYSE,Stifel Financial Corporation 5.20% Senior Notes due 2047,2026-08-04,2026-08-05
SFBC,active,listed_common_stock_with_current_price,NASDAQ,"Sound Financial Bancorp, Inc. - Common Stock",2026-08-04,2026-08-05
SFBS,active,listed_common_stock_with_current_price,NYSE,"ServisFirst Bancshares, Inc. Common Stock",2026-08-04,2026-08-05
SFIX,active,listed_common_stock_with_current_price,NASDAQ,"Stitch Fix, Inc. - Class A Common Stock",2026-08-04,2026-08-05
SFL,active,listed_common_stock_with_current_price,NYSE,SFL Corporation Ltd,2026-08-04,2026-08-05
SFM,active,listed_common_stock_with_current_price,NASDAQ,"Sprouts Farmers Market, Inc. - Common Stock",2026-08-04,2026-08-05
SFNC,active,listed_common_stock_with_current_price,NASDAQ,Simmons First National Corporation - Common Stock,2026-08-04,2026-08-05
SFST,active,listed_common_stock_with_current_price,NASDAQ,"Southern First Bancshares, Inc. - Common Stock",2026-08-04,2026-08-05
SG,active,listed_common_stock_with_current_price,NYSE,"Sweetgreen, Inc. Class A Common Stock",2026-08-04,2026-08-05
SGA,active,listed_common_stock_with_current_price,NASDAQ,"Saga Communications, Inc. - Class A Common Stock",2026-08-04,2026-08-05
SGC,active,listed_common_stock_with_current_price,NASDAQ,"Superior Group of Companies, Inc. - Common Stock",2026-08-04,2026-08-05
SGHC,active,listed_common_stock_with_current_price,NYSE,Super Group (SGHC) Limited Ordinary Shares,2026-08-04,2026-08-05
SGHT,active,listed_common_stock_with_current_price,NASDAQ,"Sight Sciences, Inc. - Common Stock",2026-08-04,2026-08-05
SGI,active,listed_common_stock_with_current_price,NYSE,Somnigroup International Inc. Common Stock,2026-08-04,2026-08-05
SGLY,active,listed_common_stock_with_current_price,NASDAQ,Singularity Future Technology Ltd. - Common Stock,2026-08-04,2026-08-05
SGML,active,listed_common_stock_with_current_price,NASDAQ,Sigma Lithium Corporation - common shares,2026-08-04,2026-08-05
SGMO,inactive,not_in_current_exchange_directories,,,2026-07-01,2026-08-05
SGRP,inactive,not_in_current_exchange_directories,,,2026-08-04,2026-08-05
SGRY,active,listed_common_stock_with_current_price,NASDAQ,"Surgery Partners, Inc. - Common Stock",2026-08-04,2026-08-05
SGU,active,listed_common_stock_with_current_price,NYSE,Star Group L.P. Common Stock,2026-08-04,2026-08-05
SHAK,active,listed_common_stock_with_current_price,NYSE,"Shake Shack, Inc. Class A Common Stock",2026-08-04,2026-08-05
SHAZ,active,listed_common_stock_with_current_price,NASDAQ,"SharonAI Holdings, Inc. - Class A Common Stock",2026-08-04,2026-08-05
SHBI,active,listed_common_stock_with_current_price,NASDAQ,"Shore Bancshares, Inc. - Common Stock",2026-08-04,2026-08-05
SHC,active,listed_common_stock_with_current_price,NASDAQ,Sotera Health Company - Common Stock,2026-08-04,2026-08-05
SHEL,active,listed_common_stock_with_current_price,NYSE,Shell PLC American Depositary Shares (each representing two (2) Ordinary Shares),2026-08-04,2026-08-05
SHEN,active,listed_common_stock_with_current_price,NASDAQ,Shenandoah Telecommunications Co - Common Stock,2026-08-04,2026-08-05
SHFS,active,listed_common_stock_with_current_price,NASDAQ,"SHF Holdings, Inc. - Class A Common Stock",2026-08-04,2026-08-05
SHFSW,inactive,non_common_stock:nasdaq_non_common_suffix,NASDAQ,"SHF Holdings, Inc. - Warrants",2026-08-04,2026-08-05
SHG,active,listed_common_stock_with_current_price,NYSE,Shinhan Financial Group Co Ltd American Depositary Shares,2026-08-04,2026-08-05
SHIP,active,listed_common_stock_with_current_price,NASDAQ,Seanergy Maritime Holdings Corp. - Common Stock,2026-08-04,2026-08-05
SHLS,active,listed_common_stock_with_current_price,NASDAQ,"Shoals Technologies Group, Inc. - Class A Common Stock",2026-08-04,2026-08-05
SHO,active,listed_common_stock_with_current_price,NYSE,"Sunstone Hotel Investors, Inc. Sunstone Hotel Investors, Inc. Common Shares",2026-08-04,2026-08-05
SHOO,active,listed_common_stock_with_current_price,NASDAQ,"Steven Madden, Ltd. - Common Stock",2026-08-04,2026-08-05
SHOP,active,listed_common_stock_with_current_price,NASDAQ,Shopify Inc. - Class A Subordinate Voting Shares,2026-08-04,2026-08-05
SHPH,active,listed_common_stock_with_current_price,NASDAQ,"Shuttle Pharmaceuticals Holdings, Inc. - common stock",2026-08-04,2026-08-05
SHW,active,listed_common_stock_with_current_price,NYSE,Sherwin-Williams Company (The) Common Stock,2026-08-04,2026-08-05
SIBN,active,listed_common_stock_with_current_price,NASDAQ,"SI-BONE, Inc. - Common Stock",2026-08-04,2026-08-05
SID,active,listed_common_stock_with_current_price,NYSE,Companhia Siderurgica Nacional S.A. Common Stock,2026-08-04,2026-08-05
SIDU,active,listed_common_stock_with_current_price,NASDAQ,"Sidus Space, Inc. - Class A Common Stock",2026-08-04,2026-08-05
SIEB,active,listed_common_stock_with_current_price,NASDAQ,Siebert Financial Corp. - Common Stock,2026-08-04,2026-08-05
SIF,active,listed_common_stock_with_current_price,NYSE American,"SIFCO Industries, Inc. Common Stock",2026-08-04,2026-08-05
SIFY,active,listed_common_stock_with_current_price,NASDAQ,Sify Technologies Limited - American Depository Shares,2026-08-04,2026-08-05
SIG,active,listed_common_stock_with_current_price,NYSE,Signet Jewelers Limited Common Shares,2026-08-04,2026-08-05
SIGA,active,listed_common_stock_with_current_price,NASDAQ,SIGA Technologies Inc. - Common Stock,2026-08-04,2026-08-05
SIGI,active,listed_common_stock_with_current_price,NASDAQ,"Selective Insurance Group, Inc. - Common Stock",2026-08-04,2026-08-05
SIGIP,inactive,non_common_stock:nasdaq_non_common_suffix,NASDAQ,"Selective Insurance Group, Inc. - Depositary Shares, each representing a 1/1,000th interest in a share of 4.60% Non-Cumulative Preferred Stock, Series B",2026-08-04,2026-08-05
SII,active,listed_common_stock_with_current_price,NYSE,Sprott Inc. Common Shares,2026-08-04,2026-08-05
SILC,active,listed_common_stock_with_current_price,NASDAQ,Silicom Ltd - Ordinary Shares,2026-08-04,2026-08-05
SIM,active,listed_common_stock_with_current_price,NYSE American,"Grupo Simec, S.A.B. de C.V. American Depositary Shares",2026-08-04,2026-08-05
SIMO,active,listed_common_stock_with_current_price,NASDAQ,"Silicon Motion Technology Corporation - American Depositary Shares, each representing four ordinary shares",2026-08-04,2026-08-05
SINT,active,listed_common_stock_with_current_price,NASDAQ,"SiNtx Technologies, Inc. - Common Stock",2026-08-04,2026-08-05
SIRI,active,listed_common_stock_with_current_price,NASDAQ,SiriusXM Holdings Inc. - Common Stock,2026-08-04,2026-08-05
SITC,active,listed_common_stock_with_current_price,NYSE,SITE Centers Corp. Common Stock,2026-08-04,2026-08-05
SITE,active,listed_common_stock_with_current_price,NYSE,"SiteOne Landscape Supply, Inc. Common Stock",2026-08-04,2026-08-05
SITM,active,listed_common_stock_with_current_price,NASDAQ,SiTime Corporation - Common Stock,2026-08-04,2026-08-05
SJ,active,listed_common_stock_with_current_price,NASDAQ,Scienjoy Holding Corporation - Class A Ordinary Shares,2026-08-04,2026-08-05
SJM,active,listed_common_stock_with_current_price,NYSE,The J.M. Smucker Company Common Stock,2026-08-04,2026-08-05
SJT,active,listed_common_stock_with_current_price,NYSE,San Juan Basin Royalty Trust Common Stock,2026-08-04,2026-08-05
SKE,active,listed_common_stock_with_current_price,NYSE,Skeena Resources Limited Common Shares,2026-08-04,2026-08-05
SKIL,active,listed_common_stock_with_current_price,NYSE,Skillsoft Corp. Class A Common Stock,2026-08-04,2026-08-05
SKIN,active,listed_common_stock_with_current_price,NASDAQ,SkinHealth Systems Inc. - Class A Common Stock,2026-08-04,2026-08-05
SKLZ,inactive,not_in_current_exchange_directories,,,2026-07-17,2026-08-05
SKM,active,listed_common_stock_with_current_price,NYSE,"SK Telecom Co., Ltd. Common Stock",2026-08-04,2026-08-05
SKT,active,listed_common_stock_with_current_price,NYSE,Tanger Inc. Common Stock,2026-08-04,2026-08-05
SKY,active,listed_common_stock_with_current_price,NYSE,"Champion Homes, Inc. Common Stock",2026-08-04,2026-08-05
SKYH,active,listed_common_stock_with_current_price,NYSE,Sky Harbour Group Corporation Class A Common Stock,2026-08-04,2026-08-05
SKYT,inactive,not_in_current_exchange_directories,,,2026-08-03,2026-08-05
SKYW,active,listed_common_stock_with_current_price,NASDAQ,"SkyWest, Inc. - Common Stock",2026-08-04,2026-08-05
SKYX,active,listed_common_stock_with_current_price,NASDAQ,SKYX Platforms Corp. - Common Stock,2026-08-04,2026-08-05
SLAB,active,listed_common_stock_with_current_price,NASDAQ,"Silicon Laboratories, Inc. - Common Stock",2026-08-04,2026-08-05
SLAI,inactive,not_in_current_exchange_directories,,,2026-07-17,2026-08-05
SLB,active,listed_common_stock_with_current_price,NYSE,SLB Limited Common Shares,2026-08-04,2026-08-05
SLDB,active,listed_common_stock_with_current_price,NASDAQ,Solid Biosciences Inc. - Common Stock,2026-08-04,2026-08-05
SLDP,active,listed_common_stock_with_current_price,NASDAQ,"Solid Power, Inc. - Class A Common Stock",2026-08-04,2026-08-05
SLDPW,inactive,non_common_stock:nasdaq_non_common_suffix,NASDAQ,"Solid Power, Inc. - Warrant",2026-08-04,2026-08-05
SLE,active,listed_common_stock_with_current_price,NASDAQ,"Super League Enterprise, Inc. - Common Stock",2026-08-04,2026-08-05
SLF,active,listed_common_stock_with_current_price,NYSE,Sun Life Financial Inc. Common Stock,2026-08-04,2026-08-05
SLG,active,listed_common_stock_with_current_price,NYSE,SL Green Realty Corp Common Stock,2026-08-04,2026-08-05
SLGL,active,listed_common_stock_with_current_price,NASDAQ,Sol-Gel Technologies Ltd. - Ordinary Shares,2026-08-04,2026-08-05
SLGN,active,listed_common_stock_with_current_price,NYSE,Silgan Holdings Inc. Common Stock,2026-08-04,2026-08-05
SLI,active,listed_common_stock_with_current_price,NYSE American,Standard Lithium Ltd. Common Shares,2026-08-04,2026-08-05
SLM,active,listed_common_stock_with_current_price,NASDAQ,SLM Corporation - Common Stock,2026-08-04,2026-08-05
SLMBP,inactive,non_common_stock:nasdaq_non_common_suffix,NASDAQ,"SLM Corporation - Floating Rate Non-Cumulative Preferred Stock, Series B",2026-08-04,2026-08-05
SLN,active,listed_common_stock_with_current_price,NASDAQ,Silence Therapeutics Plc - American Depository Share,2026-08-04,2026-08-05
SLND,active,listed_common_stock_with_current_price,NYSE American,"Southland Holdings, Inc. Common Stock",2026-08-04,2026-08-05
SLNG,active,listed_common_stock_with_current_price,NASDAQ,"Stabilis Solutions, Inc. - Common Stock",2026-08-04,2026-08-05
SLNH,active,listed_common_stock_with_current_price,NASDAQ,"Soluna Holdings, Inc. - Common Stock",2026-08-04,2026-08-05
SLNHP,inactive,non_common_stock:nasdaq_non_common_suffix,NASDAQ,"Soluna Holdings, Inc. - 9.0% Series A Cumulative Perpetual Preferred Stock",2026-08-04,2026-08-05
SLNO,inactive,not_in_current_exchange_directories,,,2026-05-18,2026-08-05
SLP,active,listed_common_stock_with_current_price,NASDAQ,"Simulations Plus, Inc. - Common Stock",2026-08-04,2026-08-05
SLQT,active,listed_common_stock_with_current_price,NYSE,"SelectQuote, Inc. Common Stock",2026-08-04,2026-08-05
SLRC,active,listed_common_stock_with_current_price,NASDAQ,SLR Investment Corp. - Closed End Fund,2026-08-04,2026-08-05
SLS,active,listed_common_stock_with_current_price,NASDAQ,"SELLAS Life Sciences Group, Inc.  - Common Stock",2026-08-04,2026-08-05
SLSN,active,listed_common_stock_with_current_price,NASDAQ,"Solesence, Inc. - Common stock",2026-08-04,2026-08-05
SLVM,active,listed_common_stock_with_current_price,NYSE,Sylvamo Corporation Common Stock,2026-08-04,2026-08-05
SM,active,listed_common_stock_with_current_price,NYSE,SM Energy Company Common Stock,2026-08-04,2026-08-05
SMA,active,listed_common_stock_with_current_price,NYSE,"SmartStop Self Storage REIT, Inc. Common Stock",2026-08-04,2026-08-05
SMBC,active,listed_common_stock_with_current_price,NASDAQ,"Southern Missouri Bancorp, Inc. - Common Stock",2026-08-04,2026-08-05
SMBK,active,listed_common_stock_with_current_price,NYSE,"SmartFinancial, Inc. Common Stock",2026-08-04,2026-08-05
SMCI,active,listed_common_stock_with_current_price,NASDAQ,"Super Micro Computer, Inc. - Common Stock",2026-08-04,2026-08-05
SMFG,active,listed_common_stock_with_current_price,NYSE,Sumitomo Mitsui Financial Group Inc Unsponsored American Depositary Shares (Japan),2026-08-04,2026-08-05
SMG,active,listed_common_stock_with_current_price,NYSE,Scotts Miracle-Gro Company (The) Common Stock,2026-08-04,2026-08-05
SMHI,active,listed_common_stock_with_current_price,NYSE,SEACOR Marine Holdings Inc. Common Stock,2026-08-04,2026-08-05
SMID,active,listed_common_stock_with_current_price,NASDAQ,Smith-Midland Corporation - Common Stock,2026-08-04,2026-08-05
SMMT,active,listed_common_stock_with_current_price,NASDAQ,Summit Therapeutics Inc.  - Common Stock,2026-08-04,2026-08-05
SMP,active,listed_common_stock_with_current_price,NYSE,"Standard Motor Products, Inc. Common Stock",2026-08-04,2026-08-05
SMPL,active,listed_common_stock_with_current_price,NASDAQ,The Simply Good Foods Company - Common Stock,2026-08-04,2026-08-05
SMR,active,listed_common_stock_with_current_price,NYSE,NuScale Power Corporation Class A Common Stock,2026-08-04,2026-08-05
SMRT,active,listed_common_stock_with_current_price,NYSE,"SmartRent, Inc. Class A Common Stock",2026-08-04,2026-08-05
SMSI,active,listed_common_stock_with_current_price,NASDAQ,"Smith Micro Software, Inc. - Common Stock",2026-08-04,2026-08-05
SMTC,active,listed_common_stock_with_current_price,NASDAQ,Semtech Corporation - Common Stock,2026-08-04,2026-08-05
SMTI,active,listed_common_stock_with_current_price,NASDAQ,Sanara MedTech Inc. - Common Stock,2026-08-04,2026-08-05
SMWB,active,listed_common_stock_with_current_price,NYSE,Similarweb Ltd. Ordinary Shares,2026-08-04,2026-08-05
SMX,active,listed_common_stock_with_current_price,NASDAQ,SMX (Security Matters) Public Limited Company - Ordinary Shares,2026-08-04,2026-08-05
SMXWW,inactive,non_common_stock:nasdaq_non_common_suffix,NASDAQ,SMX (Security Matters) Public Limited Company - Warrant,2026-08-04,2026-08-05
SNA,active,listed_common_stock_with_current_price,NYSE,Snap-On Incorporated Common Stock,2026-08-04,2026-08-05
SNAL,active,listed_common_stock_with_current_price,NASDAQ,"Snail, Inc. - Class A Common Stock",2026-08-04,2026-08-05
SNAP,active,listed_common_stock_with_current_price,NYSE,Snap Inc. Class A Common Stock,2026-08-04,2026-08-05
SNBR,inactive,not_in_current_exchange_directories,,,2026-07-17,2026-08-05
SNCY,inactive,not_in_current_exchange_directories,,,2026-05-15,2026-08-05
SND,active,listed_common_stock_with_current_price,NASDAQ,"Smart Sand, Inc. - Common Stock",2026-08-04,2026-08-05
SNDA,active,listed_common_stock_with_current_price,NYSE,"Sonida Senior Living, Inc. Common Stock",2026-08-04,2026-08-05
SNDK,active,listed_common_stock_with_current_price,NASDAQ,Sandisk Corporation - Common Stock When-Issued,2026-08-04,2026-08-05
SNDL,active,listed_common_stock_with_current_price,NASDAQ,SNDL Inc. - Common Shares,2026-08-04,2026-08-05
SNDR,active,listed_common_stock_with_current_price,NYSE,"Schneider National, Inc. Common Stock",2026-08-04,2026-08-05
SNDX,active,listed_common_stock_with_current_price,NASDAQ,"Syndax Pharmaceuticals, Inc. - Common Stock",2026-08-04,2026-08-05
SNES,active,listed_common_stock_with_current_price,NASDAQ,"SenesTech, Inc. - Common Stock",2026-08-04,2026-08-05
SNEX,active,listed_common_stock_with_current_price,NASDAQ,StoneX Group Inc. - Common Stock,2026-08-04,2026-08-05
SNFCA,active,listed_common_stock_with_current_price,NASDAQ,Security National Financial Corporation - Class A Common Stock,2026-08-04,2026-08-05
SNGX,active,listed_common_stock_with_current_price,NASDAQ,"Soligenix, Inc. - Common Stock",2026-08-04,2026-08-05
SNN,active,listed_common_stock_with_current_price,NYSE,"Smith & Nephew SNATS, Inc. Common Stock",2026-08-04,2026-08-05
SNOA,active,listed_common_stock_with_current_price,NASDAQ,"Sonoma Pharmaceuticals, Inc. - Common Stock",2026-08-04,2026-08-05
SNOW,active,listed_common_stock_with_current_price,NYSE,Snowflake Inc. Common Stock,2026-08-04,2026-08-05
SNPS,active,listed_common_stock_with_current_price,NASDAQ,"Synopsys, Inc. - Common Stock",2026-08-04,2026-08-05
SNSE,inactive,not_in_current_exchange_directories,,,2026-07-17,2026-08-05
SNT,active,listed_common_stock_with_current_price,NASDAQ,Senstar Technologies Corporation - Common Shares,2026-08-04,2026-08-05
SNTG,active,listed_common_stock_with_current_price,NASDAQ,Sentage Holdings Inc. - Class A Ordinary Shares,2026-08-04,2026-08-05
SNTI,active,listed_common_stock_with_current_price,NASDAQ,"Senti Biosciences Holdings, Inc. - Common Stock",2026-08-04,2026-08-05
SNX,active,listed_common_stock_with_current_price,NYSE,TD SYNNEX Corporation Common Stock,2026-08-04,2026-08-05
SNY,active,listed_common_stock_with_current_price,NASDAQ,Sanofi - American Depositary Shares,2026-08-04,2026-08-05
SNYR,active,listed_common_stock_with_current_price,NASDAQ,Synergy CHC Corp. - Common Stock,2026-08-04,2026-08-05
SO,active,listed_common_stock_with_current_price,NYSE,Southern Company (The) Common Stock,2026-08-04,2026-08-05
SOAR,active,listed_common_stock_with_current_price,NYSE American,"Volato Group, Inc. Class A Common Stock",2026-08-04,2026-08-05
SOBR,active,listed_common_stock_with_current_price,NASDAQ,"SOBR Safe, Inc. - Common Stock",2026-08-04,2026-08-05
SOFI,active,listed_common_stock_with_current_price,NASDAQ,"SoFi Technologies, Inc.  - Common Stock",2026-08-04,2026-08-05
SOGP,active,listed_common_stock_with_current_price,NASDAQ,Sound Group Inc. - American Depositary Shares,2026-08-04,2026-08-05
SOHU,active,listed_common_stock_with_current_price,NASDAQ,Sohu.com Limited  - American Depositary Shares,2026-08-04,2026-08-05
SOJC,inactive,non_common_stock:obvious_non_common_title,NYSE,"Southern Company (The) Series 2017B 5.25% Junior Subordinated Notes due December 1, 2077",2026-08-04,2026-08-05
SOJD,inactive,non_common_stock:obvious_non_common_title,NYSE,"Southern Company (The) Series 2020A 4.95% Junior Subordinated Notes due January 30, 2080",2026-08-04,2026-08-05
SOJE,inactive,non_common_stock:obvious_non_common_title,NYSE,"Southern Company (The) Series 2020C 4.20% Junior Subordinated Notes due October 15, 2060",2026-08-04,2026-08-05
SON,active,listed_common_stock_with_current_price,NYSE,Sonoco Products Company Common Stock,2026-08-04,2026-08-05
SONG,inactive,not_in_current_exchange_directories,,,2026-08-03,2026-08-05
SONM,active,listed_common_stock_with_current_price,NASDAQ,"DNA X, Inc. - Common Stock",2026-08-04,2026-08-05
SONO,active,listed_common_stock_with_current_price,NASDAQ,"Sonos, Inc. - Common Stock",2026-08-04,2026-08-05
SONY,active,listed_common_stock_with_current_price,NYSE,Sony Group Corporation American Depositary Shares,2026-08-04,2026-08-05
SOPA,inactive,not_in_current_exchange_directories,,,2026-08-04,2026-08-05
SOPH,active,listed_common_stock_with_current_price,NASDAQ,SOPHiA GENETICS SA - Ordinary Shares,2026-08-04,2026-08-05
SOS,active,listed_common_stock_with_current_price,NYSE,SOS Limited Class A Ordinary Shares,2026-08-04,2026-08-05
SOTK,active,listed_common_stock_with_current_price,NASDAQ,Sono-Tek Corporation - Common Stock,2026-08-04,2026-08-05
SOUN,active,listed_common_stock_with_current_price,NASDAQ,"SoundHound AI, Inc. - Class A Common Stock",2026-08-04,2026-08-05
SOUNW,inactive,non_common_stock:nasdaq_non_common_suffix,NASDAQ,"SoundHound AI, Inc. - Warrant",2026-08-04,2026-08-05
SOWG,active,listed_common_stock_with_current_price,NASDAQ,Sow Good Inc. - Common Stock,2026-08-04,2026-08-05
SPB,active,listed_common_stock_with_current_price,NYSE,"Spectrum Brands Holdings, Inc. Common Stock",2026-08-04,2026-08-05
SPCB,active,listed_common_stock_with_current_price,NASDAQ,"SuperCom, Ltd. - Ordinary Shares",2026-08-04,2026-08-05
SPCE,active,listed_common_stock_with_current_price,NYSE,"Virgin Galactic Holdings, Inc. Common Stock",2026-08-04,2026-08-05
SPFI,active,listed_common_stock_with_current_price,NASDAQ,"South Plains Financial, Inc. - Common Stock",2026-08-04,2026-08-05
SPG,active,listed_common_stock_with_current_price,NYSE,"Simon Property Group, Inc. Common Stock",2026-08-04,2026-08-05
SPGI,active,listed_common_stock_with_current_price,NYSE,S&P Global Inc. Common Stock,2026-08-04,2026-08-05
SPH,active,listed_common_stock_with_current_price,NYSE,"Suburban Propane Partners, L.P. Common Stock",2026-08-04,2026-08-05
SPHR,active,listed_common_stock_with_current_price,NYSE,Sphere Entertainment Co. Class A Common Stock,2026-08-04,2026-08-05
SPIR,active,listed_common_stock_with_current_price,NYSE,"Spire Global, Inc. Class A Common Stock",2026-08-04,2026-08-05
SPNT,active,listed_common_stock_with_current_price,NYSE,SiriusPoint Ltd. Common Shares,2026-08-04,2026-08-05
SPOK,active,listed_common_stock_with_current_price,NASDAQ,"Spok Holdings, Inc. - Common Stock",2026-08-04,2026-08-05
SPOT,active,listed_common_stock_with_current_price,NYSE,Spotify Technology S.A. Ordinary Shares,2026-08-04,2026-08-05
SPRC,active,listed_common_stock_with_current_price,NASDAQ,SciSparc Ltd. - Ordinary Shares,2026-08-04,2026-08-05
SPRO,active,listed_common_stock_with_current_price,NASDAQ,"Spero Therapeutics, Inc. - Common Stock",2026-08-04,2026-08-05
SPRU,active,listed_common_stock_with_current_price,NYSE,Spruce Power Holding Corporation Class A Common Stock,2026-08-04,2026-08-05
SPRY,active,listed_common_stock_with_current_price,NASDAQ,"ARS Pharmaceuticals, Inc. - Common Stock",2026-08-04,2026-08-05
SPSC,active,listed_common_stock_with_current_price,NASDAQ,"SPS Commerce, Inc. - Common Stock",2026-08-04,2026-08-05
SPT,active,listed_common_stock_with_current_price,NASDAQ,"Sprout Social, Inc - Class A Common Stock",2026-08-04,2026-08-05
SPWH,active,listed_common_stock_with_current_price,NASDAQ,"Sportsman's Warehouse Holdings, Inc. - Common Stock",2026-08-04,2026-08-05
SPWR,active,listed_common_stock_with_current_price,NASDAQ,SunPower Inc. - Common Stock,2026-08-04,2026-08-05
SPWRW,inactive,non_common_stock:nasdaq_non_common_suffix,NASDAQ,SunPower Inc. - Warrant,2026-08-04,2026-08-05
SPXC,active,listed_common_stock_with_current_price,NYSE,"SPX Technologies, Inc. Common Stock",2026-08-04,2026-08-05
SQFT,active,listed_common_stock_with_current_price,NASDAQ,"Presidio Property Trust, Inc. - Class A Common Stock",2026-08-04,2026-08-05
SQFTP,inactive,non_common_stock:nasdaq_non_common_suffix,NASDAQ,"Presidio Property Trust, Inc. - 9.375% Series D Cumulative Redeemable Perpetual Preferred Stock, $0.01 par value per share",2026-08-04,2026-08-05
SQFTW,inactive,non_common_stock:nasdaq_non_common_suffix,NASDAQ,"Presidio Property Trust, Inc. - Series A Common Stock Purchase Warrants",2026-08-04,2026-08-05
SQLLW,inactive,not_in_current_exchange_directories,,,2026-06-16,2026-08-05
SQM,active,listed_common_stock_with_current_price,NYSE,Sociedad Quimica y Minera S.A. Common Stock,2026-08-04,2026-08-05
SQNS,active,listed_common_stock_with_current_price,NYSE,Sequans Communications S.A. American Depositary Shares (each representing one hundred (100) Ordinary Shares),2026-08-04,2026-08-05
SR,active,listed_common_stock_with_current_price,NYSE,Spire Inc. Common Stock,2026-08-04,2026-08-05
SRAD,active,listed_common_stock_with_current_price,NASDAQ,Sportradar Group AG - Class A Ordinary Shares,2026-08-04,2026-08-05
SRCE,active,listed_common_stock_with_current_price,NASDAQ,1st Source Corporation - Common Stock,2026-08-04,2026-08-05
SRE,active,listed_common_stock_with_current_price,NYSE,DBA Sempra Common Stock,2026-08-04,2026-08-05
SREA,inactive,non_common_stock:obvious_non_common_title,NYSE,DBA Sempra 5.750% Junior Subordinated Notes due 2079,2026-08-04,2026-08-05
SRG,active,listed_common_stock_with_current_price,NYSE,Seritage Growth Properties Class A Common Stock,2026-08-04,2026-08-05
SRI,active,listed_common_stock_with_current_price,NYSE,"Stoneridge, Inc. Common Stock",2026-08-04,2026-08-05
SRL,active,listed_common_stock_with_current_price,NYSE,Scully Royalty Ltd.,2026-08-04,2026-08-05
SRPT,active,listed_common_stock_with_current_price,NASDAQ,"Sarepta Therapeutics, Inc. - Common Stock",2026-08-04,2026-08-05
SRRK,active,listed_common_stock_with_current_price,NASDAQ,Scholar Rock Holding Corporation - Common Stock,2026-08-04,2026-08-05
SRTS,active,listed_common_stock_with_current_price,NASDAQ,"Sensus Healthcare, Inc. - Common Stock",2026-08-04,2026-08-05
SRXH,active,listed_common_stock_with_current_price,NYSE American,SRX Global Inc. Common Stock,2026-08-04,2026-08-05
SRZN,active,listed_common_stock_with_current_price,NASDAQ,"Surrozen, Inc. - Common Stock",2026-08-04,2026-08-05
SRZNW,inactive,non_common_stock:nasdaq_non_common_suffix,NASDAQ,"Surrozen, Inc. - Warrant",2026-07-17,2026-08-05
SSB,active,listed_common_stock_with_current_price,NYSE,SouthState Bank Corporation Common Stock,2026-08-04,2026-08-05
SSD,active,listed_common_stock_with_current_price,NYSE,"Simpson Manufacturing Company, Inc. Common Stock",2026-08-04,2026-08-05
SSII,active,listed_common_stock_with_current_price,NASDAQ,SS Innovations International Inc. - Common Stock,2026-08-04,2026-08-05
SSKN,inactive,not_in_current_exchange_directories,,,2026-08-03,2026-08-05
SSL,active,listed_common_stock_with_current_price,NYSE,Sasol Ltd. American Depositary Shares,2026-08-04,2026-08-05
SSNC,active,listed_common_stock_with_current_price,NASDAQ,"SS&C Technologies Holdings, Inc. - Common Stock",2026-08-04,2026-08-05
SSP,active,listed_common_stock_with_current_price,NASDAQ,E.W. Scripps Company (The) - Class A Common Stock,2026-08-04,2026-08-05
SSRM,active,listed_common_stock_with_current_price,NASDAQ,SSR Mining Inc. - Common Stock,2026-08-04,2026-08-05
SSSS,inactive,not_in_current_exchange_directories,,,2026-07-17,2026-08-05
SSSSL,inactive,not_in_current_exchange_directories,,,2026-08-04,2026-08-05
SST,active,listed_common_stock_with_current_price,NYSE,"System1, Inc. Class A Common Stock",2026-08-04,2026-08-05
SSTI,active,listed_common_stock_with_current_price,NASDAQ,"SoundThinking, Inc. - Common Stock",2026-08-04,2026-08-05
SSTK,active,listed_common_stock_with_current_price,NYSE,"Shutterstock, Inc. Common Stock",2026-08-04,2026-08-05
SSYS,active,listed_common_stock_with_current_price,NASDAQ,"Stratasys, Ltd. - Common Stock",2026-08-04,2026-08-05
ST,active,listed_common_stock_with_current_price,NYSE,Sensata Technologies Holding plc Ordinary Shares,2026-08-04,2026-08-05
STAA,active,listed_common_stock_with_current_price,NASDAQ,STAAR Surgical Company - Common Stock,2026-08-04,2026-08-05
STAG,active,listed_common_stock_with_current_price,NYSE,"Stag Industrial, Inc. Common Stock",2026-08-04,2026-08-05
STBA,active,listed_common_stock_with_current_price,NASDAQ,"S&T Bancorp, Inc. - Common Stock",2026-08-04,2026-08-05
STC,active,listed_common_stock_with_current_price,NYSE,Stewart Information Services Corporation Common Stock,2026-08-04,2026-08-05
STCK,inactive,not_in_current_exchange_directories,,,2026-08-04,2026-08-05
STE,active,listed_common_stock_with_current_price,NYSE,STERIS plc (Ireland) Ordinary Shares,2026-08-04,2026-08-05
STEL,inactive,not_in_current_exchange_directories,,,2026-06-30,2026-08-05
STEM,active,listed_common_stock_with_current_price,NYSE,"Stem, Inc. Class A Common Stock",2026-08-04,2026-08-05
STEP,active,listed_common_stock_with_current_price,NASDAQ,StepStone Group Inc. - Class A Common Stock,2026-08-04,2026-08-05
STEW,active,listed_common_stock_with_current_price,NYSE,"SRH Total Return Fund, Inc. Common Stock",2026-08-04,2026-08-05
STEX,active,listed_common_stock_with_current_price,NASDAQ,Streamex Corp. - Common Stock,2026-08-04,2026-08-05
STG,active,listed_common_stock_with_current_price,NYSE,"Sunlands Technology Group American Depositary Shares, representing Class A ordinary shares",2026-08-04,2026-08-05
STGW,active,listed_common_stock_with_current_price,NASDAQ,Stagwell Inc. - Class A Common Stock,2026-08-04,2026-08-05
STI,active,listed_common_stock_with_current_price,NASDAQ,"Solidion Technology, Inc. - Common Stock",2026-08-04,2026-08-05
STIM,active,listed_common_stock_with_current_price,NASDAQ,"Neuronetics, Inc. - Common Stock",2026-08-04,2026-08-05
STKH,active,listed_common_stock_with_current_price,NASDAQ,Steakholder Foods Ltd. - American Depositary Shares,2026-08-04,2026-08-05
STKL,inactive,not_in_current_exchange_directories,,,2026-05-07,2026-08-05
STKS,active,listed_common_stock_with_current_price,NASDAQ,"The ONE Group Hospitality, Inc. - Common Stock",2026-08-04,2026-08-05
STLA,active,listed_common_stock_with_current_price,NYSE,Stellantis N.V. Common Shares,2026-08-04,2026-08-05
STLD,active,listed_common_stock_with_current_price,NASDAQ,"Steel Dynamics, Inc. - Common Stock",2026-08-04,2026-08-05
STM,active,listed_common_stock_with_current_price,NYSE,STMicroelectronics N.V. Common Stock,2026-08-04,2026-08-05
STN,active,listed_common_stock_with_current_price,NYSE,Stantec Inc Common Stock,2026-08-04,2026-08-05
STNE,active,listed_common_stock_with_current_price,NASDAQ,StoneCo Ltd. - Class A Common Share,2026-08-04,2026-08-05
STNG,active,listed_common_stock_with_current_price,NYSE,Scorpio Tankers Inc. Common Shares,2026-08-04,2026-08-05
STOK,active,listed_common_stock_with_current_price,NASDAQ,"Stoke Therapeutics, Inc. - Common Stock",2026-08-04,2026-08-05
STRA,active,listed_common_stock_with_current_price,NASDAQ,"Strategic Education, Inc. - Common Stock",2026-08-04,2026-08-05
STRL,active,listed_common_stock_with_current_price,NASDAQ,"Sterling Infrastructure, Inc. - Common Stock",2026-08-04,2026-08-05
STRO,active,listed_common_stock_with_current_price,NASDAQ,"Sutro Biopharma, Inc. - Common Stock",2026-08-04,2026-08-05
STRR,active,listed_common_stock_with_current_price,NASDAQ,"Star Equity Holdings, Inc. - Common Stock",2026-08-04,2026-08-05
STRRP,inactive,non_common_stock:nasdaq_non_common_suffix,NASDAQ,"Star Equity Holdings, Inc. - 10% Series A Cumulative Perpetual Preferred Stock",2026-08-04,2026-08-05
STRS,active,listed_common_stock_with_current_price,NASDAQ,Stratus Properties Inc. - Common Stock,2026-08-04,2026-08-05
STRT,active,listed_common_stock_with_current_price,NASDAQ,STRATTEC SECURITY CORPORATION - Common Stock,2026-08-04,2026-08-05
STRW,active,listed_common_stock_with_current_price,NYSE American,"Strawberry Fields REIT, Inc. Common Stock",2026-08-04,2026-08-05
STSS,inactive,not_in_current_exchange_directories,,,2026-07-17,2026-08-05
STSSW,inactive,not_in_current_exchange_directories,,,2026-07-17,2026-08-05
STT,active,listed_common_stock_with_current_price,NYSE,State Street Corporation Common Stock,2026-08-04,2026-08-05
STTK,active,listed_common_stock_with_current_price,NASDAQ,"Shattuck Labs, Inc. - Common Stock",2026-08-04,2026-08-05
STVN,active,listed_common_stock_with_current_price,NYSE,Stevanato Group S.p.A. Ordinary Shares,2026-08-04,2026-08-05
STWD,active,listed_common_stock_with_current_price,NYSE,"STARWOOD PROPERTY TRUST, INC. Starwood Property Trust Inc.",2026-08-04,2026-08-05
STX,active,listed_common_stock_with_current_price,NASDAQ,Seagate Technology Holdings PLC - Ordinary Shares (Ireland),2026-08-04,2026-08-05
STXS,active,listed_common_stock_with_current_price,NYSE American,"Stereotaxis, Inc. Common Stock",2026-08-04,2026-08-05
STZ,active,listed_common_stock_with_current_price,NYSE,"Constellation Brands, Inc. Common Stock",2026-08-04,2026-08-05
SU,active,listed_common_stock_with_current_price,NYSE,Suncor Energy  Inc. Common Stock,2026-08-04,2026-08-05
SUI,active,listed_common_stock_with_current_price,NYSE,"Sun Communities, Inc. Common Stock",2026-08-04,2026-08-05
SUIG,active,listed_common_stock_with_current_price,NASDAQ,Sui Group Holdings Limited - Common Stock,2026-08-04,2026-08-05
SUN,inactive,non_common_stock:obvious_non_common_title,NYSE,Sunoco LP Common Units representing limited partner interests,2026-08-04,2026-08-05
SUNE,active,listed_common_stock_with_current_price,NASDAQ,"SUNation Energy, Inc. - Common Stock",2026-08-04,2026-08-05
SUNS,active,listed_common_stock_with_current_price,NASDAQ,"Sunrise Realty Trust, Inc. - Common Stock",2026-08-04,2026-08-05
SUPN,active,listed_common_stock_with_current_price,NASDAQ,"Supernus Pharmaceuticals, Inc. - Common Stock",2026-08-04,2026-08-05
SUPV,active,listed_common_stock_with_current_price,NYSE,Grupo Supervielle S.A. American Depositary Shares each Representing five Class B shares,2026-08-04,2026-08-05
SUPX,active,listed_common_stock_with_current_price,NASDAQ,SuperX AI Technology Limited - Ordinary Shares,2026-08-04,2026-08-05
SURG,active,listed_common_stock_with_current_price,NASDAQ,"SurgePays, Inc. - Common Stock",2026-08-04,2026-08-05
SUZ,active,listed_common_stock_with_current_price,NYSE,Suzano S.A. American Depositary Shares (each representing One Ordinary Share),2026-08-04,2026-08-05
SVA,price_unavailable,price_cache_missing_latest_market_date,NASDAQ,"Sinovac Biotech, Ltd. - Ordinary Shares (Antigua/Barbudo)",2026-07-16,2026-08-05
SVC,active,listed_common_stock_with_current_price,NASDAQ,Service Properties Trust - Common Shares of Beneficial Interest,2026-08-04,2026-08-05
SVM,active,listed_common_stock_with_current_price,NYSE American,Silvercorp Metals Inc. Common Shares,2026-08-04,2026-08-05
SVRA,active,listed_common_stock_with_current_price,NASDAQ,"Savara, Inc. - Common Stock",2026-08-04,2026-08-05
SVRE,active,listed_common_stock_with_current_price,NASDAQ,SaverOne 2014 Ltd. - American Depositary Shares,2026-08-04,2026-08-05
SVREW,inactive,non_common_stock:nasdaq_non_common_suffix,NASDAQ,SaverOne 2014 Ltd. - Warrant,2026-07-17,2026-08-05
SVRN,active,listed_common_stock_with_current_price,NASDAQ,OceanPal Inc. - Common Stock,2026-08-04,2026-08-05
SWAG,active,listed_common_stock_with_current_price,NASDAQ,"Stran & Company, Inc. - Common Stock",2026-08-04,2026-08-05
SWAGW,inactive,non_common_stock:nasdaq_non_common_suffix,NASDAQ,"Stran & Company, Inc. - Warrant",2026-07-17,2026-08-05
SWBI,active,listed_common_stock_with_current_price,NASDAQ,"Smith & Wesson Brands, Inc. - Common Stock",2026-08-04,2026-08-05
SWIM,active,listed_common_stock_with_current_price,NASDAQ,"Latham Group, Inc. - Common Stock",2026-08-04,2026-08-05
SWK,active,listed_common_stock_with_current_price,NYSE,"Stanley Black & Decker, Inc. Common Stock",2026-08-04,2026-08-05
SWKH,inactive,not_in_current_exchange_directories,,,2026-04-15,2026-08-05
SWKS,active,listed_common_stock_with_current_price,NASDAQ,"Skyworks Solutions, Inc. - Common Stock",2026-08-04,2026-08-05
SWVL,active,listed_common_stock_with_current_price,NASDAQ,Swvl Holdings Corp - Ordinary Shares,2026-08-04,2026-08-05
SWVLW,inactive,non_common_stock:nasdaq_non_common_suffix,NASDAQ,Swvl Holdings Corp - Warrant,2026-08-04,2026-08-05
SWX,active,listed_common_stock_with_current_price,NYSE,"Southwest Gas Holdings, Inc. Common Stock (DE)",2026-08-04,2026-08-05
SXC,active,listed_common_stock_with_current_price,NYSE,"SunCoke Energy, Inc. Common Stock",2026-08-04,2026-08-05
SXI,active,listed_common_stock_with_current_price,NYSE,Standex International Corporation Common Stock,2026-08-04,2026-08-05
SXT,active,listed_common_stock_with_current_price,NYSE,Sensient Technologies Corporation Common Stock,2026-08-04,2026-08-05
SXTC,active,listed_common_stock_with_current_price,NASDAQ,"China SXT Pharmaceuticals, Inc. - Class A Ordinary Shares",2026-08-04,2026-08-05
SY,active,listed_common_stock_with_current_price,NASDAQ,So-Young International Inc. - American Depository Shares,2026-08-04,2026-08-05
SYBT,active,listed_common_stock_with_current_price,NASDAQ,"Stock Yards Bancorp, Inc. - Common Stock",2026-08-04,2026-08-05
SYBX,inactive,not_in_current_exchange_directories,,,2026-08-04,2026-08-05
SYF,active,listed_common_stock_with_current_price,NYSE,Synchrony Financial Common Stock,2026-08-04,2026-08-05
SYK,active,listed_common_stock_with_current_price,NYSE,Stryker Corporation Common Stock,2026-08-04,2026-08-05
SYM,active,listed_common_stock_with_current_price,NASDAQ,Symbotic Inc. - Class A Common Stock,2026-08-04,2026-08-05
SYNA,active,listed_common_stock_with_current_price,NASDAQ,Synaptics Incorporated - Common Stock,2026-08-04,2026-08-05
SYPR,active,listed_common_stock_with_current_price,NASDAQ,"Sypris Solutions, Inc. - Common Stock",2026-08-04,2026-08-05
SYRE,active,listed_common_stock_with_current_price,NASDAQ,"Spyre Therapeutics, Inc. - Common Stock",2026-08-04,2026-08-05
SYY,active,listed_common_stock_with_current_price,NYSE,Sysco Corporation Common Stock,2026-08-04,2026-08-05
T,active,listed_common_stock_with_current_price,NYSE,AT&T Inc.,2026-08-04,2026-08-05
TAC,active,listed_common_stock_with_current_price,NYSE,TransAlta Corporation Ordinary Shares,2026-08-04,2026-08-05
TACT,active,listed_common_stock_with_current_price,NASDAQ,TransAct Technologies Incorporated - Common Stock,2026-08-04,2026-08-05
TAK,active,listed_common_stock_with_current_price,NYSE,Takeda Pharmaceutical Company Limited American Depositary Shares (each representing 1/2 of a share of Common Stock),2026-08-04,2026-08-05
TAL,active,listed_common_stock_with_current_price,NYSE,TAL Education Group American Depositary Shares,2026-08-04,2026-08-05
TALK,active,listed_common_stock_with_current_price,NASDAQ,"Talkspace, Inc. - Common Stock",2026-08-04,2026-08-05
TALKW,inactive,not_in_current_exchange_directories,,,2026-07-02,2026-08-05
TALO,active,listed_common_stock_with_current_price,NYSE,"Talos Energy, Inc. Common Stock",2026-08-04,2026-08-05
TANH,active,listed_common_stock_with_current_price,NASDAQ,Tantech Holdings Ltd. - Class A Common Shares,2026-08-04,2026-08-05
TAOP,active,listed_common_stock_with_current_price,NASDAQ,Taoping Inc. - Ordinary Shares,2026-08-04,2026-08-05
TAOX,active,listed_common_stock_with_current_price,NASDAQ,Tao Synergies Inc. - Common Stock,2026-08-04,2026-08-05
TAP,active,listed_common_stock_with_current_price,NYSE,Molson Coors Beverage Company Class B Common Stock,2026-08-04,2026-08-05
TAP-A,active,listed_common_stock_with_current_price,NYSE,Molson Coors Beverage Company Class A Common Stock,2026-08-04,2026-08-05
TARA,active,listed_common_stock_with_current_price,NASDAQ,"Protara Therapeutics, Inc.  - Common Stock",2026-08-04,2026-08-05
TARS,active,listed_common_stock_with_current_price,NASDAQ,"Tarsus Pharmaceuticals, Inc. - Common Stock",2026-08-04,2026-08-05
TASK,active,listed_common_stock_with_current_price,NASDAQ,"TaskUs, Inc. - Class A Common Stock",2026-08-04,2026-08-05
TATT,active,listed_common_stock_with_current_price,NASDAQ,TAT Technologies Ltd. - Ordinary Shares,2026-08-04,2026-08-05
TAYD,active,listed_common_stock_with_current_price,NASDAQ,"Taylor Devices, Inc. - Common Stock",2026-08-04,2026-08-05
TBB,inactive,non_common_stock:obvious_non_common_title,NYSE,AT&T Inc. 5.350% Global Notes due 2066,2026-08-04,2026-08-05
TBBK,active,listed_common_stock_with_current_price,NASDAQ,"The Bancorp, Inc. - Common Stock",2026-08-04,2026-08-05
TBCH,active,listed_common_stock_with_current_price,NASDAQ,Turtle Beach Corporation - Common Stock,2026-08-04,2026-08-05
TBI,active,listed_common_stock_with_current_price,NYSE,"TrueBlue, Inc. Common Stock",2026-08-04,2026-08-05
TBLA,active,listed_common_stock_with_current_price,NASDAQ,Taboola.com Ltd. - Ordinary Shares,2026-08-04,2026-08-05
TBLAW,inactive,not_in_current_exchange_directories,,,2026-07-08,2026-08-05
TBLD,active,listed_common_stock_with_current_price,NASDAQ,Thornburg Income Builder Opportunities Trust - Closed End Fund,2026-08-04,2026-08-05
TBPH,active,listed_common_stock_with_current_price,NASDAQ,"Theravance Biopharma, Inc. - Ordinary Shares",2026-08-04,2026-08-05
TBRG,inactive,not_in_current_exchange_directories,,,2026-07-13,2026-08-05
TC,active,listed_common_stock_with_current_price,NASDAQ,Token Cat Limited - American Depositary Shares,2026-08-04,2026-08-05
TCBI,active,listed_common_stock_with_current_price,NASDAQ,"Texas Capital Bancshares, Inc. - Common Stock",2026-08-04,2026-08-05
TCBIO,inactive,non_common_stock:obvious_non_common_title,NASDAQ,"Texas Capital Bancshares, Inc. - Depositary Shares 5.75% Fixed Rate Non-Cumulative Perpetual Preferred Stock Series B",2026-08-04,2026-08-05
TCBK,active,listed_common_stock_with_current_price,NASDAQ,TriCo Bancshares - Common Stock,2026-08-04,2026-08-05
TCBS,active,listed_common_stock_with_current_price,NASDAQ,"Texas Community Bancshares, Inc. - Common Stock",2026-08-04,2026-08-05
TCBX,active,listed_common_stock_with_current_price,NYSE,"Third Coast Bancshares, Inc. Common Stock",2026-08-04,2026-08-05
TCI,active,listed_common_stock_with_current_price,NYSE,"Transcontinental Realty Investors, Inc. Common Stock",2026-08-04,2026-08-05
TCMD,active,listed_common_stock_with_current_price,NASDAQ,"Tactile Systems Technology, Inc. - Common Stock",2026-08-04,2026-08-05
TCOM,active,listed_common_stock_with_current_price,NASDAQ,Trip.com Group Limited - American Depositary Shares,2026-08-04,2026-08-05
TCPC,active,listed_common_stock_with_current_price,NASDAQ,BlackRock TCP Capital Corp. - Closed End Fund,2026-08-04,2026-08-05
TCRT,active,listed_common_stock_with_current_price,NASDAQ,"Alaunos Therapeutics, Inc. - Common Stock",2026-08-04,2026-08-05
TCRX,active,listed_common_stock_with_current_price,NASDAQ,"TScan Therapeutics, Inc. - Common Stock",2026-08-04,2026-08-05
TCX,active,listed_common_stock_with_current_price,NASDAQ,Tucows Inc. - Common Stock,2026-08-04,2026-08-05
TD,active,listed_common_stock_with_current_price,NYSE,Toronto Dominion Bank (The) Common Stock,2026-08-04,2026-08-05
TDAY,active,listed_common_stock_with_current_price,NYSE,"USA TODAY Co., Inc. Common Stock",2026-08-04,2026-08-05
TDC,active,listed_common_stock_with_current_price,NYSE,Teradata Corporation Common Stock,2026-08-04,2026-08-05
TDG,active,listed_common_stock_with_current_price,NYSE,Transdigm Group Incorporated Common Stock,2026-08-04,2026-08-05
TDOC,active,listed_common_stock_with_current_price,NYSE,"Teladoc Health, Inc. Common Stock",2026-08-04,2026-08-05
TDS,active,listed_common_stock_with_current_price,NYSE,"Telephone and Data Systems, Inc. Common Shares",2026-08-04,2026-08-05
TDUP,active,listed_common_stock_with_current_price,NASDAQ,ThredUp Inc. - Class A Common Stock,2026-08-04,2026-08-05
TDW,active,listed_common_stock_with_current_price,NYSE,Tidewater Inc. Common Stock,2026-08-04,2026-08-05
TDY,active,listed_common_stock_with_current_price,NYSE,Teledyne Technologies Incorporated Common Stock,2026-08-04,2026-08-05
TE,active,listed_common_stock_with_current_price,NYSE,T1 Energy Inc. Common Stock,2026-08-04,2026-08-05
TEAD,active,listed_common_stock_with_current_price,NASDAQ,Teads Holding Co. - Common Stock,2026-08-04,2026-08-05
TEAM,active,listed_common_stock_with_current_price,NASDAQ,Atlassian Corporation  - Class A Common Stock,2026-08-04,2026-08-05
TECH,active,listed_common_stock_with_current_price,NASDAQ,Bio-Techne Corp - Common Stock,2026-08-04,2026-08-05
TECK,active,listed_common_stock_with_current_price,NYSE,Teck Resources Ltd Ordinary Shares,2026-08-04,2026-08-05
TECX,active,listed_common_stock_with_current_price,NASDAQ,"Tectonic Therapeutic, Inc. - Common Stock",2026-08-04,2026-08-05
TEL,active,listed_common_stock_with_current_price,NYSE,TE Connectivity plc Ordinary Shares,2026-08-04,2026-08-05
TELA,active,listed_common_stock_with_current_price,NASDAQ,"TELA Bio, Inc. - Common stock",2026-08-04,2026-08-05
TEN,active,listed_common_stock_with_current_price,NYSE,Tsakos Energy Navigation Ltd Common Shares,2026-08-04,2026-08-05
TENB,active,listed_common_stock_with_current_price,NASDAQ,"Tenable Holdings, Inc. - Common Stock",2026-08-04,2026-08-05
TENX,active,listed_common_stock_with_current_price,NASDAQ,"Tenax Therapeutics, Inc. - Common Stock",2026-08-04,2026-08-05
TEO,active,listed_common_stock_with_current_price,NYSE,Telecom Argentina SA,2026-08-04,2026-08-05
TER,active,listed_common_stock_with_current_price,NASDAQ,"Teradyne, Inc. - Common Stock",2026-08-04,2026-08-05
TERN,inactive,not_in_current_exchange_directories,,,2026-05-07,2026-08-05
TEVA,active,listed_common_stock_with_current_price,NYSE,Teva Pharmaceutical Industries Limited American Depositary Shares,2026-08-04,2026-08-05
TEX,active,listed_common_stock_with_current_price,NYSE,Terex Corporation Common Stock,2026-08-04,2026-08-05
TFC,active,listed_common_stock_with_current_price,NYSE,Truist Financial Corporation Common Stock,2026-08-04,2026-08-05
TFII,active,listed_common_stock_with_current_price,NYSE,TFI International Inc. Common Shares,2026-08-04,2026-08-05
TFIN,active,listed_common_stock_with_current_price,NYSE,"Triumph Financial, Inc. Common Stock",2026-08-04,2026-08-05
TFPM,active,listed_common_stock_with_current_price,NYSE,Triple Flag Precious Metals Corp. Common Shares,2026-08-04,2026-08-05
TFSA,inactive,not_in_current_exchange_directories,,,2026-03-30,2026-08-05
TFSL,active,listed_common_stock_with_current_price,NASDAQ,TFS Financial Corporation - Common Stock,2026-08-04,2026-08-05
TFX,active,listed_common_stock_with_current_price,NYSE,Teleflex Incorporated Common Stock,2026-08-04,2026-08-05
TG,active,listed_common_stock_with_current_price,NYSE,Tredegar Corporation Common Stock,2026-08-04,2026-08-05
TGB,active,listed_common_stock_with_current_price,NYSE American,Trekor Metals Limited Common Shares,2026-08-04,2026-08-05
TGE,active,listed_common_stock_with_current_price,NYSE,The Generation Essentials Group Class A Ordinary Shares,2026-08-04,2026-08-05
TGL,active,listed_common_stock_with_current_price,NASDAQ,Treasure Global Inc. - Common Stock,2026-08-04,2026-08-05
TGLS,active,listed_common_stock_with_current_price,NYSE,Tecnoglass Holdings Inc. Common Stock,2026-08-04,2026-08-05
TGNA,inactive,not_in_current_exchange_directories,,,2026-03-20,2026-08-05
TGS,active,listed_common_stock_with_current_price,NYSE,Transportadora de Gas del Sur SA TGS Common Stock,2026-08-04,2026-08-05
TGT,active,listed_common_stock_with_current_price,NYSE,Target Corporation Common Stock,2026-08-04,2026-08-05
TGTX,active,listed_common_stock_with_current_price,NASDAQ,"TG Therapeutics, Inc. - Common Stock",2026-08-04,2026-08-05
TH,active,listed_common_stock_with_current_price,NASDAQ,Target Hospitality Corp. - Common Stock,2026-08-04,2026-08-05
THC,active,listed_common_stock_with_current_price,NYSE,Tenet Healthcare Corporation Common Stock,2026-08-04,2026-08-05
THCH,active,listed_common_stock_with_current_price,NASDAQ,TH International Limited - Ordinary shares,2026-08-04,2026-08-05
THFF,active,listed_common_stock_with_current_price,NASDAQ,First Financial Corporation  - Common Stock,2026-08-04,2026-08-05
THG,active,listed_common_stock_with_current_price,NYSE,Hanover Insurance Group Inc,2026-08-04,2026-08-05
THM,active,listed_common_stock_with_current_price,NYSE American,"International Tower Hill Mines, Ltd. Ordinary Shares (Canada)",2026-08-04,2026-08-05
THO,active,listed_common_stock_with_current_price,NYSE,"Thor Industries, Inc. Common Stock",2026-08-04,2026-08-05
THR,inactive,not_in_current_exchange_directories,,,2026-05-29,2026-08-05
THRM,active,listed_common_stock_with_current_price,NASDAQ,Gentherm Inc - Common Stock,2026-08-04,2026-08-05
THRY,active,listed_common_stock_with_current_price,NASDAQ,"Thryv Holdings, Inc. - Common Stock",2026-08-04,2026-08-05
TIGO,active,listed_common_stock_with_current_price,NASDAQ,Millicom International Cellular S.A. - Common Stock,2026-08-04,2026-08-05
TIGR,active,listed_common_stock_with_current_price,NASDAQ,UP Fintech Holding Limited - American Depositary Shares representing fifteen Class A Ordinary Shares,2026-08-04,2026-08-05
TIL,active,listed_common_stock_with_current_price,NASDAQ,"Instil Bio, Inc. - Common Stock",2026-08-04,2026-08-05
TILE,active,listed_common_stock_with_current_price,NASDAQ,"Interface, Inc. - Common Stock",2026-08-04,2026-08-05
TIMB,active,listed_common_stock_with_current_price,NYSE,TIM S.A. American Depositary Shares (Each representing 5 Common Shares),2026-08-04,2026-08-05
TIPT,active,listed_common_stock_with_current_price,NASDAQ,Tiptree Inc. - Common Stock,2026-08-04,2026-08-05
TISI,active,listed_common_stock_with_current_price,NYSE,"Team, Inc. Common Stock",2026-08-04,2026-08-05
TITN,active,listed_common_stock_with_current_price,NASDAQ,Titan Machinery Inc. - Common Stock,2026-08-04,2026-08-05
TJX,active,listed_common_stock_with_current_price,NYSE,"TJX Companies, Inc. (The) Common Stock",2026-08-04,2026-08-05
TK,active,listed_common_stock_with_current_price,NYSE,Teekay Corporation Ltd. Common Stock,2026-08-04,2026-08-05
TKC,active,listed_common_stock_with_current_price,NYSE,Turkcell Iletisim Hizmetleri AS Common Stock,2026-08-04,2026-08-05
TKLF,active,listed_common_stock_with_current_price,NASDAQ,"Tokyo Lifestyle Co., Ltd. - American Depositary Shares",2026-08-04,2026-08-05
TKNO,active,listed_common_stock_with_current_price,NASDAQ,"Alpha Teknova, Inc. - Common Stock",2026-08-04,2026-08-05
TKR,active,listed_common_stock_with_current_price,NYSE,Timken Company (The) Common Stock,2026-08-04,2026-08-05
TLF,active,listed_common_stock_with_current_price,NASDAQ,"Tandy Leather Factory, Inc. - common stock",2026-08-04,2026-08-05
TLK,active,listed_common_stock_with_current_price,NYSE,"PT Telekomunikasi Indonesia, Tbk",2026-08-04,2026-08-05
TLN,active,listed_common_stock_with_current_price,NASDAQ,Talen Energy Corporation - Common Stock,2026-08-04,2026-08-05
TLPH,active,listed_common_stock_with_current_price,NASDAQ,"Talphera, Inc. - Common Stock",2026-08-04,2026-08-05
TLRY,active,listed_common_stock_with_current_price,NASDAQ,"Tilray Brands, Inc. - Common Stock",2026-08-04,2026-08-05
TLS,active,listed_common_stock_with_current_price,NASDAQ,Telos Corporation - Common Stock,2026-08-04,2026-08-05
TLSA,active,listed_common_stock_with_current_price,NASDAQ,Tiziana Life Sciences Ltd - Common Shares,2026-08-04,2026-08-05
TLSIW,inactive,non_common_stock:nasdaq_non_common_suffix,NASDAQ,"TriSalus Life Sciences, Inc. - Warrant",2026-08-04,2026-08-05
TLYS,active,listed_common_stock_with_current_price,NYSE,"Tilly's, Inc. Common Stock",2026-08-04,2026-08-05
TM,active,listed_common_stock_with_current_price,NYSE,Toyota Motor Corporation Common Stock,2026-08-04,2026-08-05
TMC,active,listed_common_stock_with_current_price,NASDAQ,TMC the metals company Inc. - Common Stock,2026-08-04,2026-08-05
TMCI,active,listed_common_stock_with_current_price,NASDAQ,"Treace Medical Concepts, Inc. - Common Stock",2026-08-04,2026-08-05
TMCWW,inactive,non_common_stock:nasdaq_non_common_suffix,NASDAQ,TMC the metals company Inc. - Warrant,2026-08-04,2026-08-05
TMDX,active,listed_common_stock_with_current_price,NASDAQ,"TransMedics Group, Inc. - Common Stock",2026-08-04,2026-08-05
TME,active,listed_common_stock_with_current_price,NYSE,"Tencent Music Entertainment Group American Depositary Shares, each representing two Class A Ordinary Shares",2026-08-04,2026-08-05
TMHC,inactive,not_in_current_exchange_directories,,,2026-07-23,2026-08-05
TMO,active,listed_common_stock_with_current_price,NYSE,Thermo Fisher Scientific Inc Common Stock,2026-08-04,2026-08-05
TMP,active,listed_common_stock_with_current_price,NYSE American,Tompkins Financial Corporation Common Stock,2026-08-04,2026-08-05
TMQ,active,listed_common_stock_with_current_price,NYSE American,Trilogy Metals Inc. Common Stock,2026-08-04,2026-08-05
TMUS,active,listed_common_stock_with_current_price,NASDAQ,"T-Mobile US, Inc. - Common Stock",2026-08-04,2026-08-05
TNC,active,listed_common_stock_with_current_price,NYSE,Tennant Company Common Stock,2026-08-04,2026-08-05
TNDM,active,listed_common_stock_with_current_price,NASDAQ,"Tandem Diabetes Care, Inc. - Common Stock",2026-08-04,2026-08-05
TNET,active,listed_common_stock_with_current_price,NYSE,"TriNet Group, Inc. Common Stock",2026-08-04,2026-08-05
TNGX,active,listed_common_stock_with_current_price,NASDAQ,"Tango Therapeutics, Inc. - Common Stock",2026-08-04,2026-08-05
TNK,active,listed_common_stock_with_current_price,NYSE,Teekay Tankers Ltd.,2026-08-04,2026-08-05
TNL,active,listed_common_stock_with_current_price,NYSE,Travel   Leisure Co. Common  Stock,2026-08-04,2026-08-05
TNON,active,listed_common_stock_with_current_price,NASDAQ,"Tenon Medical, Inc. - Common Stock",2026-08-04,2026-08-05
TNXP,active,listed_common_stock_with_current_price,NASDAQ,Tonix Pharmaceuticals Holding Corp. - Common Stock,2026-08-04,2026-08-05
TNYA,active,listed_common_stock_with_current_price,NASDAQ,"Tenaya Therapeutics, Inc. - Common Stock",2026-08-04,2026-08-05
TOI,inactive,not_in_current_exchange_directories,,,2026-08-04,2026-08-05
TOIIW,inactive,not_in_current_exchange_directories,,,2026-07-17,2026-08-05
TOL,active,listed_common_stock_with_current_price,NYSE,"Toll Brothers, Inc. Common Stock",2026-08-04,2026-08-05
TOMZ,active,listed_common_stock_with_current_price,NASDAQ,"TOMI Environmental Solutions, Inc. - Common Stock",2026-08-04,2026-08-05
TOON,active,listed_common_stock_with_current_price,NYSE American,"Kartoon Studios, Inc. Common Stock",2026-08-04,2026-08-05
TOP,active,listed_common_stock_with_current_price,NASDAQ,TOP Financial Group Limited - Class A Ordinary Shares,2026-08-04,2026-08-05
TOPS,active,listed_common_stock_with_current_price,NYSE American,"TOP Ships, Inc. Common Stock",2026-08-04,2026-08-05
TOST,active,listed_common_stock_with_current_price,NYSE,"Toast, Inc. Class A Common Stock",2026-08-04,2026-08-05
TOUR,active,listed_common_stock_with_current_price,NASDAQ,Tuniu Corporation - American Depositary Shares,2026-08-04,2026-08-05
TOVX,active,listed_common_stock_with_current_price,NYSE American,"Theriva Biologics, Inc. Common Stock",2026-08-04,2026-08-05
TPB,active,listed_common_stock_with_current_price,NYSE,"Turning Point Brands, Inc. Common Stock",2026-08-04,2026-08-05
TPC,active,listed_common_stock_with_current_price,NYSE,Tutor Perini Corporation Common Stock,2026-08-04,2026-08-05
TPCS,active,listed_common_stock_with_current_price,NASDAQ,TechPrecision Corporation - Common stock,2026-08-04,2026-08-05
TPG,active,listed_common_stock_with_current_price,NASDAQ,TPG Inc. - Class A Common Stock,2026-08-04,2026-08-05
TPH,inactive,not_in_current_exchange_directories,,,2026-05-13,2026-08-05
TPL,active,listed_common_stock_with_current_price,NYSE,Texas Pacific Land Corporation Common Stock,2026-08-04,2026-08-05
TPR,active,listed_common_stock_with_current_price,NYSE,"Tapestry, Inc. Common Stock",2026-08-04,2026-08-05
TPST,active,listed_common_stock_with_current_price,NASDAQ,"Tempest Therapeutics, Inc. - Common Stock",2026-08-04,2026-08-05
TPTA,inactive,not_in_current_exchange_directories,,,2026-06-29,2026-08-05
TPVG,active,listed_common_stock_with_current_price,NYSE,TriplePoint Venture Growth BDC Corp. Common Stock,2026-08-04,2026-08-05
TR,active,listed_common_stock_with_current_price,NYSE,"Tootsie Roll Industries, Inc. Common Stock",2026-08-04,2026-08-05
TRAK,active,listed_common_stock_with_current_price,NYSE,"ReposiTrak, Inc. Common Stock",2026-08-04,2026-08-05
TRAW,active,listed_common_stock_with_current_price,NASDAQ,"Traws Pharma, Inc. - Common Stock",2026-08-04,2026-08-05
TRC,active,listed_common_stock_with_current_price,NYSE,Tejon Ranch Co Common Stock,2026-08-04,2026-08-05
TRDA,active,listed_common_stock_with_current_price,NASDAQ,"Entrada Therapeutics, Inc. - Common Stock",2026-08-04,2026-08-05
TREE,active,listed_common_stock_with_current_price,NASDAQ,"LendingTree, Inc. - Common Stock",2026-08-04,2026-08-05
TREX,active,listed_common_stock_with_current_price,NYSE,"Trex Company, Inc. Common Stock",2026-08-04,2026-08-05
TRGP,active,listed_common_stock_with_current_price,NYSE,"Targa Resources, Inc. Common Stock",2026-08-04,2026-08-05
TRI,active,listed_common_stock_with_current_price,NASDAQ,Thomson Reuters Corp - Common Shares,2026-08-04,2026-08-05
TRIB,active,listed_common_stock_with_current_price,NASDAQ,Trinity Biotech plc - American Depositary Shares,2026-08-04,2026-08-05
TRIN,active,listed_common_stock_with_current_price,NYSE,Trinity Capital Inc. Common Stock,2026-08-04,2026-08-05
TRIP,active,listed_common_stock_with_current_price,NASDAQ,"TripAdvisor, Inc. - Common Stock",2026-08-04,2026-08-05
TRMB,active,listed_common_stock_with_current_price,NASDAQ,Trimble Inc. - Common Stock,2026-08-04,2026-08-05
TRMD,active,listed_common_stock_with_current_price,NASDAQ,TORM plc - Class A Common Stock,2026-08-04,2026-08-05
TRMK,active,listed_common_stock_with_current_price,NASDAQ,Trustmark Corporation - Common Stock,2026-08-04,2026-08-05
TRN,active,listed_common_stock_with_current_price,NYSE,"Trinity Industries, Inc. Common Stock",2026-08-04,2026-08-05
TRNO,active,listed_common_stock_with_current_price,NYSE,Terreno Realty Corporation Common Stock,2026-08-04,2026-08-05
TRNS,active,listed_common_stock_with_current_price,NASDAQ,"Transcat, Inc. - Common Stock",2026-08-04,2026-08-05
TRON,active,listed_common_stock_with_current_price,NASDAQ,Tron Inc. - Common Stock,2026-08-04,2026-08-05
TROO,active,listed_common_stock_with_current_price,NASDAQ,"TROOPS, Inc.  - Ordinary Shares",2026-08-04,2026-08-05
TROW,active,listed_common_stock_with_current_price,NASDAQ,"T. Rowe Price Group, Inc. - Common Stock",2026-08-04,2026-08-05
TROX,active,listed_common_stock_with_current_price,NYSE,Tronox Holdings plc Ordinary Shares (UK),2026-08-04,2026-08-05
TRP,active,listed_common_stock_with_current_price,NYSE,TC Energy Corporation Common Stock,2026-08-04,2026-08-05
TRS,active,listed_common_stock_with_current_price,NASDAQ,TriMas Corporation - Common Stock,2026-08-04,2026-08-05
TRST,active,listed_common_stock_with_current_price,NASDAQ,TrustCo Bank Corp NY - Common Stock,2026-08-04,2026-08-05
TRT,active,listed_common_stock_with_current_price,NYSE American,Trio-Tech International Common Stock,2026-08-04,2026-08-05
TRTX,active,listed_common_stock_with_current_price,NYSE,"TPG RE Finance Trust, Inc. Common Stock",2026-08-04,2026-08-05
TRU,active,listed_common_stock_with_current_price,NYSE,TransUnion Common Stock,2026-08-04,2026-08-05
TRUG,active,listed_common_stock_with_current_price,NASDAQ,"TruGolf Holdings, Inc. - Class A Common Stock",2026-08-04,2026-08-05
TRUP,active,listed_common_stock_with_current_price,NASDAQ,"Trupanion, Inc. - Common Stock",2026-08-04,2026-08-05
TRV,active,listed_common_stock_with_current_price,NYSE,"The Travelers Companies, Inc. Common Stock",2026-08-04,2026-08-05
TRVG,active,listed_common_stock_with_current_price,NASDAQ,trivago N.V. - American Depositary Shares,2026-08-04,2026-08-05
TRVI,active,listed_common_stock_with_current_price,NASDAQ,"Trevi Therapeutics, Inc. - Common Stock",2026-08-04,2026-08-05
TRX,active,listed_common_stock_with_current_price,NYSE American,TRX Gold Corporation Common Stock,2026-08-04,2026-08-05
TS,active,listed_common_stock_with_current_price,NYSE,Tenaris S.A. American Depositary Shares,2026-08-04,2026-08-05
TSAT,active,listed_common_stock_with_current_price,NASDAQ,Telesat Corporation - Class A Common Shares and Class B Variable Voting Shares,2026-08-04,2026-08-05
TSBK,active,listed_common_stock_with_current_price,NASDAQ,"Timberland Bancorp, Inc. - Common Stock",2026-08-04,2026-08-05
TSCO,active,listed_common_stock_with_current_price,NASDAQ,Tractor Supply Company - Common Stock,2026-08-04,2026-08-05
TSEM,active,listed_common_stock_with_current_price,NASDAQ,Tower Semiconductor Ltd. - Ordinary Shares,2026-08-04,2026-08-05
TSHA,active,listed_common_stock_with_current_price,NASDAQ,"Taysha Gene Therapies, Inc. - Common Stock",2026-08-04,2026-08-05
TSLA,active,listed_common_stock_with_current_price,NASDAQ,"Tesla, Inc.  - Common Stock",2026-08-04,2026-08-05
TSLX,active,listed_common_stock_with_current_price,NYSE,"Sixth Street Specialty Lending, Inc. Common Stock",2026-08-04,2026-08-05
TSM,active,listed_common_stock_with_current_price,NYSE,Taiwan Semiconductor Manufacturing Company Ltd.,2026-08-04,2026-08-05
TSN,active,listed_common_stock_with_current_price,NYSE,"Tyson Foods, Inc. Common Stock",2026-08-04,2026-08-05
TSQ,active,listed_common_stock_with_current_price,NYSE,"Townsquare Media, Inc. Class A Common Stock",2026-08-04,2026-08-05
TSSI,active,listed_common_stock_with_current_price,NASDAQ,"TSS, Inc. - Common Stock",2026-08-04,2026-08-05
TT,active,listed_common_stock_with_current_price,NYSE,Trane Technologies plc,2026-08-04,2026-08-05
TTC,active,listed_common_stock_with_current_price,NYSE,Toro Company (The) Common Stock,2026-08-04,2026-08-05
TTD,active,listed_common_stock_with_current_price,NASDAQ,"The Trade Desk, Inc. - Class A Common Stock",2026-08-04,2026-08-05
TTE,active,listed_common_stock_with_current_price,NYSE,TotalEnergies SE Ordinary Shares,2026-08-04,2026-08-05
TTEC,active,listed_common_stock_with_current_price,NASDAQ,"TTEC Holdings, Inc. - Common Stock",2026-08-04,2026-08-05
TTEK,active,listed_common_stock_with_current_price,NASDAQ,"Tetra Tech, Inc. - Common Stock",2026-08-04,2026-08-05
TTGT,active,listed_common_stock_with_current_price,NASDAQ,"TechTarget, Inc. - Common Stock",2026-08-04,2026-08-05
TTI,active,listed_common_stock_with_current_price,NYSE,"Tetra Technologies, Inc. Common Stock",2026-08-04,2026-08-05
TTMI,active,listed_common_stock_with_current_price,NASDAQ,"TTM Technologies, Inc. - Common Stock",2026-08-04,2026-08-05
TTSH,inactive,not_in_current_exchange_directories,,,2026-08-04,2026-08-05
TTWO,active,listed_common_stock_with_current_price,NASDAQ,"Take-Two Interactive Software, Inc. - Common Stock",2026-08-04,2026-08-05
TU,active,listed_common_stock_with_current_price,NYSE,Telus Corporation Ordinary Shares,2026-08-04,2026-08-05
TULP,active,listed_common_stock_with_current_price,NASDAQ,"Bloomia Holdings, Inc. - Common Stock",2026-08-04,2026-08-05
TUSK,active,listed_common_stock_with_current_price,NASDAQ,"Mammoth Energy Services, Inc. - Common Stock",2026-08-04,2026-08-05
TUYA,active,listed_common_stock_with_current_price,NYSE,"Tuya Inc. American Depositary Shares, each representing one Class A Ordinary Share",2026-08-04,2026-08-05
TV,active,listed_common_stock_with_current_price,NYSE,Grupo Televisa S.A.B. Common Stock,2026-08-04,2026-08-05
TVC,active,listed_common_stock_with_current_price,NYSE,Tennessee Valley Authority Common Stock,2026-08-04,2026-08-05
TVE,active,listed_common_stock_with_current_price,NYSE,Tennessee Valley Authority,2026-08-04,2026-08-05
TVGNW,inactive,non_common_stock:nasdaq_non_common_suffix,NASDAQ,Tevogen Inc. - Warrant,2026-08-04,2026-08-05
TVRD,active,listed_common_stock_with_current_price,NASDAQ,"Tvardi Therapeutics, Inc. - Common Stock",2026-08-04,2026-08-05
TVTX,active,listed_common_stock_with_current_price,NASDAQ,"Travere Therapeutics, Inc. - Common Stock",2026-08-04,2026-08-05
TW,active,listed_common_stock_with_current_price,NASDAQ,Tradeweb Markets Inc. - Class A Common Stock,2026-08-04,2026-08-05
TWAV,active,listed_common_stock_with_current_price,NASDAQ,"TaoWeave, Inc. - Common Stock",2026-08-04,2026-08-05
TWI,active,listed_common_stock_with_current_price,NYSE,"Titan International, Inc. (DE) Common Stock",2026-08-04,2026-08-05
TWIN,active,listed_common_stock_with_current_price,NASDAQ,"Twin Disc, Incorporated - Common Stock",2026-08-04,2026-08-05
TWLO,active,listed_common_stock_with_current_price,NYSE,Twilio Inc. Class A Common Stock,2026-08-04,2026-08-05
TWO,active,listed_common_stock_with_current_price,NYSE,Two Harbors Investment Corp,2026-08-04,2026-08-05
TWST,active,listed_common_stock_with_current_price,NASDAQ,Twist Bioscience Corporation - Common Stock,2026-08-04,2026-08-05
TX,active,listed_common_stock_with_current_price,NYSE,"Ternium S.A. Ternium S.A. American Depositary Shares (each representing ten shares, USD1.00 par value)",2026-08-04,2026-08-05
TXG,active,listed_common_stock_with_current_price,NASDAQ,"10x Genomics, Inc. - Common Stock",2026-08-04,2026-08-05
TXMD,active,listed_common_stock_with_current_price,NASDAQ,"TherapeuticsMD, Inc. - Common Stock",2026-08-04,2026-08-05
TXN,active,listed_common_stock_with_current_price,NASDAQ,Texas Instruments Incorporated - Common Stock,2026-08-04,2026-08-05
TXNM,active,listed_common_stock_with_current_price,NYSE,"TXNM Energy, Inc. Common Stock",2026-08-04,2026-08-05
TXRH,active,listed_common_stock_with_current_price,NASDAQ,"Texas Roadhouse, Inc. - Common Stock",2026-08-04,2026-08-05
TXT,active,listed_common_stock_with_current_price,NYSE,Textron Inc. Common Stock,2026-08-04,2026-08-05
TYGO,active,listed_common_stock_with_current_price,NASDAQ,"Tigo Energy, Inc. - Common Stock",2026-08-04,2026-08-05
TYL,active,listed_common_stock_with_current_price,NYSE,"Tyler Technologies, Inc. Common Stock",2026-08-04,2026-08-05
TYRA,active,listed_common_stock_with_current_price,NASDAQ,"Tyra Biosciences, Inc. - Common Stock",2026-08-04,2026-08-05
TZOO,active,listed_common_stock_with_current_price,NASDAQ,Travelzoo - Common Stock,2026-08-04,2026-08-05
U,active,listed_common_stock_with_current_price,NYSE,Unity Software Inc. Common Stock,2026-08-04,2026-08-05
UA,active,listed_common_stock_with_current_price,NYSE,"Under Armour, Inc. Class C Common Stock",2026-08-04,2026-08-05
UAA,active,listed_common_stock_with_current_price,NYSE,"Under Armour, Inc. Class A Common Stock",2026-08-04,2026-08-05
UAL,active,listed_common_stock_with_current_price,NASDAQ,"United Airlines Holdings, Inc. - Common Stock",2026-08-04,2026-08-05
UAMY,active,listed_common_stock_with_current_price,NYSE,United States Antimony Corporation Common Stock,2026-08-04,2026-08-05
UAN,inactive,non_common_stock:obvious_non_common_title,NYSE,"CVR Partners, LP Common Units representing Limited Partner Interests",2026-08-04,2026-08-05
UAVS,active,listed_common_stock_with_current_price,NYSE American,"AgEagle Aerial Systems, Inc. Common Stock",2026-08-04,2026-08-05
UBCP,active,listed_common_stock_with_current_price,NASDAQ,"United Bancorp, Inc. - Common Stock",2026-08-04,2026-08-05
UBER,active,listed_common_stock_with_current_price,NYSE,"Uber Technologies, Inc. Common Stock",2026-08-04,2026-08-05
UBFO,inactive,not_in_current_exchange_directories,,,2026-04-01,2026-08-05
UBS,active,listed_common_stock_with_current_price,NYSE,UBS Group AG Registered Ordinary Shares,2026-08-04,2026-08-05
UBSI,active,listed_common_stock_with_current_price,NASDAQ,"United Bankshares, Inc. - Common Stock",2026-08-04,2026-08-05
UCB,active,listed_common_stock_with_current_price,NYSE,"United Community Banks, Inc. Common Stock",2026-08-04,2026-08-05
UCL,active,listed_common_stock_with_current_price,NASDAQ,uCloudlink Group Inc. - American Depositary Shares,2026-08-04,2026-08-05
UCTT,active,listed_common_stock_with_current_price,NASDAQ,"Ultra Clean Holdings, Inc. - Common Stock",2026-08-04,2026-08-05
UDMY,inactive,not_in_current_exchange_directories,,,2026-05-11,2026-08-05
UDR,active,listed_common_stock_with_current_price,NYSE,"UDR, Inc. Common Stock",2026-08-04,2026-08-05
UE,active,listed_common_stock_with_current_price,NYSE,Urban Edge Properties Common Shares of Beneficial Interest,2026-08-04,2026-08-05
UEC,active,listed_common_stock_with_current_price,NYSE American,Uranium Energy Corp. Common Stock,2026-08-04,2026-08-05
UEIC,active,listed_common_stock_with_current_price,NASDAQ,Universal Electronics Inc. - Common Stock,2026-08-04,2026-08-05
UFCS,active,listed_common_stock_with_current_price,NASDAQ,"United Fire Group, Inc - Common Stock",2026-08-04,2026-08-05
UFI,active,listed_common_stock_with_current_price,NYSE,"Unifi, Inc. New Common Stock",2026-08-04,2026-08-05
UFPI,active,listed_common_stock_with_current_price,NASDAQ,"UFP Industries, Inc. - Common Stock",2026-08-04,2026-08-05
UFPT,active,listed_common_stock_with_current_price,NASDAQ,"UFP Technologies, Inc. - Common Stock",2026-08-04,2026-08-05
UG,active,listed_common_stock_with_current_price,NASDAQ,"United-Guardian, Inc. - Common Stock",2026-08-04,2026-08-05
UGI,active,listed_common_stock_with_current_price,NYSE,UGI Corporation Common Stock,2026-08-04,2026-08-05
UGP,active,listed_common_stock_with_current_price,NYSE,Ultrapar Participacoes S.A. (New) American Depositary Shares (Each representing one Common Share),2026-08-04,2026-08-05
UGRO,inactive,not_in_current_exchange_directories,,,2026-07-17,2026-08-05
UHAL,active,listed_common_stock_with_current_price,NYSE,U-Haul Holding Company Common Stock,2026-08-04,2026-08-05
UHAL-B,active,listed_common_stock_with_current_price,NYSE,U-Haul Holding Company Series N Non-Voting Common Stock,2026-08-04,2026-08-05
UHG,inactive,not_in_current_exchange_directories,,,2026-05-04,2026-08-05
UHGWW,inactive,not_in_current_exchange_directories,,,2026-05-04,2026-08-05
UHS,active,listed_common_stock_with_current_price,NYSE,"Universal Health Services, Inc. Common Stock",2026-08-04,2026-08-05
UHT,active,listed_common_stock_with_current_price,NYSE,Universal Health Realty Income Trust Common Stock,2026-08-04,2026-08-05
UI,active,listed_common_stock_with_current_price,NYSE,Ubiquiti Inc. Common Stock,2026-08-04,2026-08-05
UIS,active,listed_common_stock_with_current_price,NYSE,Unisys Corporation New Common Stock,2026-08-04,2026-08-05
UK,active,listed_common_stock_with_current_price,NASDAQ,Ucommune International Ltd  - Class A Ordinary Shares,2026-08-04,2026-08-05
UL,active,listed_common_stock_with_current_price,NYSE,Unilever PLC American Depositary Shares (each representing One Ordinary Share),2026-08-04,2026-08-05
ULBI,active,listed_common_stock_with_current_price,NASDAQ,Ultralife Corporation - Common Stock,2026-08-04,2026-08-05
ULCC,active,listed_common_stock_with_current_price,NASDAQ,"Frontier Group Holdings, Inc. - Common Stock",2026-08-04,2026-08-05
ULH,active,listed_common_stock_with_current_price,NASDAQ,"Universal Logistics Holdings, Inc. - Common Stock",2026-08-04,2026-08-05
ULTA,active,listed_common_stock_with_current_price,NASDAQ,"Ulta Beauty, Inc. - Common Stock",2026-08-04,2026-08-05
UMBF,active,listed_common_stock_with_current_price,NASDAQ,UMB Financial Corporation - Common Stock,2026-08-04,2026-08-05
UMC,active,listed_common_stock_with_current_price,NYSE,United Microelectronics Corporation (NEW) Common Stock,2026-08-04,2026-08-05
UMH,active,listed_common_stock_with_current_price,NYSE,"UMH Properties, Inc. Common Stock",2026-08-04,2026-08-05
UNB,active,listed_common_stock_with_current_price,NASDAQ,"Union Bankshares, Inc. - Common Stock",2026-08-04,2026-08-05
UNCY,active,listed_common_stock_with_current_price,NASDAQ,"Unicycive Therapeutics, Inc. - Common Stock",2026-08-04,2026-08-05
UNF,active,listed_common_stock_with_current_price,NYSE,Unifirst Corporation Common Stock,2026-08-04,2026-08-05
UNFI,active,listed_common_stock_with_current_price,NYSE,"United Natural Foods, Inc. Common Stock",2026-08-04,2026-08-05
UNH,active,listed_common_stock_with_current_price,NYSE,UnitedHealth Group Incorporated Common Stock (DE),2026-08-04,2026-08-05
UNIT,active,listed_common_stock_with_current_price,NASDAQ,Uniti Group Inc. - Common Stock,2026-08-04,2026-08-05
UNM,active,listed_common_stock_with_current_price,NYSE,Unum Group Common Stock,2026-08-04,2026-08-05
UNMA,inactive,non_common_stock:obvious_non_common_title,NYSE,Unum Group 6.250% Junior Subordinated Notes due 2058,2026-08-04,2026-08-05
UNP,active,listed_common_stock_with_current_price,NYSE,Union Pacific Corporation Common Stock,2026-08-04,2026-08-05
UNTY,active,listed_common_stock_with_current_price,NASDAQ,"Unity Bancorp, Inc. - Common Stock",2026-08-04,2026-08-05
UOKA,inactive,not_in_current_exchange_directories,,,2026-05-20,2026-08-05
UONE,active,listed_common_stock_with_current_price,NASDAQ,"Urban One, Inc.  - Class A Common Stock",2026-08-04,2026-08-05
UONEK,active,listed_common_stock_with_current_price,NASDAQ,"Urban One, Inc.  - Class D Common Stock",2026-08-04,2026-08-05
UP,active,listed_common_stock_with_current_price,NYSE,Wheels Up Experience Inc. Class A Common Stock,2026-08-04,2026-08-05
UPBD,active,listed_common_stock_with_current_price,NASDAQ,"Upbound Group, Inc. - Common Stock",2026-08-04,2026-08-05
UPC,active,listed_common_stock_with_current_price,NASDAQ,Universe Pharmaceuticals Inc - Class A Ordinary Shares,2026-08-04,2026-08-05
UPLD,active,listed_common_stock_with_current_price,NASDAQ,"Upland Software, Inc. - Common Stock",2026-08-04,2026-08-05
UPS,active,listed_common_stock_with_current_price,NYSE,"United Parcel Service, Inc. Common Stock",2026-08-04,2026-08-05
UPST,active,listed_common_stock_with_current_price,NASDAQ,"Upstart Holdings, Inc. - Common stock",2026-08-04,2026-08-05
UPWK,active,listed_common_stock_with_current_price,NASDAQ,Upwork Inc. - Common Stock,2026-08-04,2026-08-05
UPXI,active,listed_common_stock_with_current_price,NASDAQ,"Upexi, Inc. - Common Stock",2026-08-04,2026-08-05
URBN,active,listed_common_stock_with_current_price,NASDAQ,"Urban Outfitters, Inc. - Common Stock",2026-08-04,2026-08-05
URG,active,listed_common_stock_with_current_price,NYSE American,Ur Energy Inc Common Shares (Canada),2026-08-04,2026-08-05
URGN,active,listed_common_stock_with_current_price,NASDAQ,UroGen Pharma Ltd. - Ordinary Shares,2026-08-04,2026-08-05
URI,active,listed_common_stock_with_current_price,NYSE,"United Rentals, Inc. Common Stock",2026-08-04,2026-08-05
USAC,inactive,non_common_stock:obvious_non_common_title,NYSE,"USA Compression Partners, LP Common Units Representing Limited Partner Interests",2026-08-04,2026-08-05
USAS,active,listed_common_stock_with_current_price,NYSE American,"Americas Gold and Silver Corporation Common Shares, no par value",2026-08-04,2026-08-05
USAU,active,listed_common_stock_with_current_price,NASDAQ,U.S. Gold Corp. - Common Stock,2026-08-04,2026-08-05
USB,active,listed_common_stock_with_current_price,NYSE,U.S. Bancorp Common Stock,2026-08-04,2026-08-05
USBC,active,listed_common_stock_with_current_price,NYSE American,"USBC, Inc. Common Stock",2026-08-04,2026-08-05
USCB,active,listed_common_stock_with_current_price,NASDAQ,"USCB Financial Holdings, Inc.  - Class A Common Stock",2026-08-04,2026-08-05
USEA,active,listed_common_stock_with_current_price,NASDAQ,United Maritime Corporation - Common Stock,2026-08-04,2026-08-05
USEG,inactive,not_in_current_exchange_directories,,,2026-07-17,2026-08-05
USFD,active,listed_common_stock_with_current_price,NYSE,US Foods Holding Corp. Common Stock,2026-08-04,2026-08-05
USIO,active,listed_common_stock_with_current_price,NASDAQ,"Usio, Inc. - Common Stock",2026-08-04,2026-08-05
USLM,active,listed_common_stock_with_current_price,NASDAQ,"United States Lime & Minerals, Inc. - Common Stock",2026-08-04,2026-08-05
USNA,active,listed_common_stock_with_current_price,NYSE,"USANA Health Sciences, Inc. Common Stock",2026-08-04,2026-08-05
USPH,active,listed_common_stock_with_current_price,NYSE,"U.S. Physical Therapy, Inc. Common Stock",2026-08-04,2026-08-05
UTHR,active,listed_common_stock_with_current_price,NASDAQ,United Therapeutics Corporation - Common Stock,2026-08-04,2026-08-05
UTI,active,listed_common_stock_with_current_price,NYSE,Universal Technical Institute Inc Common Stock,2026-08-04,2026-08-05
UTL,active,listed_common_stock_with_current_price,NYSE,UNITIL Corporation Common Stock,2026-08-04,2026-08-05
UTMD,active,listed_common_stock_with_current_price,NASDAQ,"Utah Medical Products, Inc. - Common Stock",2026-08-04,2026-08-05
UTSI,active,listed_common_stock_with_current_price,NASDAQ,UTStarcom Holdings Corp - Ordinary Shares,2026-08-04,2026-08-05
UTZ,active,listed_common_stock_with_current_price,NYSE,Utz Brands Inc Class A Common Stock,2026-08-04,2026-08-05
UUU,active,listed_common_stock_with_current_price,NYSE American,"Universal Safety Products, Inc. Common Stock",2026-08-04,2026-08-05
UUUU,active,listed_common_stock_with_current_price,NYSE American,Energy Fuels Inc Ordinary Shares (Canada),2026-08-04,2026-08-05
UVE,active,listed_common_stock_with_current_price,NYSE,UNIVERSAL INSURANCE HOLDINGS INC Common Stock,2026-08-04,2026-08-05
UVSP,active,listed_common_stock_with_current_price,NASDAQ,Univest Financial Corporation - Common Stock,2026-08-04,2026-08-05
UVV,active,listed_common_stock_with_current_price,NYSE,Universal Corporation Common Stock,2026-08-04,2026-08-05
UWMC,active,listed_common_stock_with_current_price,NYSE,UWM Holdings Corporation Class A Common Stock,2026-08-04,2026-08-05
UXIN,active,listed_common_stock_with_current_price,NASDAQ,Uxin Limited - American Depositary Shares,2026-08-04,2026-08-05
UZD,inactive,non_common_stock:obvious_non_common_title,NYSE,"Array Digital Infrastructure, Inc. 6.250% Senior Notes due 2069",2026-08-04,2026-08-05
UZE,inactive,non_common_stock:obvious_non_common_title,NYSE,"Array Digital Infrastructure, Inc. 5.500% Senior Notes due 2070",2026-08-04,2026-08-05
UZF,inactive,non_common_stock:obvious_non_common_title,NYSE,"Array Digital Infrastructure, Inc. 5.500% Senior Notes due 2070",2026-08-04,2026-08-05
V,active,listed_common_stock_with_current_price,NYSE,Visa Inc.,2026-08-04,2026-08-05
VABK,active,listed_common_stock_with_current_price,NASDAQ,Virginia National Bankshares Corporation - Common Stock,2026-08-04,2026-08-05
VAC,active,listed_common_stock_with_current_price,NYSE,Marriott Vacations Worldwide Corporation Common Stock,2026-08-04,2026-08-05
VAL,active,listed_common_stock_with_current_price,NYSE,Valaris Limited Common Shares,2026-08-04,2026-08-05
VALE,active,listed_common_stock_with_current_price,NYSE,VALE S.A.  American Depositary Shares Each Representing one common share,2026-08-04,2026-08-05
VALN,active,listed_common_stock_with_current_price,NASDAQ,Valneva SE - American Depositary Shares,2026-08-04,2026-08-05
VALU,active,listed_common_stock_with_current_price,NASDAQ,"Value Line, Inc. - Common Stock",2026-08-04,2026-08-05
VANI,active,listed_common_stock_with_current_price,NASDAQ,"Vivani Medical, Inc.  - Common Stock",2026-08-04,2026-08-05
VATE,active,listed_common_stock_with_current_price,NYSE,INNOVATE Corp. Common Stock,2026-08-04,2026-08-05
VBNK,active,listed_common_stock_with_current_price,NASDAQ,VersaBank - Common Shares,2026-08-04,2026-08-05
VC,active,listed_common_stock_with_current_price,NASDAQ,Visteon Corporation - Common Stock,2026-08-04,2026-08-05
VCEL,active,listed_common_stock_with_current_price,NASDAQ,Vericel Corporation - Common Stock,2026-08-04,2026-08-05
VCTR,active,listed_common_stock_with_current_price,NASDAQ,"Victory Capital Holdings, Inc. - Common Stock",2026-08-04,2026-08-05
VCYT,active,listed_common_stock_with_current_price,NASDAQ,"Veracyte, Inc. - Common Stock",2026-08-04,2026-08-05
VECO,active,listed_common_stock_with_current_price,NASDAQ,Veeco Instruments Inc. - Common Stock,2026-08-04,2026-08-05
VEEE,active,listed_common_stock_with_current_price,NASDAQ,Twin Vee PowerCats Co. - Common Stock,2026-08-04,2026-08-05
VEEV,active,listed_common_stock_with_current_price,NYSE,Veeva Systems Inc. Class A Common Stock,2026-08-04,2026-08-05
VEL,active,listed_common_stock_with_current_price,NYSE,"Velocity Financial, Inc. Common Stock",2026-08-04,2026-08-05
VELO,active,listed_common_stock_with_current_price,NASDAQ,"Velo3D, Inc. - Common stock",2026-08-04,2026-08-05
VEON,active,listed_common_stock_with_current_price,NASDAQ,VEON Ltd. - American Depositary Shares,2026-08-04,2026-08-05
VERA,active,listed_common_stock_with_current_price,NASDAQ,"Vera Therapeutics, Inc. - Class A Common Stock",2026-08-04,2026-08-05
VERI,active,listed_common_stock_with_current_price,NASDAQ,"Veritone, Inc. - Common Stock",2026-08-04,2026-08-05
VERO,inactive,not_in_current_exchange_directories,,,2026-04-06,2026-08-05
VERU,active,listed_common_stock_with_current_price,NASDAQ,Veru Inc. - Common Stock,2026-08-04,2026-08-05
VERX,active,listed_common_stock_with_current_price,NASDAQ,"Vertex, Inc. - Class A Common Stock",2026-08-04,2026-08-05
VET,active,listed_common_stock_with_current_price,NYSE,Vermilion Energy Inc. Common (Canada),2026-08-04,2026-08-05
VFC,active,listed_common_stock_with_current_price,NYSE,V.F. Corporation Common Stock,2026-08-04,2026-08-05
VFF,active,listed_common_stock_with_current_price,NASDAQ,"Village Farms International, Inc. - Common Shares",2026-08-04,2026-08-05
VFS,active,listed_common_stock_with_current_price,NASDAQ,VinFast Auto Ltd. - Ordinary Shares,2026-08-04,2026-08-05
VG,active,listed_common_stock_with_current_price,NYSE,"Venture Global, Inc. Class A common stock",2026-08-04,2026-08-05
VGAS,active,listed_common_stock_with_current_price,NASDAQ,"Verde Clean Fuels, Inc. - Class A Common Stock",2026-08-04,2026-08-05
VGASW,inactive,non_common_stock:nasdaq_non_common_suffix,NASDAQ,"Verde Clean Fuels, Inc. - Warrant",2026-08-04,2026-08-05
VGZ,active,listed_common_stock_with_current_price,NYSE American,Vista Gold Corp Common Stock,2026-08-04,2026-08-05
VHC,active,listed_common_stock_with_current_price,NASDAQ,VirnetX Holding Corp - Common Stock,2026-08-04,2026-08-05
VHI,active,listed_common_stock_with_current_price,NYSE,"Valhi, Inc. Common Stock",2026-08-04,2026-08-05
VIA,active,listed_common_stock_with_current_price,NYSE,"Via Transportation, Inc. Class A Common Stock",2026-08-04,2026-08-05
VIASP,inactive,not_in_current_exchange_directories,,,2026-07-09,2026-08-05
VIAV,active,listed_common_stock_with_current_price,NASDAQ,Viavi Solutions Inc. - Common Stock,2026-08-04,2026-08-05
VICI,active,listed_common_stock_with_current_price,NYSE,VICI Properties Inc. Common Stock,2026-08-04,2026-08-05
VICR,active,listed_common_stock_with_current_price,NASDAQ,Vicor Corporation - Common Stock,2026-08-04,2026-08-05
VINP,active,listed_common_stock_with_current_price,NASDAQ,Vinci Compass Investments Ltd. - Class A Common Shares,2026-08-04,2026-08-05
VIOT,active,listed_common_stock_with_current_price,NASDAQ,"Viomi Technology Co., Ltd - American Depositary Shares",2026-08-04,2026-08-05
VIPS,active,listed_common_stock_with_current_price,NYSE,"Vipshop Holdings Limited American Depositary Shares, each representing two ordinary shares",2026-08-04,2026-08-05
VIR,active,listed_common_stock_with_current_price,NASDAQ,"Vir Biotechnology, Inc. - Common Stock",2026-08-04,2026-08-05
VIRC,active,listed_common_stock_with_current_price,NASDAQ,Virco Manufacturing Corporation - Common Stock,2026-08-04,2026-08-05
VIRT,active,listed_common_stock_with_current_price,NYSE,"Virtu Financial, Inc. Class A Common Stock",2026-08-04,2026-08-05
VISN,active,listed_common_stock_with_current_price,NASDAQ,"Vistance Networks, Inc.  - Common Stock",2026-08-04,2026-08-05
VIST,active,listed_common_stock_with_current_price,NYSE,"Vista Energy S.A.B. de C.V. American Depositary Shares, each representing one series A share, with no par value",2026-08-04,2026-08-05
VITL,active,listed_common_stock_with_current_price,NASDAQ,"Vital Farms, Inc. - Common Stock",2026-08-04,2026-08-05
VIV,active,listed_common_stock_with_current_price,NYSE,Telefonica Brasil S.A. American Depositary Shares (Each representing One Common Share),2026-08-04,2026-08-05
VIVKD,inactive,not_in_current_exchange_directories,,,2026-06-26,2026-08-05
VIVO,active,listed_common_stock_with_current_price,NASDAQ,VivoPower PLC - Class A Ordinary Shares,2026-08-04,2026-08-05
VIVS,active,listed_common_stock_with_current_price,NASDAQ,"VivoSim Labs, Inc. - Common Stock",2026-08-04,2026-08-05
VKTX,active,listed_common_stock_with_current_price,NASDAQ,"Viking Therapeutics, Inc. - Common Stock",2026-08-04,2026-08-05
VLGEA,active,listed_common_stock_with_current_price,NASDAQ,"Village Super Market, Inc. - Class A Common Stock",2026-08-04,2026-08-05
VLN,active,listed_common_stock_with_current_price,NYSE,Valens Semiconductor Ltd. Ordinary Shares,2026-08-04,2026-08-05
VLO,active,listed_common_stock_with_current_price,NYSE,Valero Energy Corporation Common Stock,2026-08-04,2026-08-05
VLRS,active,listed_common_stock_with_current_price,NYSE,"Controladora Vuela Compania de Aviacion, S.A.B. de C.V. American Depositary Shares, each representing ten (10) Ordinary Participation Certificates",2026-08-04,2026-08-05
VLY,active,listed_common_stock_with_current_price,NASDAQ,Valley National Bancorp - Common Stock,2026-08-04,2026-08-05
VLYPO,inactive,non_common_stock:obvious_non_common_title,NASDAQ,Valley National Bancorp - 5.5% Fixed to Floating Rate Series B Non-Cumulative Perpetual Preferred Stock,2026-08-04,2026-08-05
VLYPP,inactive,non_common_stock:nasdaq_non_common_suffix,NASDAQ,Valley National Bancorp - 6.25% Fixed-to-Floating Rate Series A Non-Cumulative Perpetual Preferred Stock,2026-08-04,2026-08-05
VMAR,active,listed_common_stock_with_current_price,NASDAQ,Vision Marine Technologies Inc. - Common Shares,2026-08-04,2026-08-05
VMC,active,listed_common_stock_with_current_price,NYSE,Vulcan Materials Company (Holding Company) Common Stock,2026-08-04,2026-08-05
VMD,active,listed_common_stock_with_current_price,NASDAQ,"Viemed Healthcare, Inc. - Common Shares",2026-08-04,2026-08-05
VMI,active,listed_common_stock_with_current_price,NYSE,"Valmont Industries, Inc. Common Stock",2026-08-04,2026-08-05
VNCE,active,listed_common_stock_with_current_price,NASDAQ,Vince Holding Corp. - Common Stock,2026-08-04,2026-08-05
VNDA,active,listed_common_stock_with_current_price,NASDAQ,Vanda Pharmaceuticals Inc. - Common Stock,2026-08-04,2026-08-05
VNET,active,listed_common_stock_with_current_price,NASDAQ,"VNET Group, Inc. - American Depositary Shares",2026-08-04,2026-08-05
VNO,active,listed_common_stock_with_current_price,NYSE,Vornado Realty Trust Common Stock,2026-08-04,2026-08-05
VNOM,active,listed_common_stock_with_current_price,NASDAQ,"Viper Energy, Inc.  - Class A Common Stock",2026-08-04,2026-08-05
VNRX,active,listed_common_stock_with_current_price,NYSE American,VolitionRX Limited Common Stock,2026-08-04,2026-08-05
VNT,active,listed_common_stock_with_current_price,NYSE,Vontier Corporation Common Stock,2026-08-04,2026-08-05
VOC,inactive,non_common_stock:obvious_non_common_title,NYSE,VOC Energy Trust Units of Beneficial Interest,2026-08-04,2026-08-05
VOD,active,listed_common_stock_with_current_price,NASDAQ,Vodafone Group Plc - American Depositary Shares each representing ten Ordinary Shares,2026-08-04,2026-08-05
VOR,active,listed_common_stock_with_current_price,NASDAQ,Vor Biopharma Inc. - Common Stock,2026-08-04,2026-08-05
VOXR,active,listed_common_stock_with_current_price,NASDAQ,Vox Royalty Corp. - common stock,2026-08-04,2026-08-05
VOYA,active,listed_common_stock_with_current_price,NYSE,"Voya Financial, Inc. Common Stock",2026-08-04,2026-08-05
VPG,active,listed_common_stock_with_current_price,NYSE,"Vishay Precision Group, Inc. Common Stock",2026-08-04,2026-08-05
VRA,active,listed_common_stock_with_current_price,NASDAQ,"Vera Bradley, Inc. - Common Stock",2026-08-04,2026-08-05
VRAX,active,listed_common_stock_with_current_price,NASDAQ,Virax Biolabs Group Limited - Ordinary Shares,2026-08-04,2026-08-05
VRCA,active,listed_common_stock_with_current_price,NASDAQ,Verrica Pharmaceuticals Inc. - Common Stock,2026-08-04,2026-08-05
VRDN,active,listed_common_stock_with_current_price,NASDAQ,"Viridian Therapeutics, Inc.  - Common Stock",2026-08-04,2026-08-05
VRE,inactive,not_in_current_exchange_directories,,,2026-05-26,2026-08-05
VREX,active,listed_common_stock_with_current_price,NASDAQ,Varex Imaging Corporation - Common Stock,2026-08-04,2026-08-05
VRME,active,listed_common_stock_with_current_price,NASDAQ,"VerifyMe, Inc. - Common Stock",2026-08-04,2026-08-05
VRNS,active,listed_common_stock_with_current_price,NASDAQ,"Varonis Systems, Inc. - Common Stock",2026-08-04,2026-08-05
VRRM,active,listed_common_stock_with_current_price,NASDAQ,Verra Mobility Corporation - Class A Common Stock,2026-08-04,2026-08-05
VRSK,active,listed_common_stock_with_current_price,NASDAQ,"Verisk Analytics, Inc. - Common Stock",2026-08-04,2026-08-05
VRSN,active,listed_common_stock_with_current_price,NASDAQ,"VeriSign, Inc. - Common Stock",2026-08-04,2026-08-05
VRT,active,listed_common_stock_with_current_price,NYSE,"Vertiv Holdings, LLC Class A Common Stock",2026-08-04,2026-08-05
VRTS,active,listed_common_stock_with_current_price,NYSE,"Virtus Investment Partners, Inc. Common Stock",2026-08-04,2026-08-05
VRTX,active,listed_common_stock_with_current_price,NASDAQ,Vertex Pharmaceuticals Incorporated - Common Stock,2026-08-04,2026-08-05
VS,active,listed_common_stock_with_current_price,NASDAQ,Versus Systems Inc. - Common Stock,2026-08-04,2026-08-05
VSA,active,listed_common_stock_with_current_price,NASDAQ,VisionSys AI Inc. - American Depositary Shares,2026-08-04,2026-08-05
VSAT,active,listed_common_stock_with_current_price,NASDAQ,"ViaSat, Inc. - Common Stock",2026-08-04,2026-08-05
VSCO,inactive,not_in_current_exchange_directories,,,2026-07-17,2026-08-05
VSEC,active,listed_common_stock_with_current_price,NASDAQ,VSE Corporation - Common Stock,2026-08-04,2026-08-05
VSEE,active,listed_common_stock_with_current_price,NASDAQ,"VSee Health, Inc. - Common Stock",2026-08-04,2026-08-05
VSEEW,inactive,non_common_stock:nasdaq_non_common_suffix,NASDAQ,"VSee Health, Inc. - Warrant",2026-07-17,2026-08-05
VSH,active,listed_common_stock_with_current_price,NYSE,"Vishay Intertechnology, Inc. Common Stock",2026-08-04,2026-08-05
VST,active,listed_common_stock_with_current_price,NYSE,Vistra Corp. Common Stock,2026-08-04,2026-08-05
VSTD,inactive,not_in_current_exchange_directories,,,2026-08-04,2026-08-05
VSTM,active,listed_common_stock_with_current_price,NASDAQ,"Verastem, Inc. - Common Stock",2026-08-04,2026-08-05
VTAK,active,listed_common_stock_with_current_price,NYSE American,"Catheter Precision, Inc. Common Stock",2026-08-04,2026-08-05
VTEX,active,listed_common_stock_with_current_price,NYSE,VTEX Class A Common Shares,2026-08-04,2026-08-05
VTGN,active,listed_common_stock_with_current_price,NASDAQ,"Vistagen Therapeutics, Inc. - Common Stock",2026-08-04,2026-08-05
VTOL,active,listed_common_stock_with_current_price,NYSE,"Bristow Group, Inc. Common Stock",2026-08-04,2026-08-05
VTR,active,listed_common_stock_with_current_price,NYSE,"Ventas, Inc. Common Stock",2026-08-04,2026-08-05
VTRS,active,listed_common_stock_with_current_price,NASDAQ,Viatris Inc. - Common Stock,2026-08-04,2026-08-05
VTSI,active,listed_common_stock_with_current_price,NASDAQ,"VirTra, Inc. - Common Stock",2026-08-04,2026-08-05
VTVT,active,listed_common_stock_with_current_price,NASDAQ,vTv Therapeutics Inc. - Class A Common Stock,2026-08-04,2026-08-05
VUZI,active,listed_common_stock_with_current_price,NASDAQ,Vuzix Corporation  - Common Stock,2026-08-04,2026-08-05
VVOS,active,listed_common_stock_with_current_price,NASDAQ,"Vivos Therapeutics, Inc. - Common Stock",2026-08-04,2026-08-05
VVV,active,listed_common_stock_with_current_price,NYSE,Valvoline Inc. Common Stock,2026-08-04,2026-08-05
VVX,active,listed_common_stock_with_current_price,NYSE,"V2X, Inc. Common Stock",2026-08-04,2026-08-05
VXRT,inactive,not_in_current_exchange_directories,,,2026-08-04,2026-08-05
VYGR,active,listed_common_stock_with_current_price,NASDAQ,"Voyager Therapeutics, Inc. - Common Stock",2026-08-04,2026-08-05
VYNE,inactive,not_in_current_exchange_directories,,,2026-07-27,2026-08-05
VYX,active,listed_common_stock_with_current_price,NYSE,NCR Voyix Corporation Common Stock,2026-08-04,2026-08-05
VZ,active,listed_common_stock_with_current_price,NYSE,Verizon Communications Inc. Common Stock,2026-08-04,2026-08-05
VZLA,active,listed_common_stock_with_current_price,NYSE American,Vizsla Silver Corp. Common Shares,2026-08-04,2026-08-05
W,active,listed_common_stock_with_current_price,NYSE,Wayfair Inc. Class A Common Stock,2026-08-04,2026-08-05
WAB,active,listed_common_stock_with_current_price,NYSE,Westinghouse Air Brake Technologies Corporation Common Stock,2026-08-04,2026-08-05
WABC,active,listed_common_stock_with_current_price,NASDAQ,Westamerica Bancorporation - Common Stock,2026-08-04,2026-08-05
WAFD,active,listed_common_stock_with_current_price,NASDAQ,"WaFd, Inc. - Common Stock",2026-08-04,2026-08-05
WAFDP,inactive,non_common_stock:nasdaq_non_common_suffix,NASDAQ,"WaFd, Inc. - Depositary Shares",2026-08-04,2026-08-05
WAFU,active,listed_common_stock_with_current_price,NASDAQ,Wah Fu Education Group Limited - Ordinary Shares,2026-08-04,2026-08-05
WAL,active,listed_common_stock_with_current_price,NYSE,Western Alliance Bancorporation Common Stock (DE),2026-08-04,2026-08-05
WALD,active,listed_common_stock_with_current_price,NASDAQ,Waldencast plc - Class A Ordinary Share,2026-08-04,2026-08-05
WALDW,inactive,non_common_stock:nasdaq_non_common_suffix,NASDAQ,Waldencast plc - Warrant,2026-08-04,2026-08-05
WASH,active,listed_common_stock_with_current_price,NASDAQ,"Washington Trust Bancorp, Inc. - Common Stock",2026-08-04,2026-08-05
WAT,active,listed_common_stock_with_current_price,NYSE,Waters Corporation Common Stock,2026-08-04,2026-08-05
WATT,active,listed_common_stock_with_current_price,NASDAQ,Energous Corporation - Common Stock,2026-08-04,2026-08-05
WAVE,active,listed_common_stock_with_current_price,NASDAQ,Eco Wave Power Global AB (publ) - American Depositary Shares,2026-08-04,2026-08-05
WB,active,listed_common_stock_with_current_price,NASDAQ,Weibo Corporation - American Depositary Shares,2026-08-04,2026-08-05
WBD,active,listed_common_stock_with_current_price,NASDAQ,"Warner Bros. Discovery, Inc. - Series A Common Stock",2026-08-04,2026-08-05
WBS,active,listed_common_stock_with_current_price,NYSE,Webster Financial Corporation Common Stock,2026-08-04,2026-08-05
WBX,active,listed_common_stock_with_current_price,NYSE,Wallbox N.V. Class A Ordinary Shares,2026-08-04,2026-08-05
WCC,active,listed_common_stock_with_current_price,NYSE,"WESCO International, Inc. Common Stock",2026-08-04,2026-08-05
WCN,active,listed_common_stock_with_current_price,NYSE,"Waste Connections, Inc. Common Shares",2026-08-04,2026-08-05
WD,active,listed_common_stock_with_current_price,NYSE,"Walker & Dunlop, Inc Common Stock",2026-08-04,2026-08-05
WDAY,active,listed_common_stock_with_current_price,NASDAQ,"Workday, Inc. - Class A Common Stock",2026-08-04,2026-08-05
WDC,active,listed_common_stock_with_current_price,NASDAQ,Western Digital Corporation - Common Stock,2026-08-04,2026-08-05
WDFC,active,listed_common_stock_with_current_price,NASDAQ,WD-40 Company - Common Stock,2026-08-04,2026-08-05
WDH,inactive,non_common_stock:obvious_non_common_title,NYSE,Waterdrop Inc. American Depositary Shares (each representing the right to receive 10 Class A Ordinary Shares),2026-08-04,2026-08-05
WDI,active,listed_common_stock_with_current_price,NYSE,Western Asset Diversified Income Fund Common Shares of Beneficial Interest,2026-08-04,2026-08-05
WDS,active,listed_common_stock_with_current_price,NYSE,"Woodside Energy Group Limited American Depositary Shares, each representing one Ordinary Share",2026-08-04,2026-08-05
WEAV,active,listed_common_stock_with_current_price,NYSE,"Weave Communications, Inc. Common Stock",2026-08-04,2026-08-05
WEC,active,listed_common_stock_with_current_price,NYSE,"WEC Energy Group, Inc. Common Stock",2026-08-04,2026-08-05
WELL,active,listed_common_stock_with_current_price,NYSE,Welltower Inc. Common Stock,2026-08-04,2026-08-05
WEN,active,listed_common_stock_with_current_price,NASDAQ,Wendy's Company (The) - Common Stock,2026-08-04,2026-08-05
WERN,active,listed_common_stock_with_current_price,NASDAQ,"Werner Enterprises, Inc. - Common Stock",2026-08-04,2026-08-05
WES,inactive,non_common_stock:obvious_non_common_title,NYSE,"Western Midstream Partners, LP Common Units Representing Limited Partner Interests",2026-08-04,2026-08-05
WEST,active,listed_common_stock_with_current_price,NASDAQ,Westrock Coffee Company - Common Stock,2026-08-04,2026-08-05
WEX,active,listed_common_stock_with_current_price,NYSE,WEX Inc. common stock,2026-08-04,2026-08-05
WEYS,active,listed_common_stock_with_current_price,NASDAQ,"Weyco Group, Inc. - Common Stock",2026-08-04,2026-08-05
WF,active,listed_common_stock_with_current_price,NYSE,Woori Financial Group Inc. American Depositary Shares (each representing three (3) shares of Common Stock),2026-08-04,2026-08-05
WFC,active,listed_common_stock_with_current_price,NYSE,Wells Fargo & Company Common Stock,2026-08-04,2026-08-05
WFCF,active,listed_common_stock_with_current_price,NASDAQ,"Where Food Comes From, Inc. - Common Stock",2026-08-04,2026-08-05
WFG,active,listed_common_stock_with_current_price,NYSE,West Fraser Timber Co. Ltd Common stock,2026-08-04,2026-08-05
WFRD,active,listed_common_stock_with_current_price,NASDAQ,Weatherford International plc - Ordinary shares,2026-08-04,2026-08-05
WGO,active,listed_common_stock_with_current_price,NYSE,"Winnebago Industries, Inc. Common Stock",2026-08-04,2026-08-05
WGS,active,listed_common_stock_with_current_price,NASDAQ,GeneDx Holdings Corp. - Class A Common Stock,2026-08-04,2026-08-05
WGSWW,inactive,not_in_current_exchange_directories,,,2026-07-17,2026-08-05
WH,active,listed_common_stock_with_current_price,NYSE,"Wyndham Hotels & Resorts, Inc. Common Stock",2026-08-04,2026-08-05
WHD,active,listed_common_stock_with_current_price,NYSE,"Cactus, Inc. Class A Common Stock",2026-08-04,2026-08-05
WHF,active,listed_common_stock_with_current_price,NASDAQ,"WhiteHorse Finance, Inc. - Closed End Fund",2026-08-04,2026-08-05
WHG,active,listed_common_stock_with_current_price,NYSE,Westwood Holdings Group Inc Common Stock,2026-08-04,2026-08-05
WHLR,active,listed_common_stock_with_current_price,NASDAQ,"Wheeler Real Estate Investment Trust, Inc. - Common Stock",2026-08-04,2026-08-05
WHLRD,inactive,non_common_stock:obvious_non_common_title,NASDAQ,"Wheeler Real Estate Investment Trust, Inc. - Series D Cumulative Preferred Stock",2026-08-04,2026-08-05
WHLRL,inactive,non_common_stock:obvious_non_common_title,NASDAQ,"Wheeler Real Estate Investment Trust, Inc. - 7.00% Senior Subordinated Convertible Notes Due 2031",2026-07-20,2026-08-05
WHLRP,inactive,non_common_stock:nasdaq_non_common_suffix,NASDAQ,"Wheeler Real Estate Investment Trust, Inc. - Series B Preferred Stock",2026-08-04,2026-08-05
WHR,active,listed_common_stock_with_current_price,NYSE,Whirlpool Corporation Common Stock,2026-08-04,2026-08-05
WHWK,active,listed_common_stock_with_current_price,NASDAQ,"Whitehawk Therapeutics, Inc. - Common Stock",2026-08-04,2026-08-05
WILC,active,listed_common_stock_with_current_price,NASDAQ,"G. Willi-Food International,  Ltd. - Ordinary Shares",2026-08-04,2026-08-05
WIMI,active,listed_common_stock_with_current_price,NASDAQ,WiMi Hologram Cloud Inc. - Class B Ordinary Shares,2026-08-04,2026-08-05
WINA,active,listed_common_stock_with_current_price,NASDAQ,Winmark Corporation - Common Stock,2026-08-04,2026-08-05
WING,active,listed_common_stock_with_current_price,NASDAQ,Wingstop Inc. - Common Stock,2026-08-04,2026-08-05
WINT,inactive,not_in_current_exchange_directories,,,2026-08-03,2026-08-05
WIT,active,listed_common_stock_with_current_price,NYSE,Wipro Limited Common Stock,2026-08-04,2026-08-05
WIX,active,listed_common_stock_with_current_price,NASDAQ,Wix.com Ltd. - Ordinary Shares,2026-08-04,2026-08-05
WK,active,listed_common_stock_with_current_price,NYSE,Workiva Inc. Class A Common Stock,2026-08-04,2026-08-05
WKC,active,listed_common_stock_with_current_price,NYSE,World Kinect Corporation Common Stock,2026-08-04,2026-08-05
WKEY,active,listed_common_stock_with_current_price,NASDAQ,WISeKey International Holding Ltd - American Depositary Shares,2026-08-04,2026-08-05
WKHS,active,listed_common_stock_with_current_price,NASDAQ,"Workhorse Group, Inc. - Common Stock",2026-08-04,2026-08-05
WKSP,active,listed_common_stock_with_current_price,NASDAQ,"Worksport, Ltd. - Common Stock",2026-08-04,2026-08-05
WLDN,active,listed_common_stock_with_current_price,NASDAQ,"Willdan Group, Inc. - Common Stock",2026-08-04,2026-08-05
WLDS,active,listed_common_stock_with_current_price,NASDAQ,Wearable Devices Ltd. - Ordinary Share,2026-08-04,2026-08-05
WLDSW,inactive,non_common_stock:nasdaq_non_common_suffix,NASDAQ,Wearable Devices Ltd. - Warrant,2026-07-17,2026-08-05
WLFC,active,listed_common_stock_with_current_price,NASDAQ,Willis Lease Finance Corporation - Common Stock,2026-08-04,2026-08-05
WLK,active,listed_common_stock_with_current_price,NYSE,Westlake Corporation Common Stock,2026-08-04,2026-08-05
WLKP,inactive,non_common_stock:obvious_non_common_title,NYSE,Westlake Chemical Partners LP Common Units representing limited partner interests,2026-08-04,2026-08-05
WLY,active,listed_common_stock_with_current_price,NYSE,"John Wiley & Sons, Inc. Common Stock",2026-08-04,2026-08-05
WLYB,active,listed_common_stock_with_current_price,NYSE,"John Wiley & Sons, Inc. Common Stock",2026-08-04,2026-08-05
WM,active,listed_common_stock_with_current_price,NYSE,"Waste Management, Inc. Common Stock",2026-08-04,2026-08-05
WMB,active,listed_common_stock_with_current_price,NYSE,"Williams Companies, Inc. (The) Common Stock",2026-08-04,2026-08-05
WMG,active,listed_common_stock_with_current_price,NASDAQ,Warner Music Group Corp. - Class A Common Stock,2026-08-04,2026-08-05
WMK,active,listed_common_stock_with_current_price,NYSE,"Weis Markets, Inc. Common Stock",2026-08-04,2026-08-05
WMS,active,listed_common_stock_with_current_price,NYSE,"Advanced Drainage Systems, Inc. Common Stock",2026-08-04,2026-08-05
WMT,active,listed_common_stock_with_current_price,NASDAQ,Walmart Inc. - Common Stock,2026-08-04,2026-08-05
WNC,active,listed_common_stock_with_current_price,NYSE,Wabash National Corporation Common Stock,2026-08-04,2026-08-05
WNEB,active,listed_common_stock_with_current_price,NASDAQ,"Western New England Bancorp, Inc. - Common Stock",2026-08-04,2026-08-05
WNW,active,listed_common_stock_with_current_price,NASDAQ,Meiwu Technology Company Limited - Ordinary Shares,2026-08-04,2026-08-05
WOLF,active,listed_common_stock_with_current_price,NYSE,"Wolfspeed, Inc. Common Stock New",2026-08-04,2026-08-05
WOOF,active,listed_common_stock_with_current_price,NASDAQ,"Petco Health and Wellness Company, Inc. - Class A Common Stock",2026-08-04,2026-08-05
WOR,active,listed_common_stock_with_current_price,NYSE,"Worthington Enterprises, Inc. Common Shares",2026-08-04,2026-08-05
WORX,inactive,not_in_current_exchange_directories,,,2026-08-04,2026-08-05
WPC,active,listed_common_stock_with_current_price,NYSE,W. P. Carey Inc. REIT,2026-08-04,2026-08-05
WPM,active,listed_common_stock_with_current_price,NYSE,Wheaton Precious Metals Corp Common Shares (Canada),2026-08-04,2026-08-05
WPP,active,listed_common_stock_with_current_price,NYSE,WPP plc American Depositary Shares,2026-08-04,2026-08-05
WPRT,active,listed_common_stock_with_current_price,NASDAQ,Westport Fuel Systems Inc - Common Shares,2026-08-04,2026-08-05
WRAP,active,listed_common_stock_with_current_price,NASDAQ,"Wrap Technologies, Inc. - Common Stock",2026-08-04,2026-08-05
WRB,active,listed_common_stock_with_current_price,NYSE,W.R. Berkley Corporation Common Stock,2026-08-04,2026-08-05
WRBY,active,listed_common_stock_with_current_price,NYSE,Warby Parker Inc. Class A Common Stock,2026-08-04,2026-08-05
WRD,active,listed_common_stock_with_current_price,NASDAQ,WeRide Inc. - American Depositary Shares,2026-08-04,2026-08-05
WRLD,active,listed_common_stock_with_current_price,NASDAQ,World Acceptance Corporation - Common Stock,2026-08-04,2026-08-05
WRN,active,listed_common_stock_with_current_price,NYSE American,Western Copper and Gold Corporation Common Stock,2026-08-04,2026-08-05
WSBC,active,listed_common_stock_with_current_price,NASDAQ,"WesBanco, Inc. - Common Stock",2026-08-04,2026-08-05
WSBF,active,listed_common_stock_with_current_price,NASDAQ,"Waterstone Financial, Inc. - Common Stock",2026-08-04,2026-08-05
WSC,active,listed_common_stock_with_current_price,NASDAQ,WillScot Holdings Corporation - Class A Common Stock,2026-08-04,2026-08-05
WSFS,active,listed_common_stock_with_current_price,NASDAQ,WSFS Financial Corporation - Common Stock,2026-08-04,2026-08-05
WSM,active,listed_common_stock_with_current_price,NYSE,"Williams-Sonoma, Inc. Common Stock (DE)",2026-08-04,2026-08-05
WSO,active,listed_common_stock_with_current_price,NYSE,"Watsco, Inc. Common Stock",2026-08-04,2026-08-05
WSO-B,active,listed_common_stock_with_current_price,NYSE,"Watsco, Inc. Class B Common Stock",2026-08-04,2026-08-05
WSR,inactive,not_in_current_exchange_directories,,,2026-07-13,2026-08-05
WST,active,listed_common_stock_with_current_price,NYSE,"West Pharmaceutical Services, Inc. Common Stock",2026-08-04,2026-08-05
WT,active,listed_common_stock_with_current_price,NYSE,"WisdomTree, Inc. Common Stock",2026-08-04,2026-08-05
WTBA,active,listed_common_stock_with_current_price,NASDAQ,West Bancorporation - Common Stock,2026-08-04,2026-08-05
WTFC,active,listed_common_stock_with_current_price,NASDAQ,Wintrust Financial Corporation - Common Stock,2026-08-04,2026-08-05
WTI,active,listed_common_stock_with_current_price,NYSE,"W&T Offshore, Inc. Common Stock",2026-08-04,2026-08-05
WTM,active,listed_common_stock_with_current_price,NYSE,"White Mountains Insurance Group, Ltd. Common Stock",2026-08-04,2026-08-05
WTO,inactive,not_in_current_exchange_directories,,,2026-07-17,2026-08-05
WTRG,active,listed_common_stock_with_current_price,NYSE,"Essential Utilities, Inc. Common Stock",2026-08-04,2026-08-05
WTS,active,listed_common_stock_with_current_price,NYSE,"Watts Water Technologies, Inc. Class A Common Stock",2026-08-04,2026-08-05
WTTR,active,listed_common_stock_with_current_price,NYSE,"Select Water Solutions, Inc. Class A common stock",2026-08-04,2026-08-05
WTW,active,listed_common_stock_with_current_price,NASDAQ,Willis Towers Watson Public Limited Company - Ordinary Shares,2026-08-04,2026-08-05
WU,active,listed_common_stock_with_current_price,NYSE,Western Union Company (The) Common Stock,2026-08-04,2026-08-05
WULF,active,listed_common_stock_with_current_price,NASDAQ,TeraWulf Inc. - Common Stock,2026-08-04,2026-08-05
WVE,active,listed_common_stock_with_current_price,NASDAQ,Wave Life Sciences Ltd. - Ordinary Shares,2026-08-04,2026-08-05
WVVI,active,listed_common_stock_with_current_price,NASDAQ,"Willamette Valley Vineyards, Inc. - Common Stock",2026-08-04,2026-08-05
WVVIP,inactive,non_common_stock:nasdaq_non_common_suffix,NASDAQ,"Willamette Valley Vineyards, Inc. - Series A Redeemable Preferred Stock",2026-08-04,2026-08-05
WW,active,listed_common_stock_with_current_price,NASDAQ,"WW International, Inc.  - Common Stock",2026-08-04,2026-08-05
WWD,active,listed_common_stock_with_current_price,NASDAQ,"Woodward, Inc. - Common Stock",2026-08-04,2026-08-05
WWR,active,listed_common_stock_with_current_price,NYSE American,"Westwater Resources, Inc. Common Stock",2026-08-04,2026-08-05
WWW,active,listed_common_stock_with_current_price,NYSE,"Wolverine World Wide, Inc. Common Stock",2026-08-04,2026-08-05
WY,active,listed_common_stock_with_current_price,NYSE,Weyerhaeuser Company Common Stock,2026-08-04,2026-08-05
WYNN,active,listed_common_stock_with_current_price,NASDAQ,"Wynn Resorts, Limited - Common Stock",2026-08-04,2026-08-05
WYY,active,listed_common_stock_with_current_price,NYSE American,WidePoint Corporation Common Stock,2026-08-04,2026-08-05
XAGE,inactive,not_in_current_exchange_directories,,,2026-08-04,2026-08-05
XAGEW,inactive,not_in_current_exchange_directories,,,2025-10-22,2026-08-05
XAIR,active,listed_common_stock_with_current_price,NASDAQ,"Beyond Air, Inc. - Common Stock",2026-08-04,2026-08-05
XBIO,active,listed_common_stock_with_current_price,NASDAQ,"Xenetic Biosciences, Inc. - Common Stock",2026-08-04,2026-08-05
XBIT,active,listed_common_stock_with_current_price,NASDAQ,XBiotech Inc. - Common Stock,2026-08-04,2026-08-05
XBPEW,inactive,non_common_stock:nasdaq_non_common_suffix,NASDAQ,"XBP Global Holdings, Inc. - Warrant",2026-08-04,2026-08-05
XCUR,active,listed_common_stock_with_current_price,NASDAQ,"Exicure, Inc. - Common Stock",2026-08-04,2026-08-05
XEL,active,listed_common_stock_with_current_price,NASDAQ,Xcel Energy Inc. - Common Stock,2026-08-04,2026-08-05
XELB,active,listed_common_stock_with_current_price,NASDAQ,"Xcel Brands, Inc - Common Stock",2026-08-04,2026-08-05
XENE,active,listed_common_stock_with_current_price,NASDAQ,Xenon Pharmaceuticals Inc. - Common Shares,2026-08-04,2026-08-05
XERS,active,listed_common_stock_with_current_price,NASDAQ,"Xeris Biopharma Holdings, Inc. - Common Stock",2026-08-04,2026-08-05
XFOR,active,listed_common_stock_with_current_price,NASDAQ,"X4 Pharmaceuticals, Inc. - Common Stock",2026-08-04,2026-08-05
XGN,active,listed_common_stock_with_current_price,NASDAQ,Exagen Inc. - Common Stock,2026-08-04,2026-08-05
XHR,active,listed_common_stock_with_current_price,NYSE,"Xenia Hotels & Resorts, Inc. Common Stock",2026-08-04,2026-08-05
XIFR,inactive,non_common_stock:obvious_non_common_title,NYSE,"XPLR Infrastructure, LP Common Units representing limited partner interests",2026-08-04,2026-08-05
XLO,active,listed_common_stock_with_current_price,NASDAQ,"Xilio Therapeutics, Inc. - Common Stock",2026-08-04,2026-08-05
XMTR,active,listed_common_stock_with_current_price,NASDAQ,"Xometry, Inc. - Class A Common Stock",2026-08-04,2026-08-05
XNCR,active,listed_common_stock_with_current_price,NASDAQ,"Xencor, Inc. - Common Stock",2026-08-04,2026-08-05
XNET,active,listed_common_stock_with_current_price,NASDAQ,Xunlei Limited - American Depositary Shares,2026-08-04,2026-08-05
XOM,active,listed_common_stock_with_current_price,NYSE,ExxonMobil Holdings Corporation Common Stock,2026-08-04,2026-08-05
XOMA,inactive,not_in_current_exchange_directories,,,2026-07-21,2026-08-05
XOMAO,inactive,not_in_current_exchange_directories,,,2026-07-21,2026-08-05
XOMAP,inactive,not_in_current_exchange_directories,,,2026-07-21,2026-08-05
XOS,active,listed_common_stock_with_current_price,NASDAQ,"Xos, Inc. - Common Stock",2026-08-04,2026-08-05
XOSWW,inactive,non_common_stock:nasdaq_non_common_suffix,NASDAQ,"Xos, Inc. - Warrants",2026-08-04,2026-08-05
XP,active,listed_common_stock_with_current_price,NASDAQ,XP Inc. - Class A Common Stock,2026-08-04,2026-08-05
XPEL,active,listed_common_stock_with_current_price,NASDAQ,"XPEL, Inc. - Common Stock",2026-08-04,2026-08-05
XPER,active,listed_common_stock_with_current_price,NYSE,Xperi Inc. Common Stock,2026-08-04,2026-08-05
XPEV,active,listed_common_stock_with_current_price,NYSE,"XPeng Inc. American depositary shares, each representing two Class A ordinary shares",2026-08-04,2026-08-05
XPL,active,listed_common_stock_with_current_price,NYSE American,Solitario Resources Corp. Common Stock,2026-08-04,2026-08-05
XPO,active,listed_common_stock_with_current_price,NYSE,"XPO, Inc. Common Stock",2026-08-04,2026-08-05
XPOF,active,listed_common_stock_with_current_price,NYSE,"Xponential Fitness, Inc. Class A Common Stock",2026-08-04,2026-08-05
XPON,active,listed_common_stock_with_current_price,NASDAQ,Expion360 Inc. - Common Stock,2026-08-04,2026-08-05
XPRO,active,listed_common_stock_with_current_price,NYSE,Expro Ltd Ordinary Shares,2026-08-04,2026-08-05
XRAY,active,listed_common_stock_with_current_price,NASDAQ,DENTSPLY SIRONA Inc. - Common Stock,2026-08-04,2026-08-05
XRN,active,listed_common_stock_with_current_price,NYSE,Chiron Real Estate Inc. Common Stock,2026-08-04,2026-08-05
XRTX,active,listed_common_stock_with_current_price,NASDAQ,XORTX Therapeutics Inc. - Common Shares,2026-08-04,2026-08-05
XRX,active,listed_common_stock_with_current_price,NASDAQ,Xerox Holdings Corporation - Common Stock,2026-08-04,2026-08-05
XTKG,inactive,not_in_current_exchange_directories,,,2026-04-15,2026-08-05
XTLB,active,listed_common_stock_with_current_price,NASDAQ,XTL Biopharmaceuticals Ltd. - American Depositary Shares,2026-08-04,2026-08-05
XTNT,active,listed_common_stock_with_current_price,NYSE American,"Xtant Medical Holdings, Inc. Common Stock",2026-08-04,2026-08-05
XWEL,active,listed_common_stock_with_current_price,NASDAQ,"XWELL, Inc. - Common Stock",2026-08-04,2026-08-05
XWIN,inactive,not_in_current_exchange_directories,,,2026-07-02,2026-08-05
XXII,active,listed_common_stock_with_current_price,NASDAQ,"22nd Century Group, Inc - Common Stock",2026-08-04,2026-08-05
XYF,active,listed_common_stock_with_current_price,NYSE,"X Financial American Depositary Shares, each representing six Class A Ordinary Shares",2026-08-04,2026-08-05
XYL,active,listed_common_stock_with_current_price,NYSE,Xylem Inc. Common Stock New,2026-08-04,2026-08-05
XYZ,active,listed_common_stock_with_current_price,NYSE,"Block, Inc. Class A Common Stock,",2026-08-04,2026-08-05
YALA,active,listed_common_stock_with_current_price,NYSE,"Yalla Group Limited American Depositary Shares, each representing one Class A Ordinary Share",2026-08-04,2026-08-05
YCBD,active,listed_common_stock_with_current_price,NYSE American,"cbdMD, Inc. Common Stock",2026-08-04,2026-08-05
YELP,active,listed_common_stock_with_current_price,NYSE,Yelp Inc. Common Stock,2026-08-04,2026-08-05
YETI,active,listed_common_stock_with_current_price,NYSE,"YETI Holdings, Inc. Common Stock",2026-08-04,2026-08-05
YEXT,active,listed_common_stock_with_current_price,NYSE,"Yext, Inc. Common Stock",2026-08-04,2026-08-05
YHGJ,active,listed_common_stock_with_current_price,NASDAQ,Yunhong Green CTI Ltd. - Common Stock,2026-08-04,2026-08-05
YI,active,listed_common_stock_with_current_price,NASDAQ,"111, Inc. - American Depositary Shares",2026-08-04,2026-08-05
YJ,active,listed_common_stock_with_current_price,NASDAQ,Yunji Inc. - American Depository Shares,2026-08-04,2026-08-05
YMM,active,listed_common_stock_with_current_price,NYSE,Full Truck Alliance Co. Ltd. American Depositary Shares (each representing 20 Class A Ordinary Shares),2026-08-04,2026-08-05
YORW,active,listed_common_stock_with_current_price,NASDAQ,The York Water Company - Common Stock,2026-08-04,2026-08-05
YOU,active,listed_common_stock_with_current_price,NYSE,"Clear Secure, Inc. Class A Common Stock",2026-08-04,2026-08-05
YPF,active,listed_common_stock_with_current_price,NYSE,YPF Sociedad Anonima American Depositary Shares,2026-08-04,2026-08-05
YQ,active,listed_common_stock_with_current_price,NASDAQ,17 Education & Technology Group Inc. - American Depositary Shares,2026-08-04,2026-08-05
YRD,active,listed_common_stock_with_current_price,NYSE,"Yiren Digital Ltd. American Depositary Shares, each representing two ordinary shares",2026-08-04,2026-08-05
YSG,active,listed_common_stock_with_current_price,NYSE,"Yatsen Holding Limited American Depositary Shares, each representing twenty (20) Class A Ordinary Shares",2026-08-04,2026-08-05
YTRA,active,listed_common_stock_with_current_price,NASDAQ,"Yatra Online, Inc. - Ordinary Shares",2026-08-04,2026-08-05
YUM,active,listed_common_stock_with_current_price,NYSE,"Yum! Brands, Inc.",2026-08-04,2026-08-05
YUMC,active,listed_common_stock_with_current_price,NYSE,"Yum China Holdings, Inc. Common Stock",2026-08-04,2026-08-05
YYAI,active,listed_common_stock_with_current_price,NASDAQ,AiRWA Inc. - Common Stock,2026-08-04,2026-08-05
Z,active,listed_common_stock_with_current_price,NASDAQ,"Zillow Group, Inc. - Class C Capital Stock",2026-08-04,2026-08-05
ZBH,active,listed_common_stock_with_current_price,NYSE,"Zimmer Biomet Holdings, Inc. Common Stock",2026-08-04,2026-08-05
ZBRA,active,listed_common_stock_with_current_price,NASDAQ,Zebra Technologies Corporation - Class A Common Stock,2026-08-04,2026-08-05
ZCMD,active,listed_common_stock_with_current_price,NASDAQ,Zhongchao Inc. - Class A Ordinary Shares,2026-08-04,2026-08-05
ZD,active,listed_common_stock_with_current_price,NASDAQ,"Ziff Davis, Inc. - Common Stock",2026-08-04,2026-08-05
ZDGE,active,listed_common_stock_with_current_price,NYSE American,"Zedge, Inc. Class B Common Stock",2026-08-04,2026-08-05
ZEO,active,listed_common_stock_with_current_price,NASDAQ,Zeo Energy Corporation - Class A Common Stock,2026-08-04,2026-08-05
ZEOWW,inactive,non_common_stock:nasdaq_non_common_suffix,NASDAQ,Zeo Energy Corporation - Warrants,2026-08-04,2026-08-05
ZEPP,active,listed_common_stock_with_current_price,NYSE,"Zepp Health Corporation American depositary shares, each representing sixteen Class A ordinary shares",2026-08-04,2026-08-05
ZETA,active,listed_common_stock_with_current_price,NYSE,Zeta Global Holdings Corp. Class A Common Stock,2026-08-04,2026-08-05
ZG,active,listed_common_stock_with_current_price,NASDAQ,"Zillow Group, Inc. - Class A Common Stock",2026-08-04,2026-08-05
ZGN,active,listed_common_stock_with_current_price,NYSE,Ermenegildo Zegna N.V. Ordinary Shares,2026-08-04,2026-08-05
ZH,active,listed_common_stock_with_current_price,NYSE,"Zhihu Inc. American Depositary Shares, each representing three (3) Class A Ordinary Shares",2026-08-04,2026-08-05
ZIM,active,listed_common_stock_with_current_price,NYSE,ZIM Integrated Shipping Services Ltd. Ordinary Shares,2026-08-04,2026-08-05
ZION,active,listed_common_stock_with_current_price,NASDAQ,Zions Bancorporation N.A. - Common Stock,2026-08-04,2026-08-05
ZIONP,inactive,non_common_stock:nasdaq_non_common_suffix,NASDAQ,Zions Bancorporation N.A. - Depositary Shares each representing a 1/40th ownership interest in a share of Series A Floating-Rate Non-Cumulative Perpetual Preferred Stock,2026-08-04,2026-08-05
ZIP,active,listed_common_stock_with_current_price,NYSE,"ZipRecruiter, Inc. Class A Common Stock",2026-08-04,2026-08-05
ZIVO,inactive,not_in_current_exchange_directories,,,2026-08-04,2026-08-05
ZKIN,active,listed_common_stock_with_current_price,NASDAQ,"ZK International Group Co., Ltd - Ordinary Share",2026-08-04,2026-08-05
ZLAB,active,listed_common_stock_with_current_price,NASDAQ,Zai Lab Limited - American Depositary Shares,2026-08-04,2026-08-05
ZM,active,listed_common_stock_with_current_price,NASDAQ,"Zoom Communications, Inc. - Class A Common Stock",2026-08-04,2026-08-05
ZNB,active,listed_common_stock_with_current_price,NASDAQ,Zeta Network Group - Class A Ordinary Shares,2026-08-04,2026-08-05
ZNTL,active,listed_common_stock_with_current_price,NASDAQ,"Zentalis Pharmaceuticals, Inc. - common stock",2026-08-04,2026-08-05
ZS,active,listed_common_stock_with_current_price,NASDAQ,"Zscaler, Inc. - Common Stock",2026-08-04,2026-08-05
ZSTK,active,listed_common_stock_with_current_price,NASDAQ,ZeroStack Corp. - Common Stock,2026-08-04,2026-08-05
ZTEK,active,listed_common_stock_with_current_price,NASDAQ,Zentek Ltd. - common stock,2026-08-04,2026-08-05
ZTO,active,listed_common_stock_with_current_price,NYSE,"ZTO Express (Cayman) Inc. American Depositary Shares, each representing one Class A ordinary share.",2026-08-04,2026-08-05
ZTS,active,listed_common_stock_with_current_price,NYSE,Zoetis Inc. Class A Common Stock,2026-08-04,2026-08-05
ZUMZ,active,listed_common_stock_with_current_price,NASDAQ,Zumiez Inc. - Common Stock,2026-08-04,2026-08-05
ZURA,active,listed_common_stock_with_current_price,NASDAQ,Zura Bio Limited - Class A Ordinary shares,2026-08-04,2026-08-05
ZVIA,active,listed_common_stock_with_current_price,NYSE,Zevia PBC Class A Common Stock,2026-08-04,2026-08-05
ZVRA,active,listed_common_stock_with_current_price,NASDAQ,"Zevra Therapeutics, Inc.  - Common Stock",2026-08-04,2026-08-05
ZVSA,inactive,not_in_current_exchange_directories,,,2026-08-04,2026-08-05
ZWS,active,listed_common_stock_with_current_price,NYSE,Zurn Elkay Water Solutions Corporation Common Stock,2026-08-04,2026-08-05
ZYME,active,listed_common_stock_with_current_price,NASDAQ,Zymeworks Inc. - Common Stock,2026-08-04,2026-08-05
ZYXIQ,inactive,not_in_current_exchange_directories,,,2026-03-26,2026-08-05
